{
    "rough_we": {
        "rouge_we_3_p": 0.5660377358490566,
        "rouge_we_3_r": 0.15228426395939088,
        "rouge_we_3_f": 0.24000000000000002
    }
}