{
    "rough_we": {
        "rouge_we_3_p": 0.21084337349397592,
        "rouge_we_3_r": 0.16355140186915887,
        "rouge_we_3_f": 0.18421052631578946
    }
}