{
    "rough_we": {
        "rouge_we_3_p": 0.42857142857142855,
        "rouge_we_3_r": 0.3779527559055118,
        "rouge_we_3_f": 0.401673640167364
    }
}