{
    "rough_we": {
        "rouge_we_3_p": 0.3416666666666667,
        "rouge_we_3_r": 0.2192513368983957,
        "rouge_we_3_f": 0.2671009771986971
    }
}