{
    "rough_we": {
        "rouge_we_3_p": 0.373015873015873,
        "rouge_we_3_r": 0.15614617940199335,
        "rouge_we_3_f": 0.22014051522248243
    }
}