{
    "rough_we": {
        "rouge_we_3_p": 0.4557823129251701,
        "rouge_we_3_r": 0.27125506072874495,
        "rouge_we_3_f": 0.34010152284263956
    }
}