{
    "rough_we": {
        "rouge_we_3_p": 0.34810126582278483,
        "rouge_we_3_r": 0.23404255319148937,
        "rouge_we_3_f": 0.2798982188295165
    }
}