{
    "rough_we": {
        "rouge_we_3_p": 0.375,
        "rouge_we_3_r": 0.1590909090909091,
        "rouge_we_3_f": 0.22340425531914895
    }
}