{
    "rough_we": {
        "rouge_we_3_p": 0.29245283018867924,
        "rouge_we_3_r": 0.14622641509433962,
        "rouge_we_3_f": 0.1949685534591195
    }
}