{
    "rough_we": {
        "rouge_we_3_p": 0.518796992481203,
        "rouge_we_3_r": 0.3026315789473684,
        "rouge_we_3_f": 0.38227146814404434
    }
}