{
    "rough_we": {
        "rouge_we_3_p": 0.35714285714285715,
        "rouge_we_3_r": 0.28708133971291866,
        "rouge_we_3_f": 0.3183023872679045
    }
}