{
    "rough_we": {
        "rouge_we_3_p": 0.2,
        "rouge_we_3_r": 0.13513513513513514,
        "rouge_we_3_f": 0.16129032258064516
    }
}