{
    "rough_we": {
        "rouge_we_3_p": 0.36363636363636365,
        "rouge_we_3_r": 0.16988416988416988,
        "rouge_we_3_f": 0.23157894736842105
    }
}