{
    "rough_we": {
        "rouge_we_3_p": 0.3673469387755102,
        "rouge_we_3_r": 0.11726384364820847,
        "rouge_we_3_f": 0.17777777777777778
    }
}