{
    "rough_we": {
        "rouge_we_3_p": 0.3333333333333333,
        "rouge_we_3_r": 0.1651376146788991,
        "rouge_we_3_f": 0.2208588957055215
    }
}