{
    "rough_we": {
        "rouge_we_3_p": 0.4339622641509434,
        "rouge_we_3_r": 0.20444444444444446,
        "rouge_we_3_f": 0.27794561933534745
    }
}