{
    "rough_we": {
        "rouge_we_3_p": 0.3644067796610169,
        "rouge_we_3_r": 0.16044776119402984,
        "rouge_we_3_f": 0.22279792746113988
    }
}