{
    "rough_we": {
        "rouge_we_3_p": 0.49230769230769234,
        "rouge_we_3_r": 0.23357664233576642,
        "rouge_we_3_f": 0.31683168316831684
    }
}