{
    "rough_we": {
        "rouge_we_3_p": 0.378698224852071,
        "rouge_we_3_r": 0.32989690721649484,
        "rouge_we_3_f": 0.3526170798898071
    }
}