{
    "rough_we": {
        "rouge_we_3_p": 0.3106060606060606,
        "rouge_we_3_r": 0.22043010752688172,
        "rouge_we_3_f": 0.25786163522012584
    }
}