{
    "rough_we": {
        "rouge_we_3_p": 0.34507042253521125,
        "rouge_we_3_r": 0.24019607843137256,
        "rouge_we_3_f": 0.28323699421965315
    }
}