{
    "rough_we": {
        "rouge_we_3_p": 0.49,
        "rouge_we_3_r": 0.23444976076555024,
        "rouge_we_3_f": 0.31715210355987056
    }
}