{
    "rough_we": {
        "rouge_we_3_p": 0.3673469387755102,
        "rouge_we_3_r": 0.2748091603053435,
        "rouge_we_3_f": 0.31441048034934505
    }
}