{
    "rough_we": {
        "rouge_we_3_p": 0.3935483870967742,
        "rouge_we_3_r": 0.291866028708134,
        "rouge_we_3_f": 0.33516483516483514
    }
}