{
    "rough_we": {
        "rouge_we_3_p": 0.5034013605442177,
        "rouge_we_3_r": 0.29838709677419356,
        "rouge_we_3_f": 0.37468354430379747
    }
}