{
    "rough_we": {
        "rouge_we_3_p": 0.3305785123966942,
        "rouge_we_3_r": 0.19900497512437812,
        "rouge_we_3_f": 0.2484472049689441
    }
}