{
    "rough_we": {
        "rouge_we_3_p": 0.34375,
        "rouge_we_3_r": 0.22916666666666666,
        "rouge_we_3_f": 0.27499999999999997
    }
}