{
    "rough_we": {
        "rouge_we_3_p": 0.4536082474226804,
        "rouge_we_3_r": 0.20853080568720378,
        "rouge_we_3_f": 0.2857142857142857
    }
}