{
    "rough_we": {
        "rouge_we_3_p": 0.3177570093457944,
        "rouge_we_3_r": 0.18181818181818182,
        "rouge_we_3_f": 0.23129251700680273
    }
}