{
    "rough_we": {
        "rouge_we_3_p": 0.43703703703703706,
        "rouge_we_3_r": 0.28921568627450983,
        "rouge_we_3_f": 0.3480825958702065
    }
}