{
    "rough_we": {
        "rouge_we_3_p": 0.33076923076923076,
        "rouge_we_3_r": 0.16475095785440613,
        "rouge_we_3_f": 0.21994884910485935
    }
}