{
    "rough_we": {
        "rouge_we_3_p": 0.3333333333333333,
        "rouge_we_3_r": 0.2569832402234637,
        "rouge_we_3_f": 0.2902208201892744
    }
}