{
    "rough_we": {
        "rouge_we_3_p": 0.3006993006993007,
        "rouge_we_3_r": 0.2792207792207792,
        "rouge_we_3_f": 0.2895622895622896
    }
}