{
    "rough_we": {
        "rouge_we_3_p": 0.31521739130434784,
        "rouge_we_3_r": 0.17159763313609466,
        "rouge_we_3_f": 0.22222222222222224
    }
}