{
    "rough_we": {
        "rouge_we_3_p": 0.4462809917355372,
        "rouge_we_3_r": 0.24770642201834864,
        "rouge_we_3_f": 0.3185840707964602
    }
}