{
    "rough_we": {
        "rouge_we_3_p": 0.171875,
        "rouge_we_3_r": 0.125,
        "rouge_we_3_f": 0.14473684210526316
    }
}