{
    "rough_we": {
        "rouge_we_3_p": 0.20909090909090908,
        "rouge_we_3_r": 0.116751269035533,
        "rouge_we_3_f": 0.1498371335504886
    }
}