{
    "rough_we": {
        "rouge_we_3_p": 0.5,
        "rouge_we_3_r": 0.30042918454935624,
        "rouge_we_3_f": 0.3753351206434316
    }
}