{
    "rough_we": {
        "rouge_we_3_p": 0.5126582278481012,
        "rouge_we_3_r": 0.313953488372093,
        "rouge_we_3_f": 0.3894230769230769
    }
}