{
    "rough_we": {
        "rouge_we_3_p": 0.3728813559322034,
        "rouge_we_3_r": 0.17813765182186234,
        "rouge_we_3_f": 0.24109589041095889
    }
}