{
    "rough_we": {
        "rouge_we_3_p": 0.41346153846153844,
        "rouge_we_3_r": 0.16165413533834586,
        "rouge_we_3_f": 0.23243243243243245
    }
}