{
    "rough_we": {
        "rouge_we_3_p": 0.48026315789473684,
        "rouge_we_3_r": 0.30165289256198347,
        "rouge_we_3_f": 0.37055837563451777
    }
}