{
    "rough_we": {
        "rouge_we_3_p": 0.40625,
        "rouge_we_3_r": 0.2653061224489796,
        "rouge_we_3_f": 0.32098765432098764
    }
}