{
    "rough_we": {
        "rouge_we_3_p": 0.376,
        "rouge_we_3_r": 0.24102564102564103,
        "rouge_we_3_f": 0.29374999999999996
    }
}