{
    "rough_we": {
        "rouge_we_3_p": 0.5826086956521739,
        "rouge_we_3_r": 0.22185430463576158,
        "rouge_we_3_f": 0.3213429256594724
    }
}