{
    "rough_we": {
        "rouge_we_3_p": 0.26605504587155965,
        "rouge_we_3_r": 0.10175438596491228,
        "rouge_we_3_f": 0.1472081218274112
    }
}