{
    "rough_we": {
        "rouge_we_3_p": 0.3235294117647059,
        "rouge_we_3_r": 0.3142857142857143,
        "rouge_we_3_f": 0.31884057971014496
    }
}