{
    "rough_we": {
        "rouge_we_3_p": 0.4634146341463415,
        "rouge_we_3_r": 0.1832797427652733,
        "rouge_we_3_f": 0.26267281105990786
    }
}