{
    "rough_we": {
        "rouge_we_3_p": 0.3157894736842105,
        "rouge_we_3_r": 0.14046822742474915,
        "rouge_we_3_f": 0.19444444444444442
    }
}