{
    "rough_we": {
        "rouge_we_3_p": 0.2967032967032967,
        "rouge_we_3_r": 0.1875,
        "rouge_we_3_f": 0.2297872340425532
    }
}