{
    "rough_we": {
        "rouge_we_3_p": 0.5819672131147541,
        "rouge_we_3_r": 0.221875,
        "rouge_we_3_f": 0.3212669683257919
    }
}