{
    "rough_we": {
        "rouge_we_3_p": 0.410958904109589,
        "rouge_we_3_r": 0.35714285714285715,
        "rouge_we_3_f": 0.3821656050955414
    }
}