{
    "rough_we": {
        "rouge_we_3_p": 0.47297297297297297,
        "rouge_we_3_r": 0.2517985611510791,
        "rouge_we_3_f": 0.32863849765258213
    }
}