{
    "rough_we": {
        "rouge_we_3_p": 0.42592592592592593,
        "rouge_we_3_r": 0.215962441314554,
        "rouge_we_3_f": 0.2866043613707165
    }
}