{
    "rough_we": {
        "rouge_we_3_p": 0.4251968503937008,
        "rouge_we_3_r": 0.19494584837545126,
        "rouge_we_3_f": 0.26732673267326734
    }
}