{
    "rough_we": {
        "rouge_we_3_p": 0.24793388429752067,
        "rouge_we_3_r": 0.12658227848101267,
        "rouge_we_3_f": 0.1675977653631285
    }
}