{
    "rough_we": {
        "rouge_we_3_p": 0.5257731958762887,
        "rouge_we_3_r": 0.2361111111111111,
        "rouge_we_3_f": 0.3258785942492013
    }
}