{
    "rough_we": {
        "rouge_we_3_p": 0.3695652173913043,
        "rouge_we_3_r": 0.19615384615384615,
        "rouge_we_3_f": 0.2562814070351759
    }
}