{
    "rough_we": {
        "rouge_we_3_p": 0.48739495798319327,
        "rouge_we_3_r": 0.23293172690763053,
        "rouge_we_3_f": 0.3152173913043478
    }
}