{
    "rough_we": {
        "rouge_we_3_p": 0.40707964601769914,
        "rouge_we_3_r": 0.22885572139303484,
        "rouge_we_3_f": 0.29299363057324845
    }
}