{
    "rough_we": {
        "rouge_we_3_p": 0.39090909090909093,
        "rouge_we_3_r": 0.27044025157232704,
        "rouge_we_3_f": 0.3197026022304833
    }
}