{
    "rough_we": {
        "rouge_we_3_p": 0.5,
        "rouge_we_3_r": 0.26199261992619927,
        "rouge_we_3_f": 0.34382566585956414
    }
}