{
    "rough_we": {
        "rouge_we_3_p": 0.42962962962962964,
        "rouge_we_3_r": 0.26605504587155965,
        "rouge_we_3_f": 0.3286118980169972
    }
}