{
    "rough_we": {
        "rouge_we_3_p": 0.4666666666666667,
        "rouge_we_3_r": 0.22702702702702704,
        "rouge_we_3_f": 0.3054545454545455
    }
}