{
    "rough_we": {
        "rouge_we_3_p": 0.4351851851851852,
        "rouge_we_3_r": 0.1934156378600823,
        "rouge_we_3_f": 0.2678062678062678
    }
}