{
    "rough_we": {
        "rouge_we_3_p": 0.4198473282442748,
        "rouge_we_3_r": 0.1870748299319728,
        "rouge_we_3_f": 0.25882352941176473
    }
}