{
    "rough_we": {
        "rouge_we_3_p": 0.5307692307692308,
        "rouge_we_3_r": 0.22186495176848875,
        "rouge_we_3_f": 0.3129251700680272
    }
}