{
    "rough_we": {
        "rouge_we_3_p": 0.3387096774193548,
        "rouge_we_3_r": 0.134185303514377,
        "rouge_we_3_f": 0.19221967963386724
    }
}