{
    "rough_we": {
        "rouge_we_3_p": 0.24299065420560748,
        "rouge_we_3_r": 0.08666666666666667,
        "rouge_we_3_f": 0.12776412776412777
    }
}