{
    "rough_we": {
        "rouge_we_3_p": 0.43333333333333335,
        "rouge_we_3_r": 0.2708333333333333,
        "rouge_we_3_f": 0.33333333333333337
    }
}