{
    "rough_we": {
        "rouge_we_3_p": 0.37815126050420167,
        "rouge_we_3_r": 0.20454545454545456,
        "rouge_we_3_f": 0.26548672566371684
    }
}