{
    "rough_we": {
        "rouge_we_3_p": 0.2857142857142857,
        "rouge_we_3_r": 0.1111111111111111,
        "rouge_we_3_f": 0.16
    }
}