{
    "rough_we": {
        "rouge_we_3_p": 0.3220338983050847,
        "rouge_we_3_r": 0.2835820895522388,
        "rouge_we_3_f": 0.30158730158730157
    }
}