{
    "rough_we": {
        "rouge_we_3_p": 0.24778761061946902,
        "rouge_we_3_r": 0.13526570048309178,
        "rouge_we_3_f": 0.175
    }
}