{
    "rough_we": {
        "rouge_we_3_p": 0.4827586206896552,
        "rouge_we_3_r": 0.28688524590163933,
        "rouge_we_3_f": 0.3598971722365038
    }
}