{
    "rough_we": {
        "rouge_we_3_p": 0.3671875,
        "rouge_we_3_r": 0.2315270935960591,
        "rouge_we_3_f": 0.28398791540785495
    }
}