{
    "rough_we": {
        "rouge_we_3_p": 0.5982905982905983,
        "rouge_we_3_r": 0.15695067264573992,
        "rouge_we_3_f": 0.24866785079928952
    }
}