{
    "rough_we": {
        "rouge_we_3_p": 0.3490566037735849,
        "rouge_we_3_r": 0.16591928251121077,
        "rouge_we_3_f": 0.22492401215805474
    }
}