{
    "rough_we": {
        "rouge_we_3_p": 0.4864864864864865,
        "rouge_we_3_r": 0.35121951219512193,
        "rouge_we_3_f": 0.40793201133144474
    }
}