{
    "rough_we": {
        "rouge_we_3_p": 0.5755395683453237,
        "rouge_we_3_r": 0.24096385542168675,
        "rouge_we_3_f": 0.33970276008492567
    }
}