{
    "rough_we": {
        "rouge_we_3_p": 0.4264705882352941,
        "rouge_we_3_r": 0.2577777777777778,
        "rouge_we_3_f": 0.3213296398891967
    }
}