{
    "rough_we": {
        "rouge_we_3_p": 0.4260869565217391,
        "rouge_we_3_r": 0.2,
        "rouge_we_3_f": 0.27222222222222225
    }
}