{
    "rough_we": {
        "rouge_we_3_p": 0.4358974358974359,
        "rouge_we_3_r": 0.25888324873096447,
        "rouge_we_3_f": 0.3248407643312102
    }
}