{
    "rough_we": {
        "rouge_we_3_p": 0.3418803418803419,
        "rouge_we_3_r": 0.14925373134328357,
        "rouge_we_3_f": 0.20779220779220778
    }
}