{
    "rough_we": {
        "rouge_we_3_p": 0.47863247863247865,
        "rouge_we_3_r": 0.2074074074074074,
        "rouge_we_3_f": 0.28940568475452194
    }
}