{
    "rough_we": {
        "rouge_we_3_p": 0.5190839694656488,
        "rouge_we_3_r": 0.384180790960452,
        "rouge_we_3_f": 0.44155844155844154
    }
}