{
    "rough_we": {
        "rouge_we_3_p": 0.63,
        "rouge_we_3_r": 0.3181818181818182,
        "rouge_we_3_f": 0.42281879194630867
    }
}