{
    "rough_we": {
        "rouge_we_3_p": 0.453125,
        "rouge_we_3_r": 0.2049469964664311,
        "rouge_we_3_f": 0.28223844282238447
    }
}