{
    "rough_we": {
        "rouge_we_3_p": 0.42962962962962964,
        "rouge_we_3_r": 0.26976744186046514,
        "rouge_we_3_f": 0.33142857142857146
    }
}