{
    "rough_we": {
        "rouge_we_3_p": 0.5870967741935483,
        "rouge_we_3_r": 0.22413793103448276,
        "rouge_we_3_f": 0.3244206773618538
    }
}