{
    "rough_we": {
        "rouge_we_3_p": 0.7217391304347827,
        "rouge_we_3_r": 0.3755656108597285,
        "rouge_we_3_f": 0.4940476190476191
    }
}