{
    "rough_we": {
        "rouge_we_3_p": 0.325,
        "rouge_we_3_r": 0.14130434782608695,
        "rouge_we_3_f": 0.19696969696969696
    }
}