{
    "rough_we": {
        "rouge_we_3_p": 0.3106796116504854,
        "rouge_we_3_r": 0.09495548961424333,
        "rouge_we_3_f": 0.14545454545454545
    }
}