{
    "rough_we": {
        "rouge_we_3_p": 0.2644628099173554,
        "rouge_we_3_r": 0.19161676646706588,
        "rouge_we_3_f": 0.22222222222222224
    }
}