{
    "rough_we": {
        "rouge_we_3_p": 0.40217391304347827,
        "rouge_we_3_r": 0.17703349282296652,
        "rouge_we_3_f": 0.2458471760797342
    }
}