{
    "rough_we": {
        "rouge_we_3_p": 0.421875,
        "rouge_we_3_r": 0.216,
        "rouge_we_3_f": 0.2857142857142857
    }
}