{
    "rough_we": {
        "rouge_we_3_p": 0.2546583850931677,
        "rouge_we_3_r": 0.23699421965317918,
        "rouge_we_3_f": 0.2455089820359281
    }
}