{
    "rough_we": {
        "rouge_we_3_p": 0.36082474226804123,
        "rouge_we_3_r": 0.12455516014234876,
        "rouge_we_3_f": 0.18518518518518517
    }
}