{
    "rough_we": {
        "rouge_we_3_p": 0.5766423357664233,
        "rouge_we_3_r": 0.34051724137931033,
        "rouge_we_3_f": 0.42818428184281837
    }
}