{
    "rough_we": {
        "rouge_we_3_p": 0.3769230769230769,
        "rouge_we_3_r": 0.23557692307692307,
        "rouge_we_3_f": 0.28994082840236685
    }
}