{
    "rough_we": {
        "rouge_we_3_p": 0.3157894736842105,
        "rouge_we_3_r": 0.13157894736842105,
        "rouge_we_3_f": 0.18575851393188855
    }
}