{
    "rough_we": {
        "rouge_we_3_p": 0.4420289855072464,
        "rouge_we_3_r": 0.2147887323943662,
        "rouge_we_3_f": 0.2890995260663507
    }
}