{
    "rough_we": {
        "rouge_we_3_p": 0.4589041095890411,
        "rouge_we_3_r": 0.2607003891050584,
        "rouge_we_3_f": 0.33250620347394544
    }
}