{
    "rough_we": {
        "rouge_we_3_p": 0.30656934306569344,
        "rouge_we_3_r": 0.2346368715083799,
        "rouge_we_3_f": 0.26582278481012656
    }
}