{
    "rough_we": {
        "rouge_we_3_p": 0.4803921568627451,
        "rouge_we_3_r": 0.24257425742574257,
        "rouge_we_3_f": 0.3223684210526315
    }
}