{
    "rough_we": {
        "rouge_we_3_p": 0.4861111111111111,
        "rouge_we_3_r": 0.24561403508771928,
        "rouge_we_3_f": 0.32634032634032634
    }
}