{
    "rough_we": {
        "rouge_we_3_p": 0.23255813953488372,
        "rouge_we_3_r": 0.19480519480519481,
        "rouge_we_3_f": 0.21201413427561835
    }
}