{
    "rough_we": {
        "rouge_we_3_p": 0.3170731707317073,
        "rouge_we_3_r": 0.12871287128712872,
        "rouge_we_3_f": 0.18309859154929578
    }
}