{
    "rough_we": {
        "rouge_we_3_p": 0.22988505747126436,
        "rouge_we_3_r": 0.06472491909385113,
        "rouge_we_3_f": 0.101010101010101
    }
}