{
    "rough_we": {
        "rouge_we_3_p": 0.39869281045751637,
        "rouge_we_3_r": 0.305,
        "rouge_we_3_f": 0.3456090651558073
    }
}