{
    "rough_we": {
        "rouge_we_3_p": 0.37373737373737376,
        "rouge_we_3_r": 0.20218579234972678,
        "rouge_we_3_f": 0.26241134751773054
    }
}