{
    "rough_we": {
        "rouge_we_3_p": 0.4107142857142857,
        "rouge_we_3_r": 0.3791208791208791,
        "rouge_we_3_f": 0.39428571428571424
    }
}