{
    "rough_we": {
        "rouge_we_3_p": 0.30158730158730157,
        "rouge_we_3_r": 0.15019762845849802,
        "rouge_we_3_f": 0.20052770448548815
    }
}