{
    "rough_we": {
        "rouge_we_3_p": 0.38650306748466257,
        "rouge_we_3_r": 0.16890080428954424,
        "rouge_we_3_f": 0.23507462686567163
    }
}