{
    "rough_we": {
        "rouge_we_3_p": 0.32116788321167883,
        "rouge_we_3_r": 0.24043715846994534,
        "rouge_we_3_f": 0.275
    }
}