{
    "rough_we": {
        "rouge_we_3_p": 0.5073529411764706,
        "rouge_we_3_r": 0.21495327102803738,
        "rouge_we_3_f": 0.30196936542669583
    }
}