{
    "rough_we": {
        "rouge_we_3_p": 0.3333333333333333,
        "rouge_we_3_r": 0.18840579710144928,
        "rouge_we_3_f": 0.24074074074074076
    }
}