{
    "rough_we": {
        "rouge_we_3_p": 0.31386861313868614,
        "rouge_we_3_r": 0.23756906077348067,
        "rouge_we_3_f": 0.27044025157232704
    }
}