{
    "rough_we": {
        "rouge_we_3_p": 0.6557377049180327,
        "rouge_we_3_r": 0.5633802816901409,
        "rouge_we_3_f": 0.6060606060606061
    }
}