{
    "rough_we": {
        "rouge_we_3_p": 0.29457364341085274,
        "rouge_we_3_r": 0.1688888888888889,
        "rouge_we_3_f": 0.21468926553672316
    }
}