{
    "rough_we": {
        "rouge_we_3_p": 0.40310077519379844,
        "rouge_we_3_r": 0.24644549763033174,
        "rouge_we_3_f": 0.3058823529411765
    }
}