{
    "rough_we": {
        "rouge_we_3_p": 0.40594059405940597,
        "rouge_we_3_r": 0.20918367346938777,
        "rouge_we_3_f": 0.2760942760942761
    }
}