{
    "rough_we": {
        "rouge_we_3_p": 0.38461538461538464,
        "rouge_we_3_r": 0.4090909090909091,
        "rouge_we_3_f": 0.39647577092511016
    }
}