{
    "rough_we": {
        "rouge_we_3_p": 0.5576923076923077,
        "rouge_we_3_r": 0.23293172690763053,
        "rouge_we_3_f": 0.3286118980169972
    }
}