{
    "rough_we": {
        "rouge_we_3_p": 0.4557823129251701,
        "rouge_we_3_r": 0.18406593406593408,
        "rouge_we_3_f": 0.2622309197651663
    }
}