{
    "rough_we": {
        "rouge_we_3_p": 0.4383561643835616,
        "rouge_we_3_r": 0.24806201550387597,
        "rouge_we_3_f": 0.31683168316831684
    }
}