{
    "rough_we": {
        "rouge_we_3_p": 0.4732824427480916,
        "rouge_we_3_r": 0.3054187192118227,
        "rouge_we_3_f": 0.37125748502994016
    }
}