{
    "rough_we": {
        "rouge_we_3_p": 0.35398230088495575,
        "rouge_we_3_r": 0.17857142857142858,
        "rouge_we_3_f": 0.23738872403560832
    }
}