{
    "rough_we": {
        "rouge_we_3_p": 0.3391304347826087,
        "rouge_we_3_r": 0.15476190476190477,
        "rouge_we_3_f": 0.2125340599455041
    }
}