{
    "rough_we": {
        "rouge_we_3_p": 0.45390070921985815,
        "rouge_we_3_r": 0.3004694835680751,
        "rouge_we_3_f": 0.36158192090395486
    }
}