{
    "rough_we": {
        "rouge_we_3_p": 0.3902439024390244,
        "rouge_we_3_r": 0.1791044776119403,
        "rouge_we_3_f": 0.24552429667519185
    }
}