{
    "rough_we": {
        "rouge_we_3_p": 0.1834862385321101,
        "rouge_we_3_r": 0.10638297872340426,
        "rouge_we_3_f": 0.1346801346801347
    }
}