{
    "rough_we": {
        "rouge_we_3_p": 0.3805309734513274,
        "rouge_we_3_r": 0.19457013574660634,
        "rouge_we_3_f": 0.25748502994011974
    }
}