{
    "rough_we": {
        "rouge_we_3_p": 0.4411764705882353,
        "rouge_we_3_r": 0.26548672566371684,
        "rouge_we_3_f": 0.33149171270718236
    }
}