{
    "rough_we": {
        "rouge_we_3_p": 0.45185185185185184,
        "rouge_we_3_r": 0.17994100294985252,
        "rouge_we_3_f": 0.25738396624472576
    }
}