{
    "rough_we": {
        "rouge_we_3_p": 0.2830188679245283,
        "rouge_we_3_r": 0.11538461538461539,
        "rouge_we_3_f": 0.1639344262295082
    }
}