{
    "rough_we": {
        "rouge_we_3_p": 0.3333333333333333,
        "rouge_we_3_r": 0.17766497461928935,
        "rouge_we_3_f": 0.23178807947019867
    }
}