{
    "rough_we": {
        "rouge_we_3_p": 0.3525641025641026,
        "rouge_we_3_r": 0.21912350597609562,
        "rouge_we_3_f": 0.2702702702702703
    }
}