{
    "rough_we": {
        "rouge_we_3_p": 0.4144144144144144,
        "rouge_we_3_r": 0.1776061776061776,
        "rouge_we_3_f": 0.24864864864864866
    }
}