{
    "rough_we": {
        "rouge_we_3_p": 0.38333333333333336,
        "rouge_we_3_r": 0.20535714285714285,
        "rouge_we_3_f": 0.26744186046511625
    }
}