{
    "rough_we": {
        "rouge_we_3_p": 0.5294117647058824,
        "rouge_we_3_r": 0.25925925925925924,
        "rouge_we_3_f": 0.34806629834254144
    }
}