{
    "rough_we": {
        "rouge_we_3_p": 0.4897959183673469,
        "rouge_we_3_r": 0.15434083601286175,
        "rouge_we_3_f": 0.23471882640586797
    }
}