{
    "rough_we": {
        "rouge_we_3_p": 0.5689655172413793,
        "rouge_we_3_r": 0.25984251968503935,
        "rouge_we_3_f": 0.3567567567567567
    }
}