{
    "rough_we": {
        "rouge_we_3_p": 0.32432432432432434,
        "rouge_we_3_r": 0.13382899628252787,
        "rouge_we_3_f": 0.1894736842105263
    }
}