{
    "rough_we": {
        "rouge_we_3_p": 0.33858267716535434,
        "rouge_we_3_r": 0.2097560975609756,
        "rouge_we_3_f": 0.25903614457831325
    }
}