{
    "rough_we": {
        "rouge_we_3_p": 0.2773722627737226,
        "rouge_we_3_r": 0.14901960784313725,
        "rouge_we_3_f": 0.19387755102040813
    }
}