{
    "rough_we": {
        "rouge_we_3_p": 0.40559440559440557,
        "rouge_we_3_r": 0.19205298013245034,
        "rouge_we_3_f": 0.2606741573033708
    }
}