{
    "rough_we": {
        "rouge_we_3_p": 0.5094339622641509,
        "rouge_we_3_r": 0.17647058823529413,
        "rouge_we_3_f": 0.2621359223300971
    }
}