{
    "rough_we": {
        "rouge_we_3_p": 0.6261682242990654,
        "rouge_we_3_r": 0.23674911660777384,
        "rouge_we_3_f": 0.34358974358974353
    }
}