{
    "rough_we": {
        "rouge_we_3_p": 0.5080645161290323,
        "rouge_we_3_r": 0.1649214659685864,
        "rouge_we_3_f": 0.24901185770750991
    }
}