{
    "rough_we": {
        "rouge_we_3_p": 0.45255474452554745,
        "rouge_we_3_r": 0.5040650406504065,
        "rouge_we_3_f": 0.4769230769230769
    }
}