{
    "rough_we": {
        "rouge_we_3_p": 0.5031055900621118,
        "rouge_we_3_r": 0.3360995850622407,
        "rouge_we_3_f": 0.40298507462686567
    }
}