{
    "rough_we": {
        "rouge_we_3_p": 0.6,
        "rouge_we_3_r": 0.2597402597402597,
        "rouge_we_3_f": 0.3625377643504531
    }
}