{
    "rough_we": {
        "rouge_we_3_p": 0.44366197183098594,
        "rouge_we_3_r": 0.38414634146341464,
        "rouge_we_3_f": 0.411764705882353
    }
}