{
    "rough_we": {
        "rouge_we_3_p": 0.32231404958677684,
        "rouge_we_3_r": 0.14391143911439114,
        "rouge_we_3_f": 0.1989795918367347
    }
}