{
    "rough_we": {
        "rouge_we_3_p": 0.4506172839506173,
        "rouge_we_3_r": 0.3230088495575221,
        "rouge_we_3_f": 0.37628865979381443
    }
}