{
    "rough_we": {
        "rouge_we_3_p": 0.3333333333333333,
        "rouge_we_3_r": 0.26573426573426573,
        "rouge_we_3_f": 0.29571984435797666
    }
}