{
    "rough_we": {
        "rouge_we_3_p": 0.31386861313868614,
        "rouge_we_3_r": 0.1575091575091575,
        "rouge_we_3_f": 0.2097560975609756
    }
}