{
    "rough_we": {
        "rouge_we_3_p": 0.3137254901960784,
        "rouge_we_3_r": 0.11851851851851852,
        "rouge_we_3_f": 0.17204301075268819
    }
}