{
    "rough_we": {
        "rouge_we_3_p": 0.5754716981132075,
        "rouge_we_3_r": 0.22426470588235295,
        "rouge_we_3_f": 0.32275132275132273
    }
}