{
    "rough_we": {
        "rouge_we_3_p": 0.6386554621848739,
        "rouge_we_3_r": 0.31666666666666665,
        "rouge_we_3_f": 0.4233983286908078
    }
}