{
    "rough_we": {
        "rouge_we_3_p": 0.5963302752293578,
        "rouge_we_3_r": 0.3037383177570093,
        "rouge_we_3_f": 0.4024767801857585
    }
}