{
    "rough_we": {
        "rouge_we_3_p": 0.5730337078651685,
        "rouge_we_3_r": 0.18613138686131386,
        "rouge_we_3_f": 0.2809917355371901
    }
}