{
    "rough_we": {
        "rouge_we_3_p": 0.20652173913043478,
        "rouge_we_3_r": 0.19,
        "rouge_we_3_f": 0.19791666666666669
    }
}