{
    "rough_we": {
        "rouge_we_3_p": 0.4659090909090909,
        "rouge_we_3_r": 0.2733333333333333,
        "rouge_we_3_f": 0.34453781512605036
    }
}