{
    "rough_we": {
        "rouge_we_3_p": 0.32710280373831774,
        "rouge_we_3_r": 0.23809523809523808,
        "rouge_we_3_f": 0.2755905511811024
    }
}