{
    "rough_we": {
        "rouge_we_3_p": 0.4550898203592814,
        "rouge_we_3_r": 0.2733812949640288,
        "rouge_we_3_f": 0.3415730337078652
    }
}