{
    "rough_we": {
        "rouge_we_3_p": 0.4444444444444444,
        "rouge_we_3_r": 0.1752988047808765,
        "rouge_we_3_f": 0.2514285714285714
    }
}