{
    "rough_we": {
        "rouge_we_3_p": 0.5724137931034483,
        "rouge_we_3_r": 0.22493224932249323,
        "rouge_we_3_f": 0.3229571984435798
    }
}