{
    "rough_we": {
        "rouge_we_3_p": 0.33653846153846156,
        "rouge_we_3_r": 0.1977401129943503,
        "rouge_we_3_f": 0.24911032028469754
    }
}