{
    "rough_we": {
        "rouge_we_3_p": 0.6046511627906976,
        "rouge_we_3_r": 0.26440677966101694,
        "rouge_we_3_f": 0.36792452830188677
    }
}