{
    "rough_we": {
        "rouge_we_3_p": 0.4409448818897638,
        "rouge_we_3_r": 0.23236514522821577,
        "rouge_we_3_f": 0.30434782608695654
    }
}