{
    "rough_we": {
        "rouge_we_3_p": 0.4782608695652174,
        "rouge_we_3_r": 0.21739130434782608,
        "rouge_we_3_f": 0.29891304347826086
    }
}