{
    "rough_we": {
        "rouge_we_3_p": 0.4785714285714286,
        "rouge_we_3_r": 0.21543408360128619,
        "rouge_we_3_f": 0.29711751662971175
    }
}