{
    "rough_we": {
        "rouge_we_3_p": 0.3888888888888889,
        "rouge_we_3_r": 0.1111111111111111,
        "rouge_we_3_f": 0.1728395061728395
    }
}