{
    "rough_we": {
        "rouge_we_3_p": 0.5178571428571429,
        "rouge_we_3_r": 0.24892703862660945,
        "rouge_we_3_f": 0.336231884057971
    }
}