{
    "rough_we": {
        "rouge_we_3_p": 0.39473684210526316,
        "rouge_we_3_r": 0.23684210526315788,
        "rouge_we_3_f": 0.29605263157894735
    }
}