{
    "rough_we": {
        "rouge_we_3_p": 0.3793103448275862,
        "rouge_we_3_r": 0.11458333333333333,
        "rouge_we_3_f": 0.17600000000000002
    }
}