{
    "rough_we": {
        "rouge_we_3_p": 0.3783783783783784,
        "rouge_we_3_r": 0.1494661921708185,
        "rouge_we_3_f": 0.2142857142857143
    }
}