{
    "rough_we": {
        "rouge_we_3_p": 0.38823529411764707,
        "rouge_we_3_r": 0.171875,
        "rouge_we_3_f": 0.23826714801444046
    }
}