{
    "rough_we": {
        "rouge_we_3_p": 0.44537815126050423,
        "rouge_we_3_r": 0.1606060606060606,
        "rouge_we_3_f": 0.2360801781737194
    }
}