{
    "rough_we": {
        "rouge_we_3_p": 0.296875,
        "rouge_we_3_r": 0.21348314606741572,
        "rouge_we_3_f": 0.2483660130718954
    }
}