{
    "rough_we": {
        "rouge_we_3_p": 0.5793103448275863,
        "rouge_we_3_r": 0.28378378378378377,
        "rouge_we_3_f": 0.38095238095238093
    }
}