{
    "rough_we": {
        "rouge_we_3_p": 0.22826086956521738,
        "rouge_we_3_r": 0.09417040358744394,
        "rouge_we_3_f": 0.13333333333333333
    }
}