{
    "rough_we": {
        "rouge_we_3_p": 0.3014705882352941,
        "rouge_we_3_r": 0.17903930131004367,
        "rouge_we_3_f": 0.2246575342465753
    }
}