{
    "rough_we": {
        "rouge_we_3_p": 0.576271186440678,
        "rouge_we_3_r": 0.2111801242236025,
        "rouge_we_3_f": 0.3090909090909091
    }
}