{
    "rough_we": {
        "rouge_we_3_p": 0.4452054794520548,
        "rouge_we_3_r": 0.29411764705882354,
        "rouge_we_3_f": 0.35422343324250677
    }
}