{
    "rough_we": {
        "rouge_we_3_p": 0.3160919540229885,
        "rouge_we_3_r": 0.2696078431372549,
        "rouge_we_3_f": 0.29100529100529104
    }
}