{
    "rough_we": {
        "rouge_we_3_p": 0.6220472440944882,
        "rouge_we_3_r": 0.35267857142857145,
        "rouge_we_3_f": 0.4501424501424502
    }
}