{
    "rough_we": {
        "rouge_we_3_p": 0.3877551020408163,
        "rouge_we_3_r": 0.17272727272727273,
        "rouge_we_3_f": 0.23899371069182393
    }
}