{
    "rough_we": {
        "rouge_we_3_p": 0.43870967741935485,
        "rouge_we_3_r": 0.35789473684210527,
        "rouge_we_3_f": 0.3942028985507246
    }
}