{
    "rough_we": {
        "rouge_we_3_p": 0.28,
        "rouge_we_3_r": 0.19678714859437751,
        "rouge_we_3_f": 0.23113207547169812
    }
}