{
    "rough_we": {
        "rouge_we_3_p": 0.21518987341772153,
        "rouge_we_3_r": 0.2125,
        "rouge_we_3_f": 0.2138364779874214
    }
}