{
    "rough_we": {
        "rouge_we_3_p": 0.23404255319148937,
        "rouge_we_3_r": 0.21153846153846154,
        "rouge_we_3_f": 0.2222222222222222
    }
}