{
    "rough_we": {
        "rouge_we_3_p": 0.36153846153846153,
        "rouge_we_3_r": 0.3821138211382114,
        "rouge_we_3_f": 0.3715415019762846
    }
}