{
    "rough_we": {
        "rouge_we_3_p": 0.31511254019292606,
        "rouge_we_3_r": 0.3333333333333333,
        "rouge_we_3_f": 0.3239669421487603
    }
}