{
    "rough_we": {
        "rouge_we_3_p": 0.27167630057803466,
        "rouge_we_3_r": 0.26256983240223464,
        "rouge_we_3_f": 0.26704545454545453
    }
}