{
    "rough_we": {
        "rouge_we_3_p": 0.25842696629213485,
        "rouge_we_3_r": 0.27218934911242604,
        "rouge_we_3_f": 0.26512968299711814
    }
}