{
    "rough_we": {
        "rouge_we_3_p": 0.4107142857142857,
        "rouge_we_3_r": 0.31363636363636366,
        "rouge_we_3_f": 0.3556701030927836
    }
}