{
    "rough_we": {
        "rouge_we_3_p": 0.38095238095238093,
        "rouge_we_3_r": 0.21052631578947367,
        "rouge_we_3_f": 0.2711864406779661
    }
}