{
    "rough_we": {
        "rouge_we_3_p": 0.2465753424657534,
        "rouge_we_3_r": 0.23893805309734514,
        "rouge_we_3_f": 0.24269662921348314
    }
}