{
    "rough_we": {
        "rouge_we_3_p": 0.17777777777777778,
        "rouge_we_3_r": 0.14222222222222222,
        "rouge_we_3_f": 0.1580246913580247
    }
}