{
    "rough_we": {
        "rouge_we_3_p": 0.2827586206896552,
        "rouge_we_3_r": 0.22043010752688172,
        "rouge_we_3_f": 0.24773413897280966
    }
}