{
    "rough_we": {
        "rouge_we_3_p": 0.2903225806451613,
        "rouge_we_3_r": 0.18218623481781376,
        "rouge_we_3_f": 0.22388059701492538
    }
}