{
    "rough_we": {
        "rouge_we_3_p": 0.25943396226415094,
        "rouge_we_3_r": 0.27918781725888325,
        "rouge_we_3_f": 0.26894865525672373
    }
}