{
    "rough_we": {
        "rouge_we_3_p": 0.11052631578947368,
        "rouge_we_3_r": 0.11351351351351352,
        "rouge_we_3_f": 0.112
    }
}