{
    "rough_we": {
        "rouge_we_3_p": 0.30256410256410254,
        "rouge_we_3_r": 0.2935323383084577,
        "rouge_we_3_f": 0.29797979797979796
    }
}