{
    "rough_we": {
        "rouge_we_3_p": 0.35526315789473684,
        "rouge_we_3_r": 0.242152466367713,
        "rouge_we_3_f": 0.288
    }
}