{
    "rough_we": {
        "rouge_we_3_p": 0.15789473684210525,
        "rouge_we_3_r": 0.09905660377358491,
        "rouge_we_3_f": 0.12173913043478263
    }
}