{
    "rough_we": {
        "rouge_we_3_p": 0.18232044198895028,
        "rouge_we_3_r": 0.16176470588235295,
        "rouge_we_3_f": 0.17142857142857143
    }
}