{
    "rough_we": {
        "rouge_we_3_p": 0.391304347826087,
        "rouge_we_3_r": 0.2231404958677686,
        "rouge_we_3_f": 0.28421052631578947
    }
}