{
    "rough_we": {
        "rouge_we_3_p": 0.33540372670807456,
        "rouge_we_3_r": 0.2222222222222222,
        "rouge_we_3_f": 0.2673267326732673
    }
}