{
    "rough_we": {
        "rouge_we_3_p": 0.37012987012987014,
        "rouge_we_3_r": 0.1832797427652733,
        "rouge_we_3_f": 0.24516129032258066
    }
}