{
    "rough_we": {
        "rouge_we_3_p": 0.19161676646706588,
        "rouge_we_3_r": 0.11940298507462686,
        "rouge_we_3_f": 0.1471264367816092
    }
}