{
    "rough_we": {
        "rouge_we_3_p": 0.22602739726027396,
        "rouge_we_3_r": 0.12313432835820895,
        "rouge_we_3_f": 0.15942028985507245
    }
}