{
    "rough_we": {
        "rouge_we_3_p": 0.3941176470588235,
        "rouge_we_3_r": 0.32682926829268294,
        "rouge_we_3_f": 0.35733333333333334
    }
}