{
    "rough_we": {
        "rouge_we_3_p": 0.24444444444444444,
        "rouge_we_3_r": 0.21890547263681592,
        "rouge_we_3_f": 0.23097112860892385
    }
}