{
    "rough_we": {
        "rouge_we_3_p": 0.21014492753623187,
        "rouge_we_3_r": 0.25327510917030566,
        "rouge_we_3_f": 0.22970297029702968
    }
}