{
    "rough_we": {
        "rouge_we_3_p": 0.375,
        "rouge_we_3_r": 0.1210762331838565,
        "rouge_we_3_f": 0.18305084745762712
    }
}