{
    "rough_we": {
        "rouge_we_3_p": 0.4801980198019802,
        "rouge_we_3_r": 0.43891402714932126,
        "rouge_we_3_f": 0.458628841607565
    }
}