{
    "rough_we": {
        "rouge_we_3_p": 0.21518987341772153,
        "rouge_we_3_r": 0.15246636771300448,
        "rouge_we_3_f": 0.17847769028871388
    }
}