{
    "rough_we": {
        "rouge_we_3_p": 0.42962962962962964,
        "rouge_we_3_r": 0.327683615819209,
        "rouge_we_3_f": 0.37179487179487175
    }
}