{
    "rough_we": {
        "rouge_we_3_p": 0.22012578616352202,
        "rouge_we_3_r": 0.13409961685823754,
        "rouge_we_3_f": 0.16666666666666669
    }
}