{
    "rough_we": {
        "rouge_we_3_p": 0.31521739130434784,
        "rouge_we_3_r": 0.3020833333333333,
        "rouge_we_3_f": 0.30851063829787234
    }
}