{
    "rough_we": {
        "rouge_we_3_p": 0.30303030303030304,
        "rouge_we_3_r": 0.2575107296137339,
        "rouge_we_3_f": 0.2784222737819025
    }
}