{
    "rough_we": {
        "rouge_we_3_p": 0.24669603524229075,
        "rouge_we_3_r": 0.27722772277227725,
        "rouge_we_3_f": 0.26107226107226106
    }
}