{
    "rough_we": {
        "rouge_we_3_p": 0.3902439024390244,
        "rouge_we_3_r": 0.2318840579710145,
        "rouge_we_3_f": 0.2909090909090909
    }
}