{
    "rough_we": {
        "rouge_we_3_p": 0.2634730538922156,
        "rouge_we_3_r": 0.24581005586592178,
        "rouge_we_3_f": 0.2543352601156069
    }
}