{
    "rough_we": {
        "rouge_we_3_p": 0.22083333333333333,
        "rouge_we_3_r": 0.25980392156862747,
        "rouge_we_3_f": 0.23873873873873874
    }
}