{
    "rough_we": {
        "rouge_we_3_p": 0.36231884057971014,
        "rouge_we_3_r": 0.24115755627009647,
        "rouge_we_3_f": 0.28957528957528955
    }
}