{
    "rough_we": {
        "rouge_we_3_p": 0.40555555555555556,
        "rouge_we_3_r": 0.3146551724137931,
        "rouge_we_3_f": 0.35436893203883496
    }
}