{
    "rough_we": {
        "rouge_we_3_p": 0.35359116022099446,
        "rouge_we_3_r": 0.26337448559670784,
        "rouge_we_3_f": 0.3018867924528302
    }
}