{
    "rough_we": {
        "rouge_we_3_p": 0.4013605442176871,
        "rouge_we_3_r": 0.29797979797979796,
        "rouge_we_3_f": 0.34202898550724636
    }
}