{
    "rough_we": {
        "rouge_we_3_p": 0.3728813559322034,
        "rouge_we_3_r": 0.3424124513618677,
        "rouge_we_3_f": 0.35699797160243407
    }
}