{
    "rough_we": {
        "rouge_we_3_p": 0.28780487804878047,
        "rouge_we_3_r": 0.2822966507177033,
        "rouge_we_3_f": 0.28502415458937197
    }
}