{
    "rough_we": {
        "rouge_we_3_p": 0.45930232558139533,
        "rouge_we_3_r": 0.2453416149068323,
        "rouge_we_3_f": 0.31983805668016196
    }
}