{
    "rough_we": {
        "rouge_we_3_p": 0.29493087557603687,
        "rouge_we_3_r": 0.2570281124497992,
        "rouge_we_3_f": 0.27467811158798283
    }
}