{
    "rough_we": {
        "rouge_we_3_p": 0.24157303370786518,
        "rouge_we_3_r": 0.15467625899280577,
        "rouge_we_3_f": 0.18859649122807018
    }
}