{
    "rough_we": {
        "rouge_we_3_p": 0.44751381215469616,
        "rouge_we_3_r": 0.2862190812720848,
        "rouge_we_3_f": 0.34913793103448276
    }
}