{
    "rough_we": {
        "rouge_we_3_p": 0.24880382775119617,
        "rouge_we_3_r": 0.20634920634920634,
        "rouge_we_3_f": 0.22559652928416485
    }
}