{
    "rough_we": {
        "rouge_we_3_p": 0.27040816326530615,
        "rouge_we_3_r": 0.28342245989304815,
        "rouge_we_3_f": 0.27676240208877284
    }
}