{
    "rough_we": {
        "rouge_we_3_p": 0.16666666666666666,
        "rouge_we_3_r": 0.16030534351145037,
        "rouge_we_3_f": 0.16342412451361865
    }
}