{
    "rough_we": {
        "rouge_we_3_p": 0.3672316384180791,
        "rouge_we_3_r": 0.28761061946902655,
        "rouge_we_3_f": 0.32258064516129037
    }
}