{
    "rough_we": {
        "rouge_we_3_p": 0.2694063926940639,
        "rouge_we_3_r": 0.3072916666666667,
        "rouge_we_3_f": 0.2871046228710462
    }
}