{
    "rough_we": {
        "rouge_we_3_p": 0.3425414364640884,
        "rouge_we_3_r": 0.2938388625592417,
        "rouge_we_3_f": 0.3163265306122449
    }
}