{
    "rough_we": {
        "rouge_we_3_p": 0.31891891891891894,
        "rouge_we_3_r": 0.27699530516431925,
        "rouge_we_3_f": 0.2964824120603015
    }
}