{
    "rough_we": {
        "rouge_we_3_p": 0.3137254901960784,
        "rouge_we_3_r": 0.2222222222222222,
        "rouge_we_3_f": 0.26016260162601623
    }
}