{
    "rough_we": {
        "rouge_we_3_p": 0.2641509433962264,
        "rouge_we_3_r": 0.23178807947019867,
        "rouge_we_3_f": 0.24691358024691357
    }
}