{
    "rough_we": {
        "rouge_we_3_p": 0.30256410256410254,
        "rouge_we_3_r": 0.27699530516431925,
        "rouge_we_3_f": 0.2892156862745098
    }
}