{
    "rough_we": {
        "rouge_we_3_p": 0.30718954248366015,
        "rouge_we_3_r": 0.19262295081967212,
        "rouge_we_3_f": 0.2367758186397985
    }
}