{
    "rough_we": {
        "rouge_we_3_p": 0.29896907216494845,
        "rouge_we_3_r": 0.26605504587155965,
        "rouge_we_3_f": 0.2815533980582524
    }
}