{
    "rough_we": {
        "rouge_we_3_p": 0.39444444444444443,
        "rouge_we_3_r": 0.3287037037037037,
        "rouge_we_3_f": 0.3585858585858586
    }
}