{
    "rough_we": {
        "rouge_we_3_p": 0.24161073825503357,
        "rouge_we_3_r": 0.1518987341772152,
        "rouge_we_3_f": 0.18652849740932642
    }
}