{
    "rough_we": {
        "rouge_we_3_p": 0.3983739837398374,
        "rouge_we_3_r": 0.14454277286135694,
        "rouge_we_3_f": 0.21212121212121215
    }
}