{
    "rough_we": {
        "rouge_we_3_p": 0.4728682170542636,
        "rouge_we_3_r": 0.4295774647887324,
        "rouge_we_3_f": 0.4501845018450184
    }
}