{
    "rough_we": {
        "rouge_we_3_p": 0.2723404255319149,
        "rouge_we_3_r": 0.28444444444444444,
        "rouge_we_3_f": 0.2782608695652174
    }
}