{
    "rough_we": {
        "rouge_we_3_p": 0.21153846153846154,
        "rouge_we_3_r": 0.2268041237113402,
        "rouge_we_3_f": 0.2189054726368159
    }
}