{
    "rough_we": {
        "rouge_we_3_p": 0.2821576763485477,
        "rouge_we_3_r": 0.23859649122807017,
        "rouge_we_3_f": 0.25855513307984795
    }
}