{
    "rough_we": {
        "rouge_we_3_p": 0.22077922077922077,
        "rouge_we_3_r": 0.2361111111111111,
        "rouge_we_3_f": 0.22818791946308725
    }
}