{
    "rough_we": {
        "rouge_we_3_p": 0.25396825396825395,
        "rouge_we_3_r": 0.15434083601286175,
        "rouge_we_3_f": 0.192
    }
}