{
    "rough_we": {
        "rouge_we_3_p": 0.3472222222222222,
        "rouge_we_3_r": 0.19633507853403143,
        "rouge_we_3_f": 0.2508361204013378
    }
}