{
    "rough_we": {
        "rouge_we_3_p": 0.3333333333333333,
        "rouge_we_3_r": 0.15112540192926044,
        "rouge_we_3_f": 0.2079646017699115
    }
}