{
    "rough_we": {
        "rouge_we_3_p": 0.28717948717948716,
        "rouge_we_3_r": 0.27586206896551724,
        "rouge_we_3_f": 0.2814070351758794
    }
}