{
    "rough_we": {
        "rouge_we_3_p": 0.26993865030674846,
        "rouge_we_3_r": 0.24043715846994534,
        "rouge_we_3_f": 0.25433526011560686
    }
}