{
    "rough_we": {
        "rouge_we_3_p": 0.21761658031088082,
        "rouge_we_3_r": 0.23595505617977527,
        "rouge_we_3_f": 0.22641509433962262
    }
}