{
    "rough_we": {
        "rouge_we_3_p": 0.25943396226415094,
        "rouge_we_3_r": 0.20446096654275092,
        "rouge_we_3_f": 0.22869022869022868
    }
}