{
    "rough_we": {
        "rouge_we_3_p": 0.3542600896860987,
        "rouge_we_3_r": 0.3062015503875969,
        "rouge_we_3_f": 0.3284823284823285
    }
}