{
    "rough_we": {
        "rouge_we_3_p": 0.27702702702702703,
        "rouge_we_3_r": 0.20812182741116753,
        "rouge_we_3_f": 0.23768115942028986
    }
}