{
    "rough_we": {
        "rouge_we_3_p": 0.33544303797468356,
        "rouge_we_3_r": 0.27040816326530615,
        "rouge_we_3_f": 0.2994350282485876
    }
}