{
    "rough_we": {
        "rouge_we_3_p": 0.48484848484848486,
        "rouge_we_3_r": 0.3983402489626556,
        "rouge_we_3_f": 0.43735763097949887
    }
}