{
    "rough_we": {
        "rouge_we_3_p": 0.2511013215859031,
        "rouge_we_3_r": 0.28217821782178215,
        "rouge_we_3_f": 0.26573426573426573
    }
}