{
    "rough_we": {
        "rouge_we_3_p": 0.2459016393442623,
        "rouge_we_3_r": 0.21951219512195122,
        "rouge_we_3_f": 0.23195876288659795
    }
}