{
    "rough_we": {
        "rouge_we_3_p": 0.12857142857142856,
        "rouge_we_3_r": 0.14835164835164835,
        "rouge_we_3_f": 0.1377551020408163
    }
}