{
    "rough_we": {
        "rouge_we_3_p": 0.3493150684931507,
        "rouge_we_3_r": 0.19767441860465115,
        "rouge_we_3_f": 0.2524752475247525
    }
}