{
    "rough_we": {
        "rouge_we_3_p": 0.31351351351351353,
        "rouge_we_3_r": 0.26605504587155965,
        "rouge_we_3_f": 0.2878411910669975
    }
}