{
    "rough_we": {
        "rouge_we_3_p": 0.1864406779661017,
        "rouge_we_3_r": 0.16751269035532995,
        "rouge_we_3_f": 0.17647058823529413
    }
}