{
    "rough_we": {
        "rouge_we_3_p": 0.28421052631578947,
        "rouge_we_3_r": 0.2918918918918919,
        "rouge_we_3_f": 0.288
    }
}