{
    "rough_we": {
        "rouge_we_3_p": 0.21363636363636362,
        "rouge_we_3_r": 0.2088888888888889,
        "rouge_we_3_f": 0.21123595505617976
    }
}