{
    "rough_we": {
        "rouge_we_3_p": 0.2571428571428571,
        "rouge_we_3_r": 0.2694610778443114,
        "rouge_we_3_f": 0.26315789473684215
    }
}