{
    "rough_we": {
        "rouge_we_3_p": 0.2391304347826087,
        "rouge_we_3_r": 0.19298245614035087,
        "rouge_we_3_f": 0.21359223300970873
    }
}