{
    "rough_we": {
        "rouge_we_3_p": 0.2923076923076923,
        "rouge_we_3_r": 0.19791666666666666,
        "rouge_we_3_f": 0.2360248447204969
    }
}