{
    "rough_we": {
        "rouge_we_3_p": 0.4864864864864865,
        "rouge_we_3_r": 0.3364485981308411,
        "rouge_we_3_f": 0.3977900552486188
    }
}