{
    "rough_we": {
        "rouge_we_3_p": 0.20408163265306123,
        "rouge_we_3_r": 0.19480519480519481,
        "rouge_we_3_f": 0.19933554817275748
    }
}