{
    "rough_we": {
        "rouge_we_3_p": 0.25597269624573377,
        "rouge_we_3_r": 0.2508361204013378,
        "rouge_we_3_f": 0.25337837837837834
    }
}