{
    "rough_we": {
        "rouge_we_3_p": 0.26174496644295303,
        "rouge_we_3_r": 0.1848341232227488,
        "rouge_we_3_f": 0.21666666666666667
    }
}