{
    "rough_we": {
        "rouge_we_3_p": 0.1744186046511628,
        "rouge_we_3_r": 0.17647058823529413,
        "rouge_we_3_f": 0.1754385964912281
    }
}