{
    "rough_we": {
        "rouge_we_3_p": 0.36538461538461536,
        "rouge_we_3_r": 0.2923076923076923,
        "rouge_we_3_f": 0.32478632478632474
    }
}