{
    "rough_we": {
        "rouge_we_3_p": 0.32793522267206476,
        "rouge_we_3_r": 0.26384364820846906,
        "rouge_we_3_f": 0.2924187725631769
    }
}