{
    "rough_we": {
        "rouge_we_3_p": 0.2621951219512195,
        "rouge_we_3_r": 0.16996047430830039,
        "rouge_we_3_f": 0.20623501199040764
    }
}