{
    "rough_we": {
        "rouge_we_3_p": 0.18994413407821228,
        "rouge_we_3_r": 0.19653179190751446,
        "rouge_we_3_f": 0.19318181818181815
    }
}