{
    "rough_we": {
        "rouge_we_3_p": 0.310126582278481,
        "rouge_we_3_r": 0.23671497584541062,
        "rouge_we_3_f": 0.26849315068493146
    }
}