{
    "rough_we": {
        "rouge_we_3_p": 0.4765957446808511,
        "rouge_we_3_r": 0.3373493975903614,
        "rouge_we_3_f": 0.3950617283950617
    }
}