{
    "rough_we": {
        "rouge_we_3_p": 0.3524904214559387,
        "rouge_we_3_r": 0.3817427385892116,
        "rouge_we_3_f": 0.3665338645418327
    }
}