{
    "rough_we": {
        "rouge_we_3_p": 0.19205298013245034,
        "rouge_we_3_r": 0.12946428571428573,
        "rouge_we_3_f": 0.15466666666666667
    }
}