{
    "rough_we": {
        "rouge_we_3_p": 0.34594594594594597,
        "rouge_we_3_r": 0.17344173441734417,
        "rouge_we_3_f": 0.23104693140794222
    }
}