{
    "rough_we": {
        "rouge_we_3_p": 0.2642857142857143,
        "rouge_we_3_r": 0.10979228486646884,
        "rouge_we_3_f": 0.1551362683438155
    }
}