{
    "rough_we": {
        "rouge_we_3_p": 0.27167630057803466,
        "rouge_we_3_r": 0.17407407407407408,
        "rouge_we_3_f": 0.21218961625282165
    }
}