{
    "rough_we": {
        "rouge_we_3_p": 0.35319148936170214,
        "rouge_we_3_r": 0.3346774193548387,
        "rouge_we_3_f": 0.34368530020703936
    }
}