{
    "rough_we": {
        "rouge_we_3_p": 0.3310344827586207,
        "rouge_we_3_r": 0.22966507177033493,
        "rouge_we_3_f": 0.2711864406779661
    }
}