{
    "rough_we": {
        "rouge_we_3_p": 0.3687150837988827,
        "rouge_we_3_r": 0.23826714801444043,
        "rouge_we_3_f": 0.2894736842105263
    }
}