{
    "rough_we": {
        "rouge_we_3_p": 0.2558139534883721,
        "rouge_we_3_r": 0.25,
        "rouge_we_3_f": 0.25287356321839083
    }
}