{
    "rough_we": {
        "rouge_we_3_p": 0.1821705426356589,
        "rouge_we_3_r": 0.2,
        "rouge_we_3_f": 0.19066937119675456
    }
}