{
    "rough_we": {
        "rouge_we_3_p": 0.3813953488372093,
        "rouge_we_3_r": 0.3319838056680162,
        "rouge_we_3_f": 0.354978354978355
    }
}