{
    "rough_we": {
        "rouge_we_3_p": 0.3157894736842105,
        "rouge_we_3_r": 0.22966507177033493,
        "rouge_we_3_f": 0.2659279778393352
    }
}