{
    "rough_we": {
        "rouge_we_3_p": 0.2076923076923077,
        "rouge_we_3_r": 0.1836734693877551,
        "rouge_we_3_f": 0.19494584837545129
    }
}