{
    "rough_we": {
        "rouge_we_3_p": 0.20833333333333334,
        "rouge_we_3_r": 0.19047619047619047,
        "rouge_we_3_f": 0.1990049751243781
    }
}