{
    "rough_we": {
        "rouge_we_3_p": 0.2930232558139535,
        "rouge_we_3_r": 0.14350797266514806,
        "rouge_we_3_f": 0.1926605504587156
    }
}