{
    "rough_we": {
        "rouge_we_3_p": 0.29389312977099236,
        "rouge_we_3_r": 0.2558139534883721,
        "rouge_we_3_f": 0.2735346358792185
    }
}