{
    "rough_we": {
        "rouge_we_3_p": 0.4502923976608187,
        "rouge_we_3_r": 0.28413284132841327,
        "rouge_we_3_f": 0.3484162895927602
    }
}