{
    "rough_we": {
        "rouge_we_3_p": 0.15217391304347827,
        "rouge_we_3_r": 0.125,
        "rouge_we_3_f": 0.13725490196078433
    }
}