{
    "rough_we": {
        "rouge_we_3_p": 0.3191489361702128,
        "rouge_we_3_r": 0.3103448275862069,
        "rouge_we_3_f": 0.3146853146853147
    }
}