{
    "rough_we": {
        "rouge_we_3_p": 0.29692832764505117,
        "rouge_we_3_r": 0.27102803738317754,
        "rouge_we_3_f": 0.28338762214983715
    }
}