{
    "rough_we": {
        "rouge_we_3_p": 0.2774566473988439,
        "rouge_we_3_r": 0.2711864406779661,
        "rouge_we_3_f": 0.27428571428571424
    }
}