{
    "rough_we": {
        "rouge_we_3_p": 0.2577777777777778,
        "rouge_we_3_r": 0.2230769230769231,
        "rouge_we_3_f": 0.23917525773195877
    }
}