{
    "rough_we": {
        "rouge_we_3_p": 0.288135593220339,
        "rouge_we_3_r": 0.204,
        "rouge_we_3_f": 0.2388758782201405
    }
}