{
    "rough_we": {
        "rouge_we_3_p": 0.21014492753623187,
        "rouge_we_3_r": 0.14009661835748793,
        "rouge_we_3_f": 0.1681159420289855
    }
}