{
    "rough_we": {
        "rouge_we_3_p": 0.21875,
        "rouge_we_3_r": 0.2545454545454545,
        "rouge_we_3_f": 0.23529411764705882
    }
}