{
    "rough_we": {
        "rouge_we_3_p": 0.4491525423728814,
        "rouge_we_3_r": 0.22943722943722944,
        "rouge_we_3_f": 0.3037249283667622
    }
}