{
    "rough_we": {
        "rouge_we_3_p": 0.18407960199004975,
        "rouge_we_3_r": 0.21022727272727273,
        "rouge_we_3_f": 0.19628647214854109
    }
}