{
    "rough_we": {
        "rouge_we_3_p": 0.4868421052631579,
        "rouge_we_3_r": 0.25,
        "rouge_we_3_f": 0.33035714285714285
    }
}