{
    "rough_we": {
        "rouge_we_3_p": 0.36363636363636365,
        "rouge_we_3_r": 0.23003194888178913,
        "rouge_we_3_f": 0.28180039138943247
    }
}