{
    "rough_we": {
        "rouge_we_3_p": 0.2671232876712329,
        "rouge_we_3_r": 0.14444444444444443,
        "rouge_we_3_f": 0.18749999999999997
    }
}