{
    "rough_we": {
        "rouge_we_3_p": 0.32,
        "rouge_we_3_r": 0.1423487544483986,
        "rouge_we_3_f": 0.19704433497536944
    }
}