{
    "rough_we": {
        "rouge_we_3_p": 0.34502923976608185,
        "rouge_we_3_r": 0.1620879120879121,
        "rouge_we_3_f": 0.22056074766355138
    }
}