{
    "rough_we": {
        "rouge_we_3_p": 0.28699551569506726,
        "rouge_we_3_r": 0.2612244897959184,
        "rouge_we_3_f": 0.27350427350427353
    }
}