{
    "rough_we": {
        "rouge_we_3_p": 0.25,
        "rouge_we_3_r": 0.26865671641791045,
        "rouge_we_3_f": 0.2589928057553957
    }
}