{
    "rough_we": {
        "rouge_we_3_p": 0.2851063829787234,
        "rouge_we_3_r": 0.25,
        "rouge_we_3_f": 0.2664015904572564
    }
}