{
    "rough_we": {
        "rouge_we_3_p": 0.3317972350230415,
        "rouge_we_3_r": 0.19302949061662197,
        "rouge_we_3_f": 0.2440677966101695
    }
}