{
    "rough_we": {
        "rouge_we_3_p": 0.27932960893854747,
        "rouge_we_3_r": 0.2976190476190476,
        "rouge_we_3_f": 0.2881844380403458
    }
}