{
    "rough_we": {
        "rouge_we_3_p": 0.3076923076923077,
        "rouge_we_3_r": 0.145985401459854,
        "rouge_we_3_f": 0.198019801980198
    }
}