{
    "rough_we": {
        "rouge_we_3_p": 0.3723404255319149,
        "rouge_we_3_r": 0.26515151515151514,
        "rouge_we_3_f": 0.3097345132743362
    }
}