{
    "rough_we": {
        "rouge_we_3_p": 0.4117647058823529,
        "rouge_we_3_r": 0.25163398692810457,
        "rouge_we_3_f": 0.31237322515212984
    }
}