{
    "rough_we": {
        "rouge_we_3_p": 0.46153846153846156,
        "rouge_we_3_r": 0.2535211267605634,
        "rouge_we_3_f": 0.32727272727272727
    }
}