{
    "rough_we": {
        "rouge_we_3_p": 0.36363636363636365,
        "rouge_we_3_r": 0.24880382775119617,
        "rouge_we_3_f": 0.29545454545454547
    }
}