{
    "rough_we": {
        "rouge_we_3_p": 0.23357664233576642,
        "rouge_we_3_r": 0.22377622377622378,
        "rouge_we_3_f": 0.22857142857142856
    }
}