{
    "rough_we": {
        "rouge_we_3_p": 0.38271604938271603,
        "rouge_we_3_r": 0.22794117647058823,
        "rouge_we_3_f": 0.2857142857142857
    }
}