{
    "rough_we": {
        "rouge_we_3_p": 0.21374045801526717,
        "rouge_we_3_r": 0.09061488673139159,
        "rouge_we_3_f": 0.1272727272727273
    }
}