{
    "rough_we": {
        "rouge_we_3_p": 0.34545454545454546,
        "rouge_we_3_r": 0.20284697508896798,
        "rouge_we_3_f": 0.25560538116591924
    }
}