{
    "rough_we": {
        "rouge_we_3_p": 0.2159090909090909,
        "rouge_we_3_r": 0.19,
        "rouge_we_3_f": 0.2021276595744681
    }
}