{
    "rough_we": {
        "rouge_we_3_p": 0.2804878048780488,
        "rouge_we_3_r": 0.19491525423728814,
        "rouge_we_3_f": 0.23
    }
}