{
    "rough_we": {
        "rouge_we_3_p": 0.25595238095238093,
        "rouge_we_3_r": 0.2792207792207792,
        "rouge_we_3_f": 0.26708074534161486
    }
}