{
    "rough_we": {
        "rouge_we_3_p": 0.3505747126436782,
        "rouge_we_3_r": 0.21554770318021202,
        "rouge_we_3_f": 0.26695842450765866
    }
}