{
    "rough_we": {
        "rouge_we_3_p": 0.3472803347280335,
        "rouge_we_3_r": 0.3562231759656652,
        "rouge_we_3_f": 0.3516949152542373
    }
}