{
    "rough_we": {
        "rouge_we_3_p": 0.26991150442477874,
        "rouge_we_3_r": 0.2772727272727273,
        "rouge_we_3_f": 0.273542600896861
    }
}