{
    "rough_we": {
        "rouge_we_3_p": 0.36813186813186816,
        "rouge_we_3_r": 0.3582887700534759,
        "rouge_we_3_f": 0.36314363143631434
    }
}