{
    "rough_we": {
        "rouge_we_3_p": 0.450261780104712,
        "rouge_we_3_r": 0.21182266009852216,
        "rouge_we_3_f": 0.288107202680067
    }
}