{
    "rough_we": {
        "rouge_we_3_p": 0.1702127659574468,
        "rouge_we_3_r": 0.10666666666666667,
        "rouge_we_3_f": 0.13114754098360656
    }
}