{
    "rough_we": {
        "rouge_we_3_p": 0.2755905511811024,
        "rouge_we_3_r": 0.2755905511811024,
        "rouge_we_3_f": 0.2755905511811024
    }
}