{
    "rough_we": {
        "rouge_we_3_p": 0.4785714285714286,
        "rouge_we_3_r": 0.2648221343873518,
        "rouge_we_3_f": 0.34096692111959287
    }
}