{
    "rough_we": {
        "rouge_we_3_p": 0.20945945945945946,
        "rouge_we_3_r": 0.1712707182320442,
        "rouge_we_3_f": 0.1884498480243161
    }
}