{
    "rough_we": {
        "rouge_we_3_p": 0.34759358288770054,
        "rouge_we_3_r": 0.2589641434262948,
        "rouge_we_3_f": 0.2968036529680365
    }
}