{
    "rough_we": {
        "rouge_we_3_p": 0.26576576576576577,
        "rouge_we_3_r": 0.2757009345794392,
        "rouge_we_3_f": 0.2706422018348624
    }
}