{
    "rough_we": {
        "rouge_we_3_p": 0.32857142857142857,
        "rouge_we_3_r": 0.359375,
        "rouge_we_3_f": 0.34328358208955223
    }
}