{
    "rough_we": {
        "rouge_we_3_p": 0.30158730158730157,
        "rouge_we_3_r": 0.17272727272727273,
        "rouge_we_3_f": 0.21965317919075145
    }
}