{
    "rough_we": {
        "rouge_we_3_p": 0.3548387096774194,
        "rouge_we_3_r": 0.16988416988416988,
        "rouge_we_3_f": 0.22976501305483027
    }
}