{
    "rough_we": {
        "rouge_we_3_p": 0.3333333333333333,
        "rouge_we_3_r": 0.2512315270935961,
        "rouge_we_3_f": 0.2865168539325843
    }
}