{
    "rough_we": {
        "rouge_we_3_p": 0.4818181818181818,
        "rouge_we_3_r": 0.3509933774834437,
        "rouge_we_3_f": 0.4061302681992337
    }
}