{
    "rough_we": {
        "rouge_we_3_p": 0.2768361581920904,
        "rouge_we_3_r": 0.1794871794871795,
        "rouge_we_3_f": 0.21777777777777776
    }
}