{
    "rough_we": {
        "rouge_we_3_p": 0.3592814371257485,
        "rouge_we_3_r": 0.27149321266968324,
        "rouge_we_3_f": 0.3092783505154639
    }
}