{
    "rough_we": {
        "rouge_we_3_p": 0.2702702702702703,
        "rouge_we_3_r": 0.23076923076923078,
        "rouge_we_3_f": 0.24896265560165978
    }
}