{
    "rough_we": {
        "rouge_we_3_p": 0.21904761904761905,
        "rouge_we_3_r": 0.16974169741697417,
        "rouge_we_3_f": 0.19126819126819128
    }
}