{
    "rough_we": {
        "rouge_we_3_p": 0.37745098039215685,
        "rouge_we_3_r": 0.27697841726618705,
        "rouge_we_3_f": 0.31950207468879666
    }
}