{
    "rough_we": {
        "rouge_we_3_p": 0.28313253012048195,
        "rouge_we_3_r": 0.18875502008032127,
        "rouge_we_3_f": 0.22650602409638554
    }
}