{
    "rough_we": {
        "rouge_we_3_p": 0.26495726495726496,
        "rouge_we_3_r": 0.22962962962962963,
        "rouge_we_3_f": 0.24603174603174605
    }
}