{
    "rough_we": {
        "rouge_we_3_p": 0.23580786026200873,
        "rouge_we_3_r": 0.2151394422310757,
        "rouge_we_3_f": 0.22499999999999998
    }
}