{
    "rough_we": {
        "rouge_we_3_p": 0.18556701030927836,
        "rouge_we_3_r": 0.19148936170212766,
        "rouge_we_3_f": 0.18848167539267016
    }
}