{
    "rough_we": {
        "rouge_we_3_p": 0.35555555555555557,
        "rouge_we_3_r": 0.32653061224489793,
        "rouge_we_3_f": 0.3404255319148936
    }
}