{
    "rough_we": {
        "rouge_we_3_p": 0.3263888888888889,
        "rouge_we_3_r": 0.23039215686274508,
        "rouge_we_3_f": 0.2701149425287356
    }
}