{
    "rough_we": {
        "rouge_we_3_p": 0.2702702702702703,
        "rouge_we_3_r": 0.18248175182481752,
        "rouge_we_3_f": 0.2178649237472767
    }
}