{
    "rough_we": {
        "rouge_we_3_p": 0.28313253012048195,
        "rouge_we_3_r": 0.18503937007874016,
        "rouge_we_3_f": 0.22380952380952382
    }
}