{
    "rough_we": {
        "rouge_we_3_p": 0.44244604316546765,
        "rouge_we_3_r": 0.41694915254237286,
        "rouge_we_3_f": 0.4293193717277487
    }
}