{
    "rough_we": {
        "rouge_we_3_p": 0.36363636363636365,
        "rouge_we_3_r": 0.22325581395348837,
        "rouge_we_3_f": 0.27665706051873196
    }
}