{
    "rough_we": {
        "rouge_we_3_p": 0.3391812865497076,
        "rouge_we_3_r": 0.35365853658536583,
        "rouge_we_3_f": 0.34626865671641793
    }
}