{
    "rough_we": {
        "rouge_we_3_p": 0.3141025641025641,
        "rouge_we_3_r": 0.1891891891891892,
        "rouge_we_3_f": 0.236144578313253
    }
}