{
    "rough_we": {
        "rouge_we_3_p": 0.24056603773584906,
        "rouge_we_3_r": 0.23394495412844038,
        "rouge_we_3_f": 0.2372093023255814
    }
}