{
    "rough_we": {
        "rouge_we_3_p": 0.34801762114537443,
        "rouge_we_3_r": 0.2540192926045016,
        "rouge_we_3_f": 0.2936802973977696
    }
}