{
    "rough_we": {
        "rouge_we_3_p": 0.40718562874251496,
        "rouge_we_3_r": 0.2125,
        "rouge_we_3_f": 0.2792607802874743
    }
}