{
    "rough_we": {
        "rouge_we_3_p": 0.1939655172413793,
        "rouge_we_3_r": 0.15789473684210525,
        "rouge_we_3_f": 0.17408123791102514
    }
}