{
    "rough_we": {
        "rouge_we_3_p": 0.30697674418604654,
        "rouge_we_3_r": 0.2986425339366516,
        "rouge_we_3_f": 0.30275229357798167
    }
}