{
    "rough_we": {
        "rouge_we_3_p": 0.5064102564102564,
        "rouge_we_3_r": 0.32916666666666666,
        "rouge_we_3_f": 0.398989898989899
    }
}