{
    "rough_we": {
        "rouge_we_3_p": 0.38235294117647056,
        "rouge_we_3_r": 0.20634920634920634,
        "rouge_we_3_f": 0.26804123711340205
    }
}