{
    "rough_we": {
        "rouge_we_3_p": 0.6280487804878049,
        "rouge_we_3_r": 0.2614213197969543,
        "rouge_we_3_f": 0.36917562724014336
    }
}