{
    "summa_qa": {
        "summaqa_avg_prob": 0.10112246265170606,
        "summaqa_avg_fscore": 0.002150537634408602
    }
}