{
    "summa_qa": {
        "summaqa_avg_prob": 0.05423125499109068,
        "summaqa_avg_fscore": 0.028341215071420345
    }
}