{
    "summa_qa": {
        "summaqa_avg_prob": 0.039959688223948825,
        "summaqa_avg_fscore": 0.007457096709065213
    }
}