{
    "summa_qa": {
        "summaqa_avg_prob": 0.0531016313850606,
        "summaqa_avg_fscore": 0.019797596457938015
    }
}