{
    "summa_qa": {
        "summaqa_avg_prob": 0.062111510776577596,
        "summaqa_avg_fscore": 0.00023662483583600078
    }
}