{
    "summa_qa": {
        "summaqa_avg_prob": 0.08364569149459901,
        "summaqa_avg_fscore": 0.004005791505791506
    }
}