{
    "summa_qa": {
        "summaqa_avg_prob": 0.050894020474035795,
        "summaqa_avg_fscore": 0.011382840867376948
    }
}