{
    "summa_qa": {
        "summaqa_avg_prob": 0.08022293546455593,
        "summaqa_avg_fscore": 0.001282712474048214
    }
}