{
    "summa_qa": {
        "summaqa_avg_prob": 0.08983767073917782,
        "summaqa_avg_fscore": 0.007941195346062954
    }
}