{
    "summa_qa": {
        "summaqa_avg_prob": 0.031994292714056856,
        "summaqa_avg_fscore": 0.00967640344647378
    }
}