{
    "summa_qa": {
        "summaqa_avg_prob": 0.07193408797805508,
        "summaqa_avg_fscore": 0.008633360503104643
    }
}