{
    "summa_qa": {
        "summaqa_avg_prob": 0.04779353902109526,
        "summaqa_avg_fscore": 0.01771298043164495
    }
}