{
    "summa_qa": {
        "summaqa_avg_prob": 0.040450930186608995,
        "summaqa_avg_fscore": 8.438462512130289e-05
    }
}