{
    "summa_qa": {
        "summaqa_avg_prob": 0.011240250847526136,
        "summaqa_avg_fscore": 0.0023130624603150372
    }
}