{
    "summa_qa": {
        "summaqa_avg_prob": 0.05752499152462204,
        "summaqa_avg_fscore": 0.0025795878729021884
    }
}