{
    "summa_qa": {
        "summaqa_avg_prob": 0.04671673734673676,
        "summaqa_avg_fscore": 7.830028897444628e-05
    }
}