{
    "summa_qa": {
        "summaqa_avg_prob": 0.07279556544866533,
        "summaqa_avg_fscore": 0.009226814851814851
    }
}