{
    "summa_qa": {
        "summaqa_avg_prob": 0.08124809091136155,
        "summaqa_avg_fscore": 0.005416249428820487
    }
}