{
    "summa_qa": {
        "summaqa_avg_prob": 0.05508039661736288,
        "summaqa_avg_fscore": 0.021140353205570596
    }
}