{
    "summa_qa": {
        "summaqa_avg_prob": 0.0382860744591643,
        "summaqa_avg_fscore": 0.006484491063044965
    }
}