{
    "summa_qa": {
        "summaqa_avg_prob": 0.07807024167841893,
        "summaqa_avg_fscore": 0.0019377521696262421
    }
}