{
    "summa_qa": {
        "summaqa_avg_prob": 0.060468668931672825,
        "summaqa_avg_fscore": 0.0013574351739372445
    }
}