{
    "summa_qa": {
        "summaqa_avg_prob": 0.08166052807456044,
        "summaqa_avg_fscore": 0.008285499593422934
    }
}