{
    "summa_qa": {
        "summaqa_avg_prob": 0.08649366907233935,
        "summaqa_avg_fscore": 0.001637396468158614
    }
}