{
    "summa_qa": {
        "summaqa_avg_prob": 0.036395689571896296,
        "summaqa_avg_fscore": 0.044346341507297424
    }
}