{
    "summa_qa": {
        "summaqa_avg_prob": 0.10034825998317341,
        "summaqa_avg_fscore": 0.0057335401379545
    }
}