{
    "summa_qa": {
        "summaqa_avg_prob": 0.06923811326887516,
        "summaqa_avg_fscore": 0.008715644959531362
    }
}