{
    "summa_qa": {
        "summaqa_avg_prob": 0.09591115257374459,
        "summaqa_avg_fscore": 0.04040079624611998
    }
}