{
    "summa_qa": {
        "summaqa_avg_prob": 0.041524081378832525,
        "summaqa_avg_fscore": 0.005732246221376657
    }
}