{
    "summa_qa": {
        "summaqa_avg_prob": 0.045218852788135026,
        "summaqa_avg_fscore": 0.005747856605932775
    }
}