{
    "summa_qa": {
        "summaqa_avg_prob": 0.08211300915911093,
        "summaqa_avg_fscore": 0.009644374655577046
    }
}