{
    "summa_qa": {
        "summaqa_avg_prob": 0.04279632055111629,
        "summaqa_avg_fscore": 0.0056102599614934355
    }
}