{
    "summa_qa": {
        "summaqa_avg_prob": 0.04009239440168038,
        "summaqa_avg_fscore": 0.00621296687147257
    }
}