{
    "summa_qa": {
        "summaqa_avg_prob": 0.05119417455317927,
        "summaqa_avg_fscore": 0.08251970505975083
    }
}