{
    "summa_qa": {
        "summaqa_avg_prob": 0.09760680625369474,
        "summaqa_avg_fscore": 0.007394262052647145
    }
}