{
    "summa_qa": {
        "summaqa_avg_prob": 0.057666406804236355,
        "summaqa_avg_fscore": 0.007703857703857703
    }
}