{
    "summa_qa": {
        "summaqa_avg_prob": 0.09862222641730566,
        "summaqa_avg_fscore": 0.007541981734262987
    }
}