{
    "summa_qa": {
        "summaqa_avg_prob": 0.03937324388003705,
        "summaqa_avg_fscore": 0.0060056280735593884
    }
}