{
    "summa_qa": {
        "summaqa_avg_prob": 0.04380743427508678,
        "summaqa_avg_fscore": 0.002264095822378031
    }
}