{
    "summa_qa": {
        "summaqa_avg_prob": 0.04856363151798417,
        "summaqa_avg_fscore": 0.001644736842105263
    }
}