{
    "summa_qa": {
        "summaqa_avg_prob": 0.08071929098789243,
        "summaqa_avg_fscore": 0.004165287432417522
    }
}