{
    "summa_qa": {
        "summaqa_avg_prob": 0.07291529975778792,
        "summaqa_avg_fscore": 0.006891105018552509
    }
}