{
    "summa_qa": {
        "summaqa_avg_prob": 0.0646527976471199,
        "summaqa_avg_fscore": 0.00019841269841269844
    }
}