{
    "summa_qa": {
        "summaqa_avg_prob": 0.09160728268186326,
        "summaqa_avg_fscore": 0.02574482386408362
    }
}