{
    "summa_qa": {
        "summaqa_avg_prob": 0.02589645354306895,
        "summaqa_avg_fscore": 0.006462585034013605
    }
}