{
    "summa_qa": {
        "summaqa_avg_prob": 0.02756823882160091,
        "summaqa_avg_fscore": 0.003753889017877874
    }
}