{
    "summa_qa": {
        "summaqa_avg_prob": 0.08349232349027362,
        "summaqa_avg_fscore": 0.037752524632852745
    }
}