{
    "summa_qa": {
        "summaqa_avg_prob": 0.06572415507596452,
        "summaqa_avg_fscore": 0.010428571428571428
    }
}