{
    "summa_qa": {
        "summaqa_avg_prob": 0.08098149104122991,
        "summaqa_avg_fscore": 0.0005150656708730363
    }
}