{
    "summa_qa": {
        "summaqa_avg_prob": 0.09579103435872316,
        "summaqa_avg_fscore": 0.007469654528478057
    }
}