{
    "summa_qa": {
        "summaqa_avg_prob": 0.049438755250657385,
        "summaqa_avg_fscore": 0.0016215668389581433
    }
}