{
    "summa_qa": {
        "summaqa_avg_prob": 0.08492071298221147,
        "summaqa_avg_fscore": 0.007962004481726058
    }
}