{
    "summa_qa": {
        "summaqa_avg_prob": 0.09643687171596657,
        "summaqa_avg_fscore": 0.05699461465933175
    }
}