{
    "summa_qa": {
        "summaqa_avg_prob": 0.09494206187351743,
        "summaqa_avg_fscore": 0.028815007177996507
    }
}