{
    "summa_qa": {
        "summaqa_avg_prob": 0.0770267708167962,
        "summaqa_avg_fscore": 0.0012909745561098017
    }
}