{
    "summa_qa": {
        "summaqa_avg_prob": 0.03692988118134473,
        "summaqa_avg_fscore": 0.0009563090583634879
    }
}