{
    "summa_qa": {
        "summaqa_avg_prob": 0.05563255738303889,
        "summaqa_avg_fscore": 0.0001589067217543302
    }
}