{
    "summa_qa": {
        "summaqa_avg_prob": 0.10523609878022958,
        "summaqa_avg_fscore": 0.002366208373566233
    }
}