{
    "summa_qa": {
        "summaqa_avg_prob": 0.09860369514795278,
        "summaqa_avg_fscore": 0.0002193222941111964
    }
}