{
    "summa_qa": {
        "summaqa_avg_prob": 0.05074635483693368,
        "summaqa_avg_fscore": 0.007177197155073526
    }
}