{
    "summa_qa": {
        "summaqa_avg_prob": 0.06710460456544835,
        "summaqa_avg_fscore": 0.003031702971930109
    }
}