{
    "summa_qa": {
        "summaqa_avg_prob": 0.049526767232139696,
        "summaqa_avg_fscore": 7.777864198491094e-05
    }
}