{
    "summa_qa": {
        "summaqa_avg_prob": 0.04700198586526536,
        "summaqa_avg_fscore": 0.04289528941687019
    }
}