{
    "summa_qa": {
        "summaqa_avg_prob": 0.08742284267112205,
        "summaqa_avg_fscore": 0.0026455483893278926
    }
}