{
    "summa_qa": {
        "summaqa_avg_prob": 0.09091968269769043,
        "summaqa_avg_fscore": 0.03174144093622517
    }
}