{
    "summa_qa": {
        "summaqa_avg_prob": 0.07880133682192536,
        "summaqa_avg_fscore": 0.013271767040149393
    }
}