{
    "summa_qa": {
        "summaqa_avg_prob": 0.09683633255240769,
        "summaqa_avg_fscore": 0.002583714921593206
    }
}