{
    "summa_qa": {
        "summaqa_avg_prob": 0.03813332349711315,
        "summaqa_avg_fscore": 0.0008050755287483414
    }
}