{
    "summa_qa": {
        "summaqa_avg_prob": 0.03828786047173815,
        "summaqa_avg_fscore": 0.004738562091503268
    }
}