{
    "summa_qa": {
        "summaqa_avg_prob": 0.048168873570938645,
        "summaqa_avg_fscore": 0.011556392101664063
    }
}