{
    "summa_qa": {
        "summaqa_avg_prob": 0.1012571648255201,
        "summaqa_avg_fscore": 0.02814624057508308
    }
}