{
    "summa_qa": {
        "summaqa_avg_prob": 0.08186840442043306,
        "summaqa_avg_fscore": 0.030201261495498097
    }
}