{
    "summa_qa": {
        "summaqa_avg_prob": 0.07900578245088193,
        "summaqa_avg_fscore": 0.00010757314974182443
    }
}