{
    "summa_qa": {
        "summaqa_avg_prob": 0.05589754569278352,
        "summaqa_avg_fscore": 0.004861944777911164
    }
}