{
    "summa_qa": {
        "summaqa_avg_prob": 0.07797406056039971,
        "summaqa_avg_fscore": 0.004099050496331464
    }
}