{
    "summa_qa": {
        "summaqa_avg_prob": 0.07044855179057256,
        "summaqa_avg_fscore": 0.0038093397314182945
    }
}