{
    "summa_qa": {
        "summaqa_avg_prob": 0.053161728686057536,
        "summaqa_avg_fscore": 0.004703283855710377
    }
}