{
    "summa_qa": {
        "summaqa_avg_prob": 0.08268933369740898,
        "summaqa_avg_fscore": 0.0008304898323465198
    }
}