{
    "summa_qa": {
        "summaqa_avg_prob": 0.09728527320106044,
        "summaqa_avg_fscore": 0.0066660844758827465
    }
}