{
    "summa_qa": {
        "summaqa_avg_prob": 0.061639410675360516,
        "summaqa_avg_fscore": 0.006493506493506494
    }
}