{
    "summa_qa": {
        "summaqa_avg_prob": 0.07076882957480848,
        "summaqa_avg_fscore": 0.003066019068854111
    }
}