{
    "summa_qa": {
        "summaqa_avg_prob": 0.07379803641607093,
        "summaqa_avg_fscore": 0.05941815282661902
    }
}