{
    "summa_qa": {
        "summaqa_avg_prob": 0.057031293216845726,
        "summaqa_avg_fscore": 0.002204472337121032
    }
}