{
    "summa_qa": {
        "summaqa_avg_prob": 0.058811518539876706,
        "summaqa_avg_fscore": 0.01098901098901099
    }
}