{
    "summa_qa": {
        "summaqa_avg_prob": 0.04777980370613477,
        "summaqa_avg_fscore": 0.006421253733640675
    }
}