{
    "summa_qa": {
        "summaqa_avg_prob": 0.07740798695205804,
        "summaqa_avg_fscore": 4.81069899456391e-05
    }
}