{
    "summa_qa": {
        "summaqa_avg_prob": 0.07090786714421994,
        "summaqa_avg_fscore": 0.0005646527385657821
    }
}