{
    "summa_qa": {
        "summaqa_avg_prob": 0.04124448912569525,
        "summaqa_avg_fscore": 0.016225970843187238
    }
}