{
    "summa_qa": {
        "summaqa_avg_prob": 0.06065532182496141,
        "summaqa_avg_fscore": 0.016308400456426446
    }
}