{
    "summa_qa": {
        "summaqa_avg_prob": 0.058479286514043716,
        "summaqa_avg_fscore": 0.08396476385606821
    }
}