{
    "summa_qa": {
        "summaqa_avg_prob": 0.046409851279930636,
        "summaqa_avg_fscore": 0.005862309299904414
    }
}