{
    "summa_qa": {
        "summaqa_avg_prob": 0.08630000046369704,
        "summaqa_avg_fscore": 0.002589877267296622
    }
}