{
    "summa_qa": {
        "summaqa_avg_prob": 0.08240600096506304,
        "summaqa_avg_fscore": 0.00021312537620484098
    }
}