{
    "summa_qa": {
        "summaqa_avg_prob": 0.07131868563147033,
        "summaqa_avg_fscore": 0.027490223864533255
    }
}