{
    "summa_qa": {
        "summaqa_avg_prob": 0.07318809413662676,
        "summaqa_avg_fscore": 0.009533431007510324
    }
}