{
    "summa_qa": {
        "summaqa_avg_prob": 0.1002671414078866,
        "summaqa_avg_fscore": 0.0037016675829210192
    }
}