{
    "summa_qa": {
        "summaqa_avg_prob": 0.06600847957442965,
        "summaqa_avg_fscore": 0.0014623712057922583
    }
}