{
    "summa_qa": {
        "summaqa_avg_prob": 0.06784943141013709,
        "summaqa_avg_fscore": 0.03402430902430902
    }
}