{
    "summa_qa": {
        "summaqa_avg_prob": 0.04384585821568627,
        "summaqa_avg_fscore": 0.0003024803387779794
    }
}