{
    "summa_qa": {
        "summaqa_avg_prob": 0.03093691732588013,
        "summaqa_avg_fscore": 5.841121495327104e-05
    }
}