{
    "summa_qa": {
        "summaqa_avg_prob": 0.05603751039137891,
        "summaqa_avg_fscore": 0.008209967567012711
    }
}