{
    "summa_qa": {
        "summaqa_avg_prob": 0.018624561333672768,
        "summaqa_avg_fscore": 0.013647642679900745
    }
}