{
    "summa_qa": {
        "summaqa_avg_prob": 0.0503902470562556,
        "summaqa_avg_fscore": 0.00022844161504036523
    }
}