{
    "summa_qa": {
        "summaqa_avg_prob": 0.12691765642475064,
        "summaqa_avg_fscore": 0.02934959349593496
    }
}