{
    "summa_qa": {
        "summaqa_avg_prob": 0.08093101290466931,
        "summaqa_avg_fscore": 0.002232348503562492
    }
}