{
    "summa_qa": {
        "summaqa_avg_prob": 0.10407614810769096,
        "summaqa_avg_fscore": 0.01861958493667473
    }
}