{
    "summa_qa": {
        "summaqa_avg_prob": 0.07516520935584042,
        "summaqa_avg_fscore": 0.0017031747628147103
    }
}