{
    "summa_qa": {
        "summaqa_avg_prob": 0.039103266266533654,
        "summaqa_avg_fscore": 0.003957841224196365
    }
}