{
    "summa_qa": {
        "summaqa_avg_prob": 0.08795516484183032,
        "summaqa_avg_fscore": 0.017247609162137238
    }
}