{
    "summa_qa": {
        "summaqa_avg_prob": 0.05870615102761364,
        "summaqa_avg_fscore": 0.012561086429407188
    }
}