{
    "summa_qa": {
        "summaqa_avg_prob": 0.06727236021597902,
        "summaqa_avg_fscore": 0.009534402398878785
    }
}