{
    "summa_qa": {
        "summaqa_avg_prob": 0.057839508044736365,
        "summaqa_avg_fscore": 0.0006639491075288741
    }
}