{
    "summa_qa": {
        "summaqa_avg_prob": 0.08269188641274364,
        "summaqa_avg_fscore": 0.0007919103313840156
    }
}