{
    "summa_qa": {
        "summaqa_avg_prob": 0.08007408515366965,
        "summaqa_avg_fscore": 0.0015356680580437664
    }
}