{
    "summa_qa": {
        "summaqa_avg_prob": 0.07583653271552991,
        "summaqa_avg_fscore": 0.007779969318430856
    }
}