{
    "summa_qa": {
        "summaqa_avg_prob": 0.08491210400027006,
        "summaqa_avg_fscore": 0.023884732612912164
    }
}