{
    "summa_qa": {
        "summaqa_avg_prob": 0.03517962284754964,
        "summaqa_avg_fscore": 0.00012950356964967625
    }
}