{
    "summa_qa": {
        "summaqa_avg_prob": 0.08529410790246232,
        "summaqa_avg_fscore": 0.0004680145007298252
    }
}