{
    "summa_qa": {
        "summaqa_avg_prob": 0.053585980021385204,
        "summaqa_avg_fscore": 0.00170784140465626
    }
}