{
    "summa_qa": {
        "summaqa_avg_prob": 0.04828177032030355,
        "summaqa_avg_fscore": 0.0002464704474754726
    }
}