{
    "summa_qa": {
        "summaqa_avg_prob": 0.07122783929543028,
        "summaqa_avg_fscore": 0.01312268423219432
    }
}