{
    "summa_qa": {
        "summaqa_avg_prob": 0.03180677116438297,
        "summaqa_avg_fscore": 0.0004076701097415829
    }
}