{
    "summa_qa": {
        "summaqa_avg_prob": 0.07859975469552657,
        "summaqa_avg_fscore": 0.00045454545454545455
    }
}