{
    "summa_qa": {
        "summaqa_avg_prob": 0.08699438266299016,
        "summaqa_avg_fscore": 0.018766814635458703
    }
}