{
    "summa_qa": {
        "summaqa_avg_prob": 0.084835236779756,
        "summaqa_avg_fscore": 0.02188789429080431
    }
}