{
    "summa_qa": {
        "summaqa_avg_prob": 0.043917085379935265,
        "summaqa_avg_fscore": 0.010576537233180276
    }
}