{
    "summa_qa": {
        "summaqa_avg_prob": 0.07328941382064008,
        "summaqa_avg_fscore": 0.0004846142238627527
    }
}