{
    "summa_qa": {
        "summaqa_avg_prob": 0.03743382342569627,
        "summaqa_avg_fscore": 0.0030112687440273646
    }
}