{
    "summa_qa": {
        "summaqa_avg_prob": 0.07231680572890657,
        "summaqa_avg_fscore": 0.00783381744564739
    }
}