{
    "summa_qa": {
        "summaqa_avg_prob": 0.027948261045795536,
        "summaqa_avg_fscore": 0.002413521541693565
    }
}