{
    "summa_qa": {
        "summaqa_avg_prob": 0.04418382227807148,
        "summaqa_avg_fscore": 0.00022302776725760008
    }
}