{
    "summa_qa": {
        "summaqa_avg_prob": 0.08609363132621177,
        "summaqa_avg_fscore": 0.0034102947221958703
    }
}