{
    "summa_qa": {
        "summaqa_avg_prob": 0.03409071906526493,
        "summaqa_avg_fscore": 0.001018002339011757
    }
}