{
    "summa_qa": {
        "summaqa_avg_prob": 0.04920751771384079,
        "summaqa_avg_fscore": 0.018619375461027786
    }
}