{
    "summa_qa": {
        "summaqa_avg_prob": 0.03898740876083829,
        "summaqa_avg_fscore": 0.0003650967506389193
    }
}