{
    "summa_qa": {
        "summaqa_avg_prob": 0.08645790649188104,
        "summaqa_avg_fscore": 0.00029109376935463894
    }
}