{
    "summa_qa": {
        "summaqa_avg_prob": 0.07220465196082748,
        "summaqa_avg_fscore": 0.01027445460942998
    }
}