{
    "summa_qa": {
        "summaqa_avg_prob": 0.08198088904099149,
        "summaqa_avg_fscore": 0.001698140828575611
    }
}