{
    "summa_qa": {
        "summaqa_avg_prob": 0.029250719333786725,
        "summaqa_avg_fscore": 0.0021923799056646977
    }
}