{
    "summa_qa": {
        "summaqa_avg_prob": 0.08943239652564929,
        "summaqa_avg_fscore": 0.017575071432422235
    }
}