{
    "summa_qa": {
        "summaqa_avg_prob": 0.06460418990275389,
        "summaqa_avg_fscore": 0.0019662132338188676
    }
}