{
    "summa_qa": {
        "summaqa_avg_prob": 0.055638576403672445,
        "summaqa_avg_fscore": 0.005975907478411652
    }
}