{
    "summa_qa": {
        "summaqa_avg_prob": 0.07289539334816847,
        "summaqa_avg_fscore": 0.004715208255031264
    }
}