{
    "summa_qa": {
        "summaqa_avg_prob": 0.062447011636869686,
        "summaqa_avg_fscore": 0.005743711626064568
    }
}