{
    "summa_qa": {
        "summaqa_avg_prob": 0.09775121703617284,
        "summaqa_avg_fscore": 0.018656905932787942
    }
}