{
    "summa_qa": {
        "summaqa_avg_prob": 0.02891588442987627,
        "summaqa_avg_fscore": 0.0025637300304499695
    }
}