{
    "summa_qa": {
        "summaqa_avg_prob": 0.04969912802059931,
        "summaqa_avg_fscore": 0.02874648504975654
    }
}