{
    "summa_qa": {
        "summaqa_avg_prob": 0.0771787555049394,
        "summaqa_avg_fscore": 0.00887591677892531
    }
}