{
    "summa_qa": {
        "summaqa_avg_prob": 0.05798074860276435,
        "summaqa_avg_fscore": 0.05066884039833506
    }
}