{
    "summa_qa": {
        "summaqa_avg_prob": 0.10277889444259927,
        "summaqa_avg_fscore": 0.013324771258289262
    }
}