{
    "summa_qa": {
        "summaqa_avg_prob": 0.0321390049087183,
        "summaqa_avg_fscore": 0.0033789739672092614
    }
}