{
    "summa_qa": {
        "summaqa_avg_prob": 0.059138040015829896,
        "summaqa_avg_fscore": 0.000450755014649538
    }
}