{
    "summa_qa": {
        "summaqa_avg_prob": 0.09673341283840793,
        "summaqa_avg_fscore": 7.28862973760933e-05
    }
}