{
    "summa_qa": {
        "summaqa_avg_prob": 0.07889568680316308,
        "summaqa_avg_fscore": 0.011799410029498525
    }
}