{
    "summa_qa": {
        "summaqa_avg_prob": 0.11374380040718746,
        "summaqa_avg_fscore": 0.01875848451190917
    }
}