{
    "summa_qa": {
        "summaqa_avg_prob": 0.09389517333716974,
        "summaqa_avg_fscore": 3.0958793845391784e-05
    }
}