{
    "summa_qa": {
        "summaqa_avg_prob": 0.0756487184294163,
        "summaqa_avg_fscore": 5.876476464711759e-05
    }
}