{
    "summa_qa": {
        "summaqa_avg_prob": 0.05635144125648926,
        "summaqa_avg_fscore": 0.023320748789646656
    }
}