{
    "summa_qa": {
        "summaqa_avg_prob": 0.08100531351417156,
        "summaqa_avg_fscore": 0.03542219274977896
    }
}