{
    "summa_qa": {
        "summaqa_avg_prob": 0.05297831179649872,
        "summaqa_avg_fscore": 0.005163511187607573
    }
}