{
    "summa_qa": {
        "summaqa_avg_prob": 0.03667720278089374,
        "summaqa_avg_fscore": 0.00412268509967616
    }
}