{
    "summa_qa": {
        "summaqa_avg_prob": 0.06303704587425438,
        "summaqa_avg_fscore": 0.0010429817774436322
    }
}