{
    "summa_qa": {
        "summaqa_avg_prob": 0.05845497517501324,
        "summaqa_avg_fscore": 0.01500707185230995
    }
}