{
    "summa_qa": {
        "summaqa_avg_prob": 0.05657878980585422,
        "summaqa_avg_fscore": 0.005790900540361101
    }
}