{
    "summa_qa": {
        "summaqa_avg_prob": 0.03794400423147484,
        "summaqa_avg_fscore": 0.01164205463199705
    }
}