{
    "summa_qa": {
        "summaqa_avg_prob": 0.09995918570408471,
        "summaqa_avg_fscore": 0.007636549765537282
    }
}