{
    "summa_qa": {
        "summaqa_avg_prob": 0.07977971732034347,
        "summaqa_avg_fscore": 0.004212708387885136
    }
}