{
    "summa_qa": {
        "summaqa_avg_prob": 0.06195495304459496,
        "summaqa_avg_fscore": 0.00020479213598197828
    }
}