{
    "summa_qa": {
        "summaqa_avg_prob": 0.09243741574308534,
        "summaqa_avg_fscore": 0.002065853448646788
    }
}