{
    "summa_qa": {
        "summaqa_avg_prob": 0.05464306964194031,
        "summaqa_avg_fscore": 0.00024539877300613504
    }
}