{
    "summa_qa": {
        "summaqa_avg_prob": 0.09518674971355547,
        "summaqa_avg_fscore": 5.194535348813048e-05
    }
}