{
    "summa_qa": {
        "summaqa_avg_prob": 0.09802757670845964,
        "summaqa_avg_fscore": 0.00150519978106185
    }
}