{
    "summa_qa": {
        "summaqa_avg_prob": 0.08131439700294535,
        "summaqa_avg_fscore": 0.07642831898379572
    }
}