{
    "summa_qa": {
        "summaqa_avg_prob": 0.031126250084110515,
        "summaqa_avg_fscore": 0.0038174139051332036
    }
}