{
    "summa_qa": {
        "summaqa_avg_prob": 0.072615545490717,
        "summaqa_avg_fscore": 0.011422265375059311
    }
}