{
    "summa_qa": {
        "summaqa_avg_prob": 0.09760070877405538,
        "summaqa_avg_fscore": 0.0005646527385657821
    }
}