{
    "summa_qa": {
        "summaqa_avg_prob": 0.09834782124856134,
        "summaqa_avg_fscore": 6.345580303318739e-05
    }
}