{
    "summa_qa": {
        "summaqa_avg_prob": 0.09548562907797913,
        "summaqa_avg_fscore": 0.00436046511627907
    }
}