{
    "summa_qa": {
        "summaqa_avg_prob": 0.1009571864020657,
        "summaqa_avg_fscore": 0.031095878154701686
    }
}