{
    "summa_qa": {
        "summaqa_avg_prob": 0.09811703717211907,
        "summaqa_avg_fscore": 0.006098787341023366
    }
}