{
    "summa_qa": {
        "summaqa_avg_prob": 0.08303394211258316,
        "summaqa_avg_fscore": 0.010649639972948245
    }
}