{
    "summa_qa": {
        "summaqa_avg_prob": 0.08143068782351527,
        "summaqa_avg_fscore": 0.00015860428231562253
    }
}