{
    "summa_qa": {
        "summaqa_avg_prob": 0.06312339606419846,
        "summaqa_avg_fscore": 0.026436335108798878
    }
}