{
    "summa_qa": {
        "summaqa_avg_prob": 0.10517256406397427,
        "summaqa_avg_fscore": 0.0012070909349884962
    }
}