{
    "summa_qa": {
        "summaqa_avg_prob": 0.08887653483295853,
        "summaqa_avg_fscore": 0.0005065856129685917
    }
}