{
    "summa_qa": {
        "summaqa_avg_prob": 0.0915789389141263,
        "summaqa_avg_fscore": 0.0062557924003707145
    }
}