{
    "summa_qa": {
        "summaqa_avg_prob": 0.09814010192987634,
        "summaqa_avg_fscore": 4.9751243781094526e-05
    }
}