{
    "summa_qa": {
        "summaqa_avg_prob": 0.10282335840389356,
        "summaqa_avg_fscore": 0.005405405405405406
    }
}