{
    "summa_qa": {
        "summaqa_avg_prob": 0.04769147704828972,
        "summaqa_avg_fscore": 0.0030852838310465426
    }
}