{
    "summa_qa": {
        "summaqa_avg_prob": 0.07637991145020351,
        "summaqa_avg_fscore": 0.00015762925598991173
    }
}