{
    "summa_qa": {
        "summaqa_avg_prob": 0.06932963100151798,
        "summaqa_avg_fscore": 0.006235191420376605
    }
}