{
    "summa_qa": {
        "summaqa_avg_prob": 0.039798200418630164,
        "summaqa_avg_fscore": 0.009977324263038548
    }
}