{
    "summa_qa": {
        "summaqa_avg_prob": 0.0986567958336471,
        "summaqa_avg_fscore": 0.0023102310231023103
    }
}