{
    "summa_qa": {
        "summaqa_avg_prob": 0.10655484991148115,
        "summaqa_avg_fscore": 0.00909090909090909
    }
}