{
    "summa_qa": {
        "summaqa_avg_prob": 0.10048994911385443,
        "summaqa_avg_fscore": 0.002628710380680865
    }
}