{
    "summa_qa": {
        "summaqa_avg_prob": 0.05882267822801856,
        "summaqa_avg_fscore": 0.021490757304710794
    }
}