{
    "summa_qa": {
        "summaqa_avg_prob": 0.09170852607064223,
        "summaqa_avg_fscore": 0.03062508310065151
    }
}