{
    "summa_qa": {
        "summaqa_avg_prob": 0.09004311886526062,
        "summaqa_avg_fscore": 5.577244841048523e-05
    }
}