{
    "summa_qa": {
        "summaqa_avg_prob": 0.10586393083464515,
        "summaqa_avg_fscore": 3.14955669989449e-05
    }
}