{
    "summa_qa": {
        "summaqa_avg_prob": 0.092537449980822,
        "summaqa_avg_fscore": 9.759430049285122e-05
    }
}