{
    "summa_qa": {
        "summaqa_avg_prob": 0.10687149224680996,
        "summaqa_avg_fscore": 0.009846461949265688
    }
}