{
    "summa_qa": {
        "summaqa_avg_prob": 0.0499303772621995,
        "summaqa_avg_fscore": 0.013155405975240638
    }
}