{
    "summa_qa": {
        "summaqa_avg_prob": 0.09347511700388327,
        "summaqa_avg_fscore": 0.003334179571803334
    }
}