{
    "summa_qa": {
        "summaqa_avg_prob": 0.0443432690176119,
        "summaqa_avg_fscore": 0.049688574763394715
    }
}