{
    "summa_qa": {
        "summaqa_avg_prob": 0.06308696072198691,
        "summaqa_avg_fscore": 0.00577521399738232
    }
}