{
    "summa_qa": {
        "summaqa_avg_prob": 0.09264502854887069,
        "summaqa_avg_fscore": 0.0009493585778447141
    }
}