{
    "summa_qa": {
        "summaqa_avg_prob": 0.04787580093093758,
        "summaqa_avg_fscore": 0.012796944514396039
    }
}