{
    "summa_qa": {
        "summaqa_avg_prob": 0.09701144854527717,
        "summaqa_avg_fscore": 0.0018656716417910447
    }
}