{
    "summa_qa": {
        "summaqa_avg_prob": 0.09861025610702362,
        "summaqa_avg_fscore": 0.0005330490405117271
    }
}