{
    "summa_qa": {
        "summaqa_avg_prob": 0.06934052216869221,
        "summaqa_avg_fscore": 0.002056123787044322
    }
}