{
    "summa_qa": {
        "summaqa_avg_prob": 0.10631207102097762,
        "summaqa_avg_fscore": 0.007102272727272727
    }
}