{
    "summa_qa": {
        "summaqa_avg_prob": 0.0571345510820572,
        "summaqa_avg_fscore": 0.0031907343076440276
    }
}