{
    "summa_qa": {
        "summaqa_avg_prob": 0.045709881016385526,
        "summaqa_avg_fscore": 0.0002861652978123244
    }
}