{
    "summa_qa": {
        "summaqa_avg_prob": 0.08094400925177996,
        "summaqa_avg_fscore": 0.0001416029453412631
    }
}