{
    "summa_qa": {
        "summaqa_avg_prob": 0.08863484058784614,
        "summaqa_avg_fscore": 0.01046005545471167
    }
}