{
    "summa_qa": {
        "summaqa_avg_prob": 0.0799035281922099,
        "summaqa_avg_fscore": 0.04314232308378564
    }
}