{
    "summa_qa": {
        "summaqa_avg_prob": 0.04017940035097671,
        "summaqa_avg_fscore": 0.00561003622228112
    }
}