{
    "summa_qa": {
        "summaqa_avg_prob": 0.10652840444415906,
        "summaqa_avg_fscore": 0.019933554817275746
    }
}