{
    "summa_qa": {
        "summaqa_avg_prob": 0.09948131744181965,
        "summaqa_avg_fscore": 0.00026226068712300026
    }
}