{
    "summa_qa": {
        "summaqa_avg_prob": 0.10495099606102004,
        "summaqa_avg_fscore": 0.004710975299210593
    }
}