{
    "summa_qa": {
        "summaqa_avg_prob": 0.09259730895532162,
        "summaqa_avg_fscore": 0.004723084886128365
    }
}