{
    "summa_qa": {
        "summaqa_avg_prob": 0.05014138611967765,
        "summaqa_avg_fscore": 0.019915897341682358
    }
}