{
    "summa_qa": {
        "summaqa_avg_prob": 0.10781586898166105,
        "summaqa_avg_fscore": 0.005504587155963303
    }
}