{
    "summa_qa": {
        "summaqa_avg_prob": 0.09842390330548552,
        "summaqa_avg_fscore": 0.0020554984583761563
    }
}