{
    "summa_qa": {
        "summaqa_avg_prob": 0.10180956383447835,
        "summaqa_avg_fscore": 0.0005657708628005659
    }
}