{
    "summa_qa": {
        "summaqa_avg_prob": 0.06841075326834799,
        "summaqa_avg_fscore": 0.004926108374384236
    }
}