{
    "summa_qa": {
        "summaqa_avg_prob": 0.04978623311382059,
        "summaqa_avg_fscore": 0.0013689236831297723
    }
}