{
    "summa_qa": {
        "summaqa_avg_prob": 0.09197139738351544,
        "summaqa_avg_fscore": 0.004301075268817204
    }
}