{
    "summa_qa": {
        "summaqa_avg_prob": 0.10768179781054595,
        "summaqa_avg_fscore": 0.006493506493506494
    }
}