{
    "summa_qa": {
        "summaqa_avg_prob": 0.08541634639400286,
        "summaqa_avg_fscore": 0.006424991628213206
    }
}