{
    "summa_qa": {
        "summaqa_avg_prob": 0.07620394697296433,
        "summaqa_avg_fscore": 0.017274017574819712
    }
}