{
    "summa_qa": {
        "summaqa_avg_prob": 0.07013134796529155,
        "summaqa_avg_fscore": 0.029584695859873375
    }
}