{
    "summa_qa": {
        "summaqa_avg_prob": 0.07899425133800216,
        "summaqa_avg_fscore": 0.019751032083739434
    }
}