{
    "summa_qa": {
        "summaqa_avg_prob": 0.07437230582288701,
        "summaqa_avg_fscore": 0.0027076226321065223
    }
}