{
    "summa_qa": {
        "summaqa_avg_prob": 0.0720119080863301,
        "summaqa_avg_fscore": 0.006184840321928471
    }
}