{
    "summa_qa": {
        "summaqa_avg_prob": 0.08304745087819446,
        "summaqa_avg_fscore": 0.00019173617102866456
    }
}