{
    "summa_qa": {
        "summaqa_avg_prob": 0.0802760370989046,
        "summaqa_avg_fscore": 0.0017160017160017158
    }
}