{
    "summa_qa": {
        "summaqa_avg_prob": 0.07249708180736618,
        "summaqa_avg_fscore": 0.009049227799227798
    }
}