{
    "summa_qa": {
        "summaqa_avg_prob": 0.10128468732582405,
        "summaqa_avg_fscore": 0.00011326130277743181
    }
}