{
    "summa_qa": {
        "summaqa_avg_prob": 0.07410716355409262,
        "summaqa_avg_fscore": 0.0038551759306476286
    }
}