{
    "summa_qa": {
        "summaqa_avg_prob": 0.10410880180068942,
        "summaqa_avg_fscore": 0.0018315018315018315
    }
}