{
    "summa_qa": {
        "summaqa_avg_prob": 0.0979328682049924,
        "summaqa_avg_fscore": 0.001822489520685256
    }
}