{
    "summa_qa": {
        "summaqa_avg_prob": 0.06558946493817996,
        "summaqa_avg_fscore": 0.0024570024570024565
    }
}