{
    "summa_qa": {
        "summaqa_avg_prob": 0.06788878021468843,
        "summaqa_avg_fscore": 0.0004369328090139625
    }
}