{
    "summa_qa": {
        "summaqa_avg_prob": 0.08608826099889436,
        "summaqa_avg_fscore": 0.0013303145527313654
    }
}