{
    "summa_qa": {
        "summaqa_avg_prob": 0.07676452936150513,
        "summaqa_avg_fscore": 0.01771663504111322
    }
}