{
    "summa_qa": {
        "summaqa_avg_prob": 0.09859324595529026,
        "summaqa_avg_fscore": 0.002763385146804836
    }
}