{
    "summa_qa": {
        "summaqa_avg_prob": 0.027865989490382766,
        "summaqa_avg_fscore": 0.03371348539415766
    }
}