{
    "summa_qa": {
        "summaqa_avg_prob": 0.045278568297988216,
        "summaqa_avg_fscore": 0.002316942434573604
    }
}