{
    "summa_qa": {
        "summaqa_avg_prob": 0.0983056549270858,
        "summaqa_avg_fscore": 8.730574471800245e-05
    }
}