{
    "summa_qa": {
        "summaqa_avg_prob": 0.0852190639314935,
        "summaqa_avg_fscore": 0.007342143906020557
    }
}