{
    "summa_qa": {
        "summaqa_avg_prob": 0.08977291807357414,
        "summaqa_avg_fscore": 0.0022093344380005524
    }
}