{
    "summa_qa": {
        "summaqa_avg_prob": 0.09803228936856163,
        "summaqa_avg_fscore": 0.014732547984753642
    }
}