{
    "summa_qa": {
        "summaqa_avg_prob": 0.10339793268220272,
        "summaqa_avg_fscore": 0.003025866276232308
    }
}