{
    "summa_qa": {
        "summaqa_avg_prob": 0.05019687314895666,
        "summaqa_avg_fscore": 0.005494505494505495
    }
}