{
    "summa_qa": {
        "summaqa_avg_prob": 0.0989084517359539,
        "summaqa_avg_fscore": 0.004786771105308964
    }
}