{
    "summa_qa": {
        "summaqa_avg_prob": 0.07478889032090838,
        "summaqa_avg_fscore": 0.005193718308472406
    }
}