{
    "summa_qa": {
        "summaqa_avg_prob": 0.09604490826548558,
        "summaqa_avg_fscore": 0.0005590946055841692
    }
}