{
    "summa_qa": {
        "summaqa_avg_prob": 0.08961817301472377,
        "summaqa_avg_fscore": 0.008918068992006143
    }
}