{
    "summa_qa": {
        "summaqa_avg_prob": 0.05723774728253802,
        "summaqa_avg_fscore": 0.016385723970142166
    }
}