{
    "summa_qa": {
        "summaqa_avg_prob": 0.09741839108813903,
        "summaqa_avg_fscore": 0.0021870673068277863
    }
}