{
    "summa_qa": {
        "summaqa_avg_prob": 0.07788033055714069,
        "summaqa_avg_fscore": 4.50937950937951e-05
    }
}