{
    "summa_qa": {
        "summaqa_avg_prob": 0.05568624984067982,
        "summaqa_avg_fscore": 0.0023083480883992393
    }
}