{
    "summa_qa": {
        "summaqa_avg_prob": 0.09078720799389195,
        "summaqa_avg_fscore": 0.006024096385542169
    }
}