{
    "summa_qa": {
        "summaqa_avg_prob": 0.10385432820215369,
        "summaqa_avg_fscore": 0.008713511640603324
    }
}