{
    "summa_qa": {
        "summaqa_avg_prob": 0.09244087398295447,
        "summaqa_avg_fscore": 0.00013382236320380652
    }
}