{
    "summa_qa": {
        "summaqa_avg_prob": 0.09783327671109011,
        "summaqa_avg_fscore": 0.01403654485049834
    }
}