{
    "summa_qa": {
        "summaqa_avg_prob": 0.06416726666814974,
        "summaqa_avg_fscore": 0.00014281102269509763
    }
}