{
    "summa_qa": {
        "summaqa_avg_prob": 0.0684265927746624,
        "summaqa_avg_fscore": 0.002697841726618705
    }
}