{
    "summa_qa": {
        "summaqa_avg_prob": 0.08891317154527367,
        "summaqa_avg_fscore": 0.0037460497019320546
    }
}