{
    "summa_qa": {
        "summaqa_avg_prob": 0.09577579226225907,
        "summaqa_avg_fscore": 0.013564116284965585
    }
}