{
    "summa_qa": {
        "summaqa_avg_prob": 0.10277550063042398,
        "summaqa_avg_fscore": 0.00010240655401945725
    }
}