{
    "summa_qa": {
        "summaqa_avg_prob": 0.09835539048638767,
        "summaqa_avg_fscore": 0.000749063670411985
    }
}