{
    "summa_qa": {
        "summaqa_avg_prob": 0.109771065020144,
        "summaqa_avg_fscore": 0.007758379526613592
    }
}