{
    "summa_qa": {
        "summaqa_avg_prob": 0.10432765041574081,
        "summaqa_avg_fscore": 1.653015513550595e-05
    }
}