{
    "summa_qa": {
        "summaqa_avg_prob": 0.020138647782402562,
        "summaqa_avg_fscore": 0.013496426608026387
    }
}