{
    "summa_qa": {
        "summaqa_avg_prob": 0.09165823858884076,
        "summaqa_avg_fscore": 0.006254540646742906
    }
}