{
    "summa_qa": {
        "summaqa_avg_prob": 0.06464967911172229,
        "summaqa_avg_fscore": 0.0001518372304889159
    }
}