{
    "summa_qa": {
        "summaqa_avg_prob": 0.07207082109648343,
        "summaqa_avg_fscore": 0.0009159551420925195
    }
}