{
    "summa_qa": {
        "summaqa_avg_prob": 0.0989251451417055,
        "summaqa_avg_fscore": 1.675041876046901e-05
    }
}