{
    "summa_qa": {
        "summaqa_avg_prob": 0.09971361685352834,
        "summaqa_avg_fscore": 0.0013175230566534913
    }
}