{
    "summa_qa": {
        "summaqa_avg_prob": 0.08248495498467326,
        "summaqa_avg_fscore": 0.016182917611489038
    }
}