{
    "summa_qa": {
        "summaqa_avg_prob": 0.11757852483777642,
        "summaqa_avg_fscore": 0.017341040462427744
    }
}