{
    "summa_qa": {
        "summaqa_avg_prob": 0.0915109728505327,
        "summaqa_avg_fscore": 0.00011961722488038278
    }
}