{
    "summa_qa": {
        "summaqa_avg_prob": 0.06818610472382627,
        "summaqa_avg_fscore": 0.01223342152877385
    }
}