{
    "summa_qa": {
        "summaqa_avg_prob": 0.053446426624157134,
        "summaqa_avg_fscore": 0.003067916764944833
    }
}