{
    "summa_qa": {
        "summaqa_avg_prob": 0.08331462062424837,
        "summaqa_avg_fscore": 0.0002061855670103093
    }
}