{
    "summa_qa": {
        "summaqa_avg_prob": 0.09057560779287346,
        "summaqa_avg_fscore": 0.001020408163265306
    }
}