{
    "summa_qa": {
        "summaqa_avg_prob": 0.08963585973952479,
        "summaqa_avg_fscore": 0.0026334596611094305
    }
}