{
    "summa_qa": {
        "summaqa_avg_prob": 0.09674449475427552,
        "summaqa_avg_fscore": 0.00011257669287201906
    }
}