{
    "summa_qa": {
        "summaqa_avg_prob": 0.11466117572137871,
        "summaqa_avg_fscore": 0.020720639153301697
    }
}