{
    "summa_qa": {
        "summaqa_avg_prob": 0.0537694840376654,
        "summaqa_avg_fscore": 0.0007158196134574087
    }
}