{
    "summa_qa": {
        "summaqa_avg_prob": 0.10614074908078833,
        "summaqa_avg_fscore": 0.01000284035603384
    }
}