{
    "summa_qa": {
        "summaqa_avg_prob": 0.09014221037859502,
        "summaqa_avg_fscore": 0.0031620553359683794
    }
}