{
    "summa_qa": {
        "summaqa_avg_prob": 0.10627000827930476,
        "summaqa_avg_fscore": 0.0010287081339712919
    }
}