{
    "summa_qa": {
        "summaqa_avg_prob": 0.03934188096383946,
        "summaqa_avg_fscore": 0.00024979691714720426
    }
}