{
    "summa_qa": {
        "summaqa_avg_prob": 0.08547013293364249,
        "summaqa_avg_fscore": 0.022718686428363846
    }
}