{
    "summa_qa": {
        "summaqa_avg_prob": 0.04421488270238991,
        "summaqa_avg_fscore": 0.008080841173376433
    }
}