{
    "summa_qa": {
        "summaqa_avg_prob": 0.054414273339567505,
        "summaqa_avg_fscore": 0.0006448766249193905
    }
}