{
    "summa_qa": {
        "summaqa_avg_prob": 0.07893302632706627,
        "summaqa_avg_fscore": 0.004415142905708943
    }
}