{
    "summa_qa": {
        "summaqa_avg_prob": 0.07900801369905351,
        "summaqa_avg_fscore": 0.040360501567398115
    }
}