{
    "summa_qa": {
        "summaqa_avg_prob": 0.09015090495162131,
        "summaqa_avg_fscore": 0.00018944775978024063
    }
}