{
    "summa_qa": {
        "summaqa_avg_prob": 0.08857704383863292,
        "summaqa_avg_fscore": 0.0034965034965034965
    }
}