{
    "summa_qa": {
        "summaqa_avg_prob": 0.1020568787074905,
        "summaqa_avg_fscore": 0.004855817036791515
    }
}