{
    "summa_qa": {
        "summaqa_avg_prob": 0.05699568048498804,
        "summaqa_avg_fscore": 0.010882275223173381
    }
}