{
    "summa_qa": {
        "summaqa_avg_prob": 0.09282530559889543,
        "summaqa_avg_fscore": 0.0003315649867374005
    }
}