{
    "summa_qa": {
        "summaqa_avg_prob": 0.06319601731524863,
        "summaqa_avg_fscore": 0.0030324383128121444
    }
}