{
    "summa_qa": {
        "summaqa_avg_prob": 0.07935076782766284,
        "summaqa_avg_fscore": 0.00017352073572791948
    }
}