{
    "summa_qa": {
        "summaqa_avg_prob": 0.08142367276808657,
        "summaqa_avg_fscore": 0.01587154211805658
    }
}