{
    "summa_qa": {
        "summaqa_avg_prob": 0.08360703139810656,
        "summaqa_avg_fscore": 0.007144090477423811
    }
}