{
    "summa_qa": {
        "summaqa_avg_prob": 0.060252454343329494,
        "summaqa_avg_fscore": 0.022208545775212443
    }
}