{
    "summa_qa": {
        "summaqa_avg_prob": 0.07741863244130837,
        "summaqa_avg_fscore": 0.0038089532093000585
    }
}