{
    "summa_qa": {
        "summaqa_avg_prob": 0.07236307286097308,
        "summaqa_avg_fscore": 0.0025188916876574307
    }
}