{
    "summa_qa": {
        "summaqa_avg_prob": 0.09468280257377773,
        "summaqa_avg_fscore": 6.060606060606061e-05
    }
}