{
    "summa_qa": {
        "summaqa_avg_prob": 0.08986512309952008,
        "summaqa_avg_fscore": 0.00015331751220500317
    }
}