{
    "summa_qa": {
        "summaqa_avg_prob": 0.07014242385427577,
        "summaqa_avg_fscore": 4.0890597207172214e-05
    }
}