{
    "summa_qa": {
        "summaqa_avg_prob": 0.09703386159059608,
        "summaqa_avg_fscore": 0.0029116332581087664
    }
}