{
    "summa_qa": {
        "summaqa_avg_prob": 0.059284519633223245,
        "summaqa_avg_fscore": 0.0003922187670615045
    }
}