{
    "rough_we": {
        "rouge_we_3_p": 0.36752136752136755,
        "rouge_we_3_r": 0.16996047430830039,
        "rouge_we_3_f": 0.23243243243243242
    }
}