{
    "rough_we": {
        "rouge_we_3_p": 0.46788990825688076,
        "rouge_we_3_r": 0.22666666666666666,
        "rouge_we_3_f": 0.30538922155688625
    }
}