{
    "rough_we": {
        "rouge_we_3_p": 0.4682080924855491,
        "rouge_we_3_r": 0.3875598086124402,
        "rouge_we_3_f": 0.4240837696335079
    }
}