{
    "rough_we": {
        "rouge_we_3_p": 0.44607843137254904,
        "rouge_we_3_r": 0.33579335793357934,
        "rouge_we_3_f": 0.3831578947368421
    }
}