{
    "rough_we": {
        "rouge_we_3_p": 0.3776223776223776,
        "rouge_we_3_r": 0.23893805309734514,
        "rouge_we_3_f": 0.2926829268292683
    }
}