{
    "rough_we": {
        "rouge_we_3_p": 0.5263157894736842,
        "rouge_we_3_r": 0.13452914798206278,
        "rouge_we_3_f": 0.21428571428571427
    }
}