{
    "rough_we": {
        "rouge_we_3_p": 0.680672268907563,
        "rouge_we_3_r": 0.20558375634517767,
        "rouge_we_3_f": 0.3157894736842105
    }
}