{
    "rough_we": {
        "rouge_we_3_p": 0.49019607843137253,
        "rouge_we_3_r": 0.3024193548387097,
        "rouge_we_3_f": 0.3740648379052369
    }
}