{
    "rough_we": {
        "rouge_we_3_p": 0.4,
        "rouge_we_3_r": 0.19138755980861244,
        "rouge_we_3_f": 0.25889967637540456
    }
}