{
    "rough_we": {
        "rouge_we_3_p": 0.34782608695652173,
        "rouge_we_3_r": 0.18181818181818182,
        "rouge_we_3_f": 0.2388059701492537
    }
}