{
    "rough_we": {
        "rouge_we_3_p": 0.375,
        "rouge_we_3_r": 0.2641509433962264,
        "rouge_we_3_f": 0.30996309963099633
    }
}