{
    "rough_we": {
        "rouge_we_3_p": 0.5263157894736842,
        "rouge_we_3_r": 0.25735294117647056,
        "rouge_we_3_f": 0.345679012345679
    }
}