{
    "rough_we": {
        "rouge_we_3_p": 0.43137254901960786,
        "rouge_we_3_r": 0.27385892116182575,
        "rouge_we_3_f": 0.3350253807106599
    }
}