{
    "rough_we": {
        "rouge_we_3_p": 0.4879518072289157,
        "rouge_we_3_r": 0.4576271186440678,
        "rouge_we_3_f": 0.47230320699708456
    }
}