{
    "rough_we": {
        "rouge_we_3_p": 0.376,
        "rouge_we_3_r": 0.1934156378600823,
        "rouge_we_3_f": 0.2554347826086957
    }
}