{
    "rough_we": {
        "rouge_we_3_p": 0.41605839416058393,
        "rouge_we_3_r": 0.22007722007722008,
        "rouge_we_3_f": 0.28787878787878785
    }
}