{
    "rough_we": {
        "rouge_we_3_p": 0.38961038961038963,
        "rouge_we_3_r": 0.22388059701492538,
        "rouge_we_3_f": 0.28436018957345977
    }
}