{
    "rough_we": {
        "rouge_we_3_p": 0.38405797101449274,
        "rouge_we_3_r": 0.21031746031746032,
        "rouge_we_3_f": 0.27179487179487183
    }
}