{
    "rough_we": {
        "rouge_we_3_p": 0.5075757575757576,
        "rouge_we_3_r": 0.22408026755852842,
        "rouge_we_3_f": 0.3109048723897912
    }
}