{
    "rough_we": {
        "rouge_we_3_p": 0.43333333333333335,
        "rouge_we_3_r": 0.19117647058823528,
        "rouge_we_3_f": 0.2653061224489796
    }
}