{
    "rough_we": {
        "rouge_we_3_p": 0.16393442622950818,
        "rouge_we_3_r": 0.09433962264150944,
        "rouge_we_3_f": 0.11976047904191617
    }
}