{
    "rough_we": {
        "rouge_we_3_p": 0.3014705882352941,
        "rouge_we_3_r": 0.23699421965317918,
        "rouge_we_3_f": 0.2653721682847896
    }
}