{
    "rough_we": {
        "rouge_we_3_p": 0.3787878787878788,
        "rouge_we_3_r": 0.18518518518518517,
        "rouge_we_3_f": 0.24875621890547261
    }
}