{
    "rough_we": {
        "rouge_we_3_p": 0.3333333333333333,
        "rouge_we_3_r": 0.2346368715083799,
        "rouge_we_3_f": 0.2754098360655738
    }
}