{
    "rough_we": {
        "rouge_we_3_p": 0.45528455284552843,
        "rouge_we_3_r": 0.24034334763948498,
        "rouge_we_3_f": 0.31460674157303364
    }
}