{
    "rough_we": {
        "rouge_we_3_p": 0.2792207792207792,
        "rouge_we_3_r": 0.16862745098039217,
        "rouge_we_3_f": 0.21026894865525672
    }
}