{
    "rough_we": {
        "rouge_we_3_p": 0.46621621621621623,
        "rouge_we_3_r": 0.24820143884892087,
        "rouge_we_3_f": 0.323943661971831
    }
}