{
    "rough_we": {
        "rouge_we_3_p": 0.26,
        "rouge_we_3_r": 0.1319796954314721,
        "rouge_we_3_f": 0.1750841750841751
    }
}