{
    "rough_we": {
        "rouge_we_3_p": 0.31952662721893493,
        "rouge_we_3_r": 0.2297872340425532,
        "rouge_we_3_f": 0.2673267326732674
    }
}