{
    "rough_we": {
        "rouge_we_3_p": 0.5811965811965812,
        "rouge_we_3_r": 0.2821576763485477,
        "rouge_we_3_f": 0.37988826815642457
    }
}