{
    "rough_we": {
        "rouge_we_3_p": 0.425531914893617,
        "rouge_we_3_r": 0.18779342723004694,
        "rouge_we_3_f": 0.26058631921824105
    }
}