{
    "rough_we": {
        "rouge_we_3_p": 0.4968553459119497,
        "rouge_we_3_r": 0.2540192926045016,
        "rouge_we_3_f": 0.33617021276595743
    }
}