{
    "rough_we": {
        "rouge_we_3_p": 0.3783783783783784,
        "rouge_we_3_r": 0.22857142857142856,
        "rouge_we_3_f": 0.2849872773536896
    }
}