{
    "rough_we": {
        "rouge_we_3_p": 0.43956043956043955,
        "rouge_we_3_r": 0.17777777777777778,
        "rouge_we_3_f": 0.2531645569620253
    }
}