{
    "rough_we": {
        "rouge_we_3_p": 0.5052631578947369,
        "rouge_we_3_r": 0.18532818532818532,
        "rouge_we_3_f": 0.2711864406779661
    }
}