{
    "rough_we": {
        "rouge_we_3_p": 0.5348837209302325,
        "rouge_we_3_r": 0.18956043956043955,
        "rouge_we_3_f": 0.27991886409736305
    }
}