{
    "rough_we": {
        "rouge_we_3_p": 0.39316239316239315,
        "rouge_we_3_r": 0.20535714285714285,
        "rouge_we_3_f": 0.2697947214076246
    }
}