{
    "rough_we": {
        "rouge_we_3_p": 0.5769230769230769,
        "rouge_we_3_r": 0.2329192546583851,
        "rouge_we_3_f": 0.331858407079646
    }
}