{
    "rough_we": {
        "rouge_we_3_p": 0.2978723404255319,
        "rouge_we_3_r": 0.26666666666666666,
        "rouge_we_3_f": 0.2814070351758794
    }
}