{
    "rough_we": {
        "rouge_we_3_p": 0.38345864661654133,
        "rouge_we_3_r": 0.26842105263157895,
        "rouge_we_3_f": 0.3157894736842105
    }
}