{
    "rough_we": {
        "rouge_we_3_p": 0.5984251968503937,
        "rouge_we_3_r": 0.35514018691588783,
        "rouge_we_3_f": 0.44574780058651026
    }
}