{
    "rough_we": {
        "rouge_we_3_p": 0.45864661654135336,
        "rouge_we_3_r": 0.3719512195121951,
        "rouge_we_3_f": 0.4107744107744108
    }
}