{
    "rough_we": {
        "rouge_we_3_p": 0.4153846153846154,
        "rouge_we_3_r": 0.19081272084805653,
        "rouge_we_3_f": 0.26150121065375304
    }
}