{
    "rough_we": {
        "rouge_we_3_p": 0.5364238410596026,
        "rouge_we_3_r": 0.34763948497854075,
        "rouge_we_3_f": 0.42187499999999994
    }
}