{
    "rough_we": {
        "rouge_we_3_p": 0.34513274336283184,
        "rouge_we_3_r": 0.14285714285714285,
        "rouge_we_3_f": 0.20207253886010362
    }
}