{
    "rough_we": {
        "rouge_we_3_p": 0.4236111111111111,
        "rouge_we_3_r": 0.2147887323943662,
        "rouge_we_3_f": 0.2850467289719626
    }
}