{
    "rough_we": {
        "rouge_we_3_p": 0.45625,
        "rouge_we_3_r": 0.24172185430463577,
        "rouge_we_3_f": 0.31601731601731603
    }
}