{
    "rough_we": {
        "rouge_we_3_p": 0.5642857142857143,
        "rouge_we_3_r": 0.24610591900311526,
        "rouge_we_3_f": 0.34273318872017355
    }
}