{
    "rough_we": {
        "rouge_we_3_p": 0.4603174603174603,
        "rouge_we_3_r": 0.327683615819209,
        "rouge_we_3_f": 0.3828382838283828
    }
}