{
    "rough_we": {
        "rouge_we_3_p": 0.35398230088495575,
        "rouge_we_3_r": 0.21390374331550802,
        "rouge_we_3_f": 0.26666666666666666
    }
}