{
    "rough_we": {
        "rouge_we_3_p": 0.5511811023622047,
        "rouge_we_3_r": 0.28112449799196787,
        "rouge_we_3_f": 0.3723404255319149
    }
}