{
    "rough_we": {
        "rouge_we_3_p": 0.3559322033898305,
        "rouge_we_3_r": 0.14634146341463414,
        "rouge_we_3_f": 0.2074074074074074
    }
}