{
    "rough_we": {
        "rouge_we_3_p": 0.3277310924369748,
        "rouge_we_3_r": 0.1652542372881356,
        "rouge_we_3_f": 0.21971830985915494
    }
}