{
    "rough_we": {
        "rouge_we_3_p": 0.3941176470588235,
        "rouge_we_3_r": 0.335,
        "rouge_we_3_f": 0.3621621621621622
    }
}