{
    "rough_we": {
        "rouge_we_3_p": 0.42857142857142855,
        "rouge_we_3_r": 0.2132701421800948,
        "rouge_we_3_f": 0.2848101265822785
    }
}