{
    "rough_we": {
        "rouge_we_3_p": 0.4186046511627907,
        "rouge_we_3_r": 0.25263157894736843,
        "rouge_we_3_f": 0.3150984682713348
    }
}