{
    "rough_we": {
        "rouge_we_3_p": 0.3769230769230769,
        "rouge_we_3_r": 0.17753623188405798,
        "rouge_we_3_f": 0.2413793103448276
    }
}