{
    "rough_we": {
        "rouge_we_3_p": 0.5,
        "rouge_we_3_r": 0.2857142857142857,
        "rouge_we_3_f": 0.36363636363636365
    }
}