{
    "rough_we": {
        "rouge_we_3_p": 0.4939759036144578,
        "rouge_we_3_r": 0.3178294573643411,
        "rouge_we_3_f": 0.38679245283018865
    }
}