{
    "rough_we": {
        "rouge_we_3_p": 0.3055555555555556,
        "rouge_we_3_r": 0.12222222222222222,
        "rouge_we_3_f": 0.1746031746031746
    }
}