{
    "rough_we": {
        "rouge_we_3_p": 0.2594594594594595,
        "rouge_we_3_r": 0.2696629213483146,
        "rouge_we_3_f": 0.2644628099173554
    }
}