{
    "rough_we": {
        "rouge_we_3_p": 0.5271317829457365,
        "rouge_we_3_r": 0.3076923076923077,
        "rouge_we_3_f": 0.38857142857142857
    }
}