{
    "rough_we": {
        "rouge_we_3_p": 0.40131578947368424,
        "rouge_we_3_r": 0.24497991967871485,
        "rouge_we_3_f": 0.3042394014962594
    }
}