{
    "rough_we": {
        "rouge_we_3_p": 0.25477707006369427,
        "rouge_we_3_r": 0.25,
        "rouge_we_3_f": 0.2523659305993691
    }
}