{
    "rough_we": {
        "rouge_we_3_p": 0.5,
        "rouge_we_3_r": 0.2549019607843137,
        "rouge_we_3_f": 0.33766233766233766
    }
}