{
    "rough_we": {
        "rouge_we_3_p": 0.35714285714285715,
        "rouge_we_3_r": 0.29850746268656714,
        "rouge_we_3_f": 0.32520325203252026
    }
}