{
    "rough_we": {
        "rouge_we_3_p": 0.28651685393258425,
        "rouge_we_3_r": 0.1895910780669145,
        "rouge_we_3_f": 0.22818791946308722
    }
}