{
    "rough_we": {
        "rouge_we_3_p": 0.2777777777777778,
        "rouge_we_3_r": 0.09615384615384616,
        "rouge_we_3_f": 0.14285714285714288
    }
}