{
    "rough_we": {
        "rouge_we_3_p": 0.3384615384615385,
        "rouge_we_3_r": 0.19555555555555557,
        "rouge_we_3_f": 0.24788732394366197
    }
}