{
    "rough_we": {
        "rouge_we_3_p": 0.4594594594594595,
        "rouge_we_3_r": 0.20058997050147492,
        "rouge_we_3_f": 0.27926078028747436
    }
}