{
    "rough_we": {
        "rouge_we_3_p": 0.49137931034482757,
        "rouge_we_3_r": 0.22709163346613545,
        "rouge_we_3_f": 0.3106267029972752
    }
}