{
    "rough_we": {
        "rouge_we_3_p": 0.378698224852071,
        "rouge_we_3_r": 0.2549800796812749,
        "rouge_we_3_f": 0.3047619047619048
    }
}