{
    "rough_we": {
        "rouge_we_3_p": 0.36283185840707965,
        "rouge_we_3_r": 0.2867132867132867,
        "rouge_we_3_f": 0.3203125
    }
}