{
    "rough_we": {
        "rouge_we_3_p": 0.5357142857142857,
        "rouge_we_3_r": 0.15706806282722513,
        "rouge_we_3_f": 0.24291497975708504
    }
}