{
    "rough_we": {
        "rouge_we_3_p": 0.2882882882882883,
        "rouge_we_3_r": 0.14883720930232558,
        "rouge_we_3_f": 0.19631901840490798
    }
}