{
    "rough_we": {
        "rouge_we_3_p": 0.3140495867768595,
        "rouge_we_3_r": 0.2900763358778626,
        "rouge_we_3_f": 0.30158730158730157
    }
}