{
    "rough_we": {
        "rouge_we_3_p": 0.47368421052631576,
        "rouge_we_3_r": 0.2985781990521327,
        "rouge_we_3_f": 0.3662790697674418
    }
}