{
    "rough_we": {
        "rouge_we_3_p": 0.452991452991453,
        "rouge_we_3_r": 0.4818181818181818,
        "rouge_we_3_f": 0.46696035242290745
    }
}