{
    "rough_we": {
        "rouge_we_3_p": 0.34306569343065696,
        "rouge_we_3_r": 0.21962616822429906,
        "rouge_we_3_f": 0.2678062678062678
    }
}