{
    "rough_we": {
        "rouge_we_3_p": 0.1953125,
        "rouge_we_3_r": 0.16233766233766234,
        "rouge_we_3_f": 0.17730496453900707
    }
}