{
    "rough_we": {
        "rouge_we_3_p": 0.631578947368421,
        "rouge_we_3_r": 0.17518248175182483,
        "rouge_we_3_f": 0.2742857142857143
    }
}