{
    "rough_we": {
        "rouge_we_3_p": 0.30275229357798167,
        "rouge_we_3_r": 0.16751269035532995,
        "rouge_we_3_f": 0.21568627450980393
    }
}