{
    "rough_we": {
        "rouge_we_3_p": 0.4953271028037383,
        "rouge_we_3_r": 0.31547619047619047,
        "rouge_we_3_f": 0.3854545454545455
    }
}