{
    "rough_we": {
        "rouge_we_3_p": 0.4857142857142857,
        "rouge_we_3_r": 0.2809917355371901,
        "rouge_we_3_f": 0.356020942408377
    }
}