{
    "rough_we": {
        "rouge_we_3_p": 0.47770700636942676,
        "rouge_we_3_r": 0.17084282460136674,
        "rouge_we_3_f": 0.25167785234899326
    }
}