{
    "rough_we": {
        "rouge_we_3_p": 0.3473684210526316,
        "rouge_we_3_r": 0.14732142857142858,
        "rouge_we_3_f": 0.20689655172413796
    }
}