{
    "rough_we": {
        "rouge_we_3_p": 0.40559440559440557,
        "rouge_we_3_r": 0.1864951768488746,
        "rouge_we_3_f": 0.2555066079295154
    }
}