{
    "rough_we": {
        "rouge_we_3_p": 0.2871287128712871,
        "rouge_we_3_r": 0.14356435643564355,
        "rouge_we_3_f": 0.19141914191419143
    }
}