{
    "rough_we": {
        "rouge_we_3_p": 0.3178294573643411,
        "rouge_we_3_r": 0.2827586206896552,
        "rouge_we_3_f": 0.29927007299270075
    }
}