{
    "rough_we": {
        "rouge_we_3_p": 0.46218487394957986,
        "rouge_we_3_r": 0.28061224489795916,
        "rouge_we_3_f": 0.3492063492063492
    }
}