{
    "rough_we": {
        "rouge_we_3_p": 0.21978021978021978,
        "rouge_we_3_r": 0.06472491909385113,
        "rouge_we_3_f": 0.09999999999999999
    }
}