{
    "rough_we": {
        "rouge_we_3_p": 0.3969465648854962,
        "rouge_we_3_r": 0.25,
        "rouge_we_3_f": 0.30678466076696165
    }
}