{
    "rough_we": {
        "rouge_we_3_p": 0.3466666666666667,
        "rouge_we_3_r": 0.1897810218978102,
        "rouge_we_3_f": 0.2452830188679245
    }
}