{
    "rough_we": {
        "rouge_we_3_p": 0.35064935064935066,
        "rouge_we_3_r": 0.24770642201834864,
        "rouge_we_3_f": 0.29032258064516125
    }
}