{
    "rough_we": {
        "rouge_we_3_p": 0.27927927927927926,
        "rouge_we_3_r": 0.18562874251497005,
        "rouge_we_3_f": 0.22302158273381295
    }
}