{
    "rough_we": {
        "rouge_we_3_p": 0.4044943820224719,
        "rouge_we_3_r": 0.1945945945945946,
        "rouge_we_3_f": 0.26277372262773724
    }
}