{
    "rough_we": {
        "rouge_we_3_p": 0.2119205298013245,
        "rouge_we_3_r": 0.2077922077922078,
        "rouge_we_3_f": 0.20983606557377046
    }
}