{
    "rough_we": {
        "rouge_we_3_p": 0.3425925925925926,
        "rouge_we_3_r": 0.21893491124260356,
        "rouge_we_3_f": 0.2671480144404333
    }
}