{
    "rough_we": {
        "rouge_we_3_p": 0.30344827586206896,
        "rouge_we_3_r": 0.13968253968253969,
        "rouge_we_3_f": 0.19130434782608696
    }
}