{
    "rough_we": {
        "rouge_we_3_p": 0.3153153153153153,
        "rouge_we_3_r": 0.12280701754385964,
        "rouge_we_3_f": 0.17676767676767677
    }
}