{
    "rough_we": {
        "rouge_we_3_p": 0.42207792207792205,
        "rouge_we_3_r": 0.3170731707317073,
        "rouge_we_3_f": 0.36211699164345396
    }
}