{
    "rough_we": {
        "rouge_we_3_p": 0.2708333333333333,
        "rouge_we_3_r": 0.17488789237668162,
        "rouge_we_3_f": 0.2125340599455041
    }
}