{
    "rough_we": {
        "rouge_we_3_p": 0.49375,
        "rouge_we_3_r": 0.34051724137931033,
        "rouge_we_3_f": 0.4030612244897959
    }
}