{
    "rough_we": {
        "rouge_we_3_p": 0.42857142857142855,
        "rouge_we_3_r": 0.2579185520361991,
        "rouge_we_3_f": 0.3220338983050848
    }
}