{
    "rough_we": {
        "rouge_we_3_p": 0.5309734513274337,
        "rouge_we_3_r": 0.30612244897959184,
        "rouge_we_3_f": 0.3883495145631068
    }
}