{
    "rough_we": {
        "rouge_we_3_p": 0.36507936507936506,
        "rouge_we_3_r": 0.14790996784565916,
        "rouge_we_3_f": 0.21052631578947367
    }
}