{
    "rough_we": {
        "rouge_we_3_p": 0.3360655737704918,
        "rouge_we_3_r": 0.2,
        "rouge_we_3_f": 0.25076452599388377
    }
}