{
    "rough_we": {
        "rouge_we_3_p": 0.5258620689655172,
        "rouge_we_3_r": 0.25102880658436216,
        "rouge_we_3_f": 0.33983286908078003
    }
}