{
    "rough_we": {
        "rouge_we_3_p": 0.34782608695652173,
        "rouge_we_3_r": 0.21052631578947367,
        "rouge_we_3_f": 0.26229508196721313
    }
}