{
    "rough_we": {
        "rouge_we_3_p": 0.3130434782608696,
        "rouge_we_3_r": 0.17391304347826086,
        "rouge_we_3_f": 0.2236024844720497
    }
}