{
    "rough_we": {
        "rouge_we_3_p": 0.4028776978417266,
        "rouge_we_3_r": 0.28717948717948716,
        "rouge_we_3_f": 0.3353293413173652
    }
}