{
    "rough_we": {
        "rouge_we_3_p": 0.5454545454545454,
        "rouge_we_3_r": 0.1875,
        "rouge_we_3_f": 0.27906976744186046
    }
}