{
    "rough_we": {
        "rouge_we_3_p": 0.39552238805970147,
        "rouge_we_3_r": 0.24882629107981222,
        "rouge_we_3_f": 0.3054755043227666
    }
}