{
    "rough_we": {
        "rouge_we_3_p": 0.359375,
        "rouge_we_3_r": 0.17624521072796934,
        "rouge_we_3_f": 0.2365038560411311
    }
}