{
    "rough_we": {
        "rouge_we_3_p": 0.23448275862068965,
        "rouge_we_3_r": 0.13765182186234817,
        "rouge_we_3_f": 0.173469387755102
    }
}