{
    "rough_we": {
        "rouge_we_3_p": 0.5714285714285714,
        "rouge_we_3_r": 0.1568627450980392,
        "rouge_we_3_f": 0.24615384615384614
    }
}