{
    "rough_we": {
        "rouge_we_3_p": 0.44274809160305345,
        "rouge_we_3_r": 0.232,
        "rouge_we_3_f": 0.30446194225721784
    }
}