{
    "rough_we": {
        "rouge_we_3_p": 0.2578125,
        "rouge_we_3_r": 0.13924050632911392,
        "rouge_we_3_f": 0.18082191780821918
    }
}