{
    "rough_we": {
        "rouge_we_3_p": 0.31125827814569534,
        "rouge_we_3_r": 0.24479166666666666,
        "rouge_we_3_f": 0.27405247813411077
    }
}