{
    "rough_we": {
        "rouge_we_3_p": 0.25274725274725274,
        "rouge_we_3_r": 0.1597222222222222,
        "rouge_we_3_f": 0.1957446808510638
    }
}