{
    "rough_we": {
        "rouge_we_3_p": 0.22556390977443608,
        "rouge_we_3_r": 0.1,
        "rouge_we_3_f": 0.13856812933025406
    }
}