{
    "rough_we": {
        "rouge_we_3_p": 0.27380952380952384,
        "rouge_we_3_r": 0.23,
        "rouge_we_3_f": 0.25000000000000006
    }
}