{
    "rough_we": {
        "rouge_we_3_p": 0.45038167938931295,
        "rouge_we_3_r": 0.22180451127819548,
        "rouge_we_3_f": 0.2972292191435768
    }
}