{
    "rough_we": {
        "rouge_we_3_p": 0.3153846153846154,
        "rouge_we_3_r": 0.17903930131004367,
        "rouge_we_3_f": 0.2284122562674095
    }
}