{
    "rough_we": {
        "rouge_we_3_p": 0.4174757281553398,
        "rouge_we_3_r": 0.22395833333333334,
        "rouge_we_3_f": 0.29152542372881357
    }
}