{
    "rough_we": {
        "rouge_we_3_p": 0.2922077922077922,
        "rouge_we_3_r": 0.22058823529411764,
        "rouge_we_3_f": 0.25139664804469275
    }
}