{
    "rough_we": {
        "rouge_we_3_p": 0.6194690265486725,
        "rouge_we_3_r": 0.23728813559322035,
        "rouge_we_3_f": 0.3431372549019608
    }
}