{
    "rough_we": {
        "rouge_we_3_p": 0.3076923076923077,
        "rouge_we_3_r": 0.27586206896551724,
        "rouge_we_3_f": 0.29090909090909095
    }
}