{
    "rough_we": {
        "rouge_we_3_p": 0.42857142857142855,
        "rouge_we_3_r": 0.2827868852459016,
        "rouge_we_3_f": 0.34074074074074073
    }
}