{
    "rough_we": {
        "rouge_we_3_p": 0.3223684210526316,
        "rouge_we_3_r": 0.15960912052117263,
        "rouge_we_3_f": 0.21350762527233114
    }
}