{
    "rough_we": {
        "rouge_we_3_p": 0.47863247863247865,
        "rouge_we_3_r": 0.49122807017543857,
        "rouge_we_3_f": 0.4848484848484848
    }
}