{
    "rough_we": {
        "rouge_we_3_p": 0.4215686274509804,
        "rouge_we_3_r": 0.2866666666666667,
        "rouge_we_3_f": 0.3412698412698413
    }
}