{
    "rough_we": {
        "rouge_we_3_p": 0.21100917431192662,
        "rouge_we_3_r": 0.12234042553191489,
        "rouge_we_3_f": 0.1548821548821549
    }
}