{
    "rough_we": {
        "rouge_we_3_p": 0.6292134831460674,
        "rouge_we_3_r": 0.3708609271523179,
        "rouge_we_3_f": 0.4666666666666667
    }
}