{
    "rough_we": {
        "rouge_we_3_p": 0.42342342342342343,
        "rouge_we_3_r": 0.25133689839572193,
        "rouge_we_3_f": 0.3154362416107383
    }
}