{
    "rough_we": {
        "rouge_we_3_p": 0.46846846846846846,
        "rouge_we_3_r": 0.18055555555555555,
        "rouge_we_3_f": 0.2606516290726817
    }
}