{
    "rough_we": {
        "rouge_we_3_p": 0.2828282828282828,
        "rouge_we_3_r": 0.13526570048309178,
        "rouge_we_3_f": 0.1830065359477124
    }
}