{
    "rough_we": {
        "rouge_we_3_p": 0.3219178082191781,
        "rouge_we_3_r": 0.2568306010928962,
        "rouge_we_3_f": 0.28571428571428575
    }
}