{
    "rough_we": {
        "rouge_we_3_p": 0.6071428571428571,
        "rouge_we_3_r": 0.26356589147286824,
        "rouge_we_3_f": 0.3675675675675676
    }
}