{
    "rough_we": {
        "rouge_we_3_p": 0.31547619047619047,
        "rouge_we_3_r": 0.2409090909090909,
        "rouge_we_3_f": 0.27319587628865977
    }
}