{
    "rough_we": {
        "rouge_we_3_p": 0.358974358974359,
        "rouge_we_3_r": 0.18834080717488788,
        "rouge_we_3_f": 0.2470588235294118
    }
}