{
    "rough_we": {
        "rouge_we_3_p": 0.3949579831932773,
        "rouge_we_3_r": 0.15614617940199335,
        "rouge_we_3_f": 0.22380952380952382
    }
}