{
    "rough_we": {
        "rouge_we_3_p": 0.47058823529411764,
        "rouge_we_3_r": 0.254416961130742,
        "rouge_we_3_f": 0.3302752293577982
    }
}