{
    "rough_we": {
        "rouge_we_3_p": 0.38848920863309355,
        "rouge_we_3_r": 0.2583732057416268,
        "rouge_we_3_f": 0.3103448275862069
    }
}