{
    "rough_we": {
        "rouge_we_3_p": 0.4768211920529801,
        "rouge_we_3_r": 0.3185840707964602,
        "rouge_we_3_f": 0.3819628647214854
    }
}