{
    "rough_we": {
        "rouge_we_3_p": 0.4107142857142857,
        "rouge_we_3_r": 0.24820143884892087,
        "rouge_we_3_f": 0.3094170403587444
    }
}