{
    "rough_we": {
        "rouge_we_3_p": 0.4090909090909091,
        "rouge_we_3_r": 0.3543307086614173,
        "rouge_we_3_f": 0.37974683544303794
    }
}