{
    "rough_we": {
        "rouge_we_3_p": 0.44,
        "rouge_we_3_r": 0.13253012048192772,
        "rouge_we_3_f": 0.20370370370370372
    }
}