{
    "rough_we": {
        "rouge_we_3_p": 0.6146788990825688,
        "rouge_we_3_r": 0.29004329004329005,
        "rouge_we_3_f": 0.3941176470588236
    }
}