{
    "rough_we": {
        "rouge_we_3_p": 0.4050632911392405,
        "rouge_we_3_r": 0.29357798165137616,
        "rouge_we_3_f": 0.34042553191489366
    }
}