{
    "rough_we": {
        "rouge_we_3_p": 0.6355140186915887,
        "rouge_we_3_r": 0.2833333333333333,
        "rouge_we_3_f": 0.3919308357348703
    }
}