{
    "rough_we": {
        "rouge_we_3_p": 0.3951612903225806,
        "rouge_we_3_r": 0.2552083333333333,
        "rouge_we_3_f": 0.31012658227848094
    }
}