{
    "rough_we": {
        "rouge_we_3_p": 0.38028169014084506,
        "rouge_we_3_r": 0.2076923076923077,
        "rouge_we_3_f": 0.26865671641791045
    }
}