{
    "rough_we": {
        "rouge_we_3_p": 0.3949579831932773,
        "rouge_we_3_r": 0.21363636363636362,
        "rouge_we_3_f": 0.27728613569321536
    }
}