{
    "rough_we": {
        "rouge_we_3_p": 0.308411214953271,
        "rouge_we_3_r": 0.18232044198895028,
        "rouge_we_3_f": 0.22916666666666666
    }
}