{
    "rough_we": {
        "rouge_we_3_p": 0.44339622641509435,
        "rouge_we_3_r": 0.15112540192926044,
        "rouge_we_3_f": 0.22541966426858512
    }
}