{
    "rough_we": {
        "rouge_we_3_p": 0.5133689839572193,
        "rouge_we_3_r": 0.4729064039408867,
        "rouge_we_3_f": 0.49230769230769234
    }
}