{
    "rough_we": {
        "rouge_we_3_p": 0.3983050847457627,
        "rouge_we_3_r": 0.14242424242424243,
        "rouge_we_3_f": 0.2098214285714286
    }
}