{
    "rough_we": {
        "rouge_we_3_p": 0.3669724770642202,
        "rouge_we_3_r": 0.272108843537415,
        "rouge_we_3_f": 0.3125
    }
}