{
    "rough_we": {
        "rouge_we_3_p": 0.5175438596491229,
        "rouge_we_3_r": 0.23228346456692914,
        "rouge_we_3_f": 0.3206521739130435
    }
}