{
    "rough_we": {
        "rouge_we_3_p": 0.2569444444444444,
        "rouge_we_3_r": 0.18407960199004975,
        "rouge_we_3_f": 0.2144927536231884
    }
}