{
    "rough_we": {
        "rouge_we_3_p": 0.6822429906542056,
        "rouge_we_3_r": 0.33031674208144796,
        "rouge_we_3_f": 0.4451219512195122
    }
}