{
    "rough_we": {
        "rouge_we_3_p": 0.18478260869565216,
        "rouge_we_3_r": 0.19318181818181818,
        "rouge_we_3_f": 0.18888888888888888
    }
}