{
    "rough_we": {
        "rouge_we_3_p": 0.16233766233766234,
        "rouge_we_3_r": 0.13513513513513514,
        "rouge_we_3_f": 0.1474926253687316
    }
}