{
    "rough_we": {
        "rouge_we_3_p": 0.43478260869565216,
        "rouge_we_3_r": 0.4878048780487805,
        "rouge_we_3_f": 0.45977011494252873
    }
}