{
    "rough_we": {
        "rouge_we_3_p": 0.3188405797101449,
        "rouge_we_3_r": 0.16417910447761194,
        "rouge_we_3_f": 0.21674876847290636
    }
}