{
    "rough_we": {
        "rouge_we_3_p": 0.5029585798816568,
        "rouge_we_3_r": 0.28716216216216217,
        "rouge_we_3_f": 0.3655913978494624
    }
}