{
    "rough_we": {
        "rouge_we_3_p": 0.4782608695652174,
        "rouge_we_3_r": 0.2222222222222222,
        "rouge_we_3_f": 0.30344827586206896
    }
}