{
    "rough_we": {
        "rouge_we_3_p": 0.30952380952380953,
        "rouge_we_3_r": 0.23853211009174313,
        "rouge_we_3_f": 0.2694300518134715
    }
}