{
    "rough_we": {
        "rouge_we_3_p": 0.3515151515151515,
        "rouge_we_3_r": 0.29896907216494845,
        "rouge_we_3_f": 0.3231197771587744
    }
}