{
    "rough_we": {
        "rouge_we_3_p": 0.671875,
        "rouge_we_3_r": 0.2925170068027211,
        "rouge_we_3_f": 0.4075829383886256
    }
}