{
    "rough_we": {
        "rouge_we_3_p": 0.47244094488188976,
        "rouge_we_3_r": 0.23346303501945526,
        "rouge_we_3_f": 0.3125
    }
}