{
    "rough_we": {
        "rouge_we_3_p": 0.5639097744360902,
        "rouge_we_3_r": 0.33482142857142855,
        "rouge_we_3_f": 0.42016806722689076
    }
}