{
    "rough_we": {
        "rouge_we_3_p": 0.40764331210191085,
        "rouge_we_3_r": 0.2277580071174377,
        "rouge_we_3_f": 0.2922374429223744
    }
}