{
    "rough_we": {
        "rouge_we_3_p": 0.34328358208955223,
        "rouge_we_3_r": 0.2569832402234637,
        "rouge_we_3_f": 0.29392971246006394
    }
}