{
    "rough_we": {
        "rouge_we_3_p": 0.39779005524861877,
        "rouge_we_3_r": 0.291497975708502,
        "rouge_we_3_f": 0.3364485981308411
    }
}