{
    "rough_we": {
        "rouge_we_3_p": 0.34210526315789475,
        "rouge_we_3_r": 0.14444444444444443,
        "rouge_we_3_f": 0.203125
    }
}