{
    "rough_we": {
        "rouge_we_3_p": 0.43478260869565216,
        "rouge_we_3_r": 0.3125,
        "rouge_we_3_f": 0.36363636363636365
    }
}