{
    "rough_we": {
        "rouge_we_3_p": 0.3930635838150289,
        "rouge_we_3_r": 0.37362637362637363,
        "rouge_we_3_f": 0.38309859154929576
    }
}