{
    "rough_we": {
        "rouge_we_3_p": 0.35802469135802467,
        "rouge_we_3_r": 0.27751196172248804,
        "rouge_we_3_f": 0.3126684636118599
    }
}