{
    "rough_we": {
        "rouge_we_3_p": 0.4,
        "rouge_we_3_r": 0.13523131672597866,
        "rouge_we_3_f": 0.2021276595744681
    }
}