{
    "rough_we": {
        "rouge_we_3_p": 0.41964285714285715,
        "rouge_we_3_r": 0.23383084577114427,
        "rouge_we_3_f": 0.3003194888178914
    }
}