{
    "rough_we": {
        "rouge_we_3_p": 0.484375,
        "rouge_we_3_r": 0.22382671480144403,
        "rouge_we_3_f": 0.30617283950617286
    }
}