{
    "rough_we": {
        "rouge_we_3_p": 0.5588235294117647,
        "rouge_we_3_r": 0.5352112676056338,
        "rouge_we_3_f": 0.5467625899280575
    }
}