{
    "rough_we": {
        "rouge_we_3_p": 0.46099290780141844,
        "rouge_we_3_r": 0.23985239852398524,
        "rouge_we_3_f": 0.3155339805825243
    }
}