{
    "rough_we": {
        "rouge_we_3_p": 0.5845070422535211,
        "rouge_we_3_r": 0.25,
        "rouge_we_3_f": 0.350210970464135
    }
}