{
    "rough_we": {
        "rouge_we_3_p": 0.5078125,
        "rouge_we_3_r": 0.25691699604743085,
        "rouge_we_3_f": 0.3412073490813648
    }
}