{
    "rough_we": {
        "rouge_we_3_p": 0.5104895104895105,
        "rouge_we_3_r": 0.2347266881028939,
        "rouge_we_3_f": 0.3215859030837005
    }
}