{
    "rough_we": {
        "rouge_we_3_p": 0.3493150684931507,
        "rouge_we_3_r": 0.24878048780487805,
        "rouge_we_3_f": 0.29059829059829057
    }
}