{
    "rough_we": {
        "rouge_we_3_p": 0.4420289855072464,
        "rouge_we_3_r": 0.30198019801980197,
        "rouge_we_3_f": 0.3588235294117647
    }
}