{
    "rough_we": {
        "rouge_we_3_p": 0.5877862595419847,
        "rouge_we_3_r": 0.2086720867208672,
        "rouge_we_3_f": 0.308
    }
}