{
    "rough_we": {
        "rouge_we_3_p": 0.42857142857142855,
        "rouge_we_3_r": 0.27411167512690354,
        "rouge_we_3_f": 0.33436532507739936
    }
}