{
    "rough_we": {
        "rouge_we_3_p": 0.4142857142857143,
        "rouge_we_3_r": 0.2636363636363636,
        "rouge_we_3_f": 0.3222222222222222
    }
}