{
    "rough_we": {
        "rouge_we_3_p": 0.3382352941176471,
        "rouge_we_3_r": 0.22044728434504793,
        "rouge_we_3_f": 0.2669245647969053
    }
}