{
    "rough_we": {
        "rouge_we_3_p": 0.4166666666666667,
        "rouge_we_3_r": 0.13353115727002968,
        "rouge_we_3_f": 0.20224719101123598
    }
}