{
    "rough_we": {
        "rouge_we_3_p": 0.1552346570397112,
        "rouge_we_3_r": 0.24431818181818182,
        "rouge_we_3_f": 0.18984547461368653
    }
}