{
    "rough_we": {
        "rouge_we_3_p": 0.48412698412698413,
        "rouge_we_3_r": 0.18373493975903615,
        "rouge_we_3_f": 0.2663755458515284
    }
}