{
    "rough_we": {
        "rouge_we_3_p": 0.3978494623655914,
        "rouge_we_3_r": 0.32456140350877194,
        "rouge_we_3_f": 0.357487922705314
    }
}