{
    "rough_we": {
        "rouge_we_3_p": 0.27624309392265195,
        "rouge_we_3_r": 0.2976190476190476,
        "rouge_we_3_f": 0.28653295128939826
    }
}