{
    "rough_we": {
        "rouge_we_3_p": 0.359375,
        "rouge_we_3_r": 0.22186495176848875,
        "rouge_we_3_f": 0.27435387673956263
    }
}