{
    "rough_we": {
        "rouge_we_3_p": 0.572289156626506,
        "rouge_we_3_r": 0.3220338983050847,
        "rouge_we_3_f": 0.41214750542299344
    }
}