{
    "rough_we": {
        "rouge_we_3_p": 0.2571428571428571,
        "rouge_we_3_r": 0.2155688622754491,
        "rouge_we_3_f": 0.2345276872964169
    }
}