{
    "rough_we": {
        "rouge_we_3_p": 0.12931034482758622,
        "rouge_we_3_r": 0.05,
        "rouge_we_3_f": 0.07211538461538461
    }
}