{
    "rough_we": {
        "rouge_we_3_p": 0.23214285714285715,
        "rouge_we_3_r": 0.1822429906542056,
        "rouge_we_3_f": 0.20418848167539266
    }
}