{
    "rough_we": {
        "rouge_we_3_p": 0.22794117647058823,
        "rouge_we_3_r": 0.21678321678321677,
        "rouge_we_3_f": 0.2222222222222222
    }
}