{
    "rough_we": {
        "rouge_we_3_p": 0.2943396226415094,
        "rouge_we_3_r": 0.254071661237785,
        "rouge_we_3_f": 0.2727272727272727
    }
}