{
    "rough_we": {
        "rouge_we_3_p": 0.37593984962406013,
        "rouge_we_3_r": 0.1893939393939394,
        "rouge_we_3_f": 0.2518891687657431
    }
}