{
    "rough_we": {
        "rouge_we_3_p": 0.5511811023622047,
        "rouge_we_3_r": 0.49295774647887325,
        "rouge_we_3_f": 0.5204460966542751
    }
}