{
    "rough_we": {
        "rouge_we_3_p": 0.31654676258992803,
        "rouge_we_3_r": 0.15827338129496402,
        "rouge_we_3_f": 0.21103117505995203
    }
}