{
    "rough_we": {
        "rouge_we_3_p": 0.34814814814814815,
        "rouge_we_3_r": 0.24479166666666666,
        "rouge_we_3_f": 0.2874617737003058
    }
}