{
    "rough_we": {
        "rouge_we_3_p": 0.3333333333333333,
        "rouge_we_3_r": 0.24336283185840707,
        "rouge_we_3_f": 0.2813299232736573
    }
}