{
    "rough_we": {
        "rouge_we_3_p": 0.20469798657718122,
        "rouge_we_3_r": 0.18100890207715134,
        "rouge_we_3_f": 0.19212598425196853
    }
}