{
    "rough_we": {
        "rouge_we_3_p": 0.34183673469387754,
        "rouge_we_3_r": 0.3582887700534759,
        "rouge_we_3_f": 0.3498694516971279
    }
}