{
    "rough_we": {
        "rouge_we_3_p": 0.288135593220339,
        "rouge_we_3_r": 0.19029850746268656,
        "rouge_we_3_f": 0.22921348314606743
    }
}