{
    "rough_we": {
        "rouge_we_3_p": 0.2345679012345679,
        "rouge_we_3_r": 0.2375,
        "rouge_we_3_f": 0.2360248447204969
    }
}