{
    "rough_we": {
        "rouge_we_3_p": 0.5119047619047619,
        "rouge_we_3_r": 0.225130890052356,
        "rouge_we_3_f": 0.31272727272727274
    }
}