{
    "rough_we": {
        "rouge_we_3_p": 0.271523178807947,
        "rouge_we_3_r": 0.14963503649635038,
        "rouge_we_3_f": 0.19294117647058823
    }
}