{
    "rough_we": {
        "rouge_we_3_p": 0.2631578947368421,
        "rouge_we_3_r": 0.25139664804469275,
        "rouge_we_3_f": 0.2571428571428572
    }
}