{
    "rough_we": {
        "rouge_we_3_p": 0.3560606060606061,
        "rouge_we_3_r": 0.23857868020304568,
        "rouge_we_3_f": 0.2857142857142857
    }
}