{
    "rough_we": {
        "rouge_we_3_p": 0.34355828220858897,
        "rouge_we_3_r": 0.22672064777327935,
        "rouge_we_3_f": 0.27317073170731704
    }
}