{
    "rough_we": {
        "rouge_we_3_p": 0.5769230769230769,
        "rouge_we_3_r": 0.3879310344827586,
        "rouge_we_3_f": 0.46391752577319584
    }
}