{
    "rough_we": {
        "rouge_we_3_p": 0.32679738562091504,
        "rouge_we_3_r": 0.27932960893854747,
        "rouge_we_3_f": 0.3012048192771084
    }
}