{
    "rough_we": {
        "rouge_we_3_p": 0.1728395061728395,
        "rouge_we_3_r": 0.09061488673139159,
        "rouge_we_3_f": 0.11889596602972399
    }
}