{
    "rough_we": {
        "rouge_we_3_p": 0.391812865497076,
        "rouge_we_3_r": 0.22789115646258504,
        "rouge_we_3_f": 0.28817204301075267
    }
}