{
    "rough_we": {
        "rouge_we_3_p": 0.37962962962962965,
        "rouge_we_3_r": 0.16205533596837945,
        "rouge_we_3_f": 0.2271468144044321
    }
}