{
    "rough_we": {
        "rouge_we_3_p": 0.20216606498194944,
        "rouge_we_3_r": 0.2445414847161572,
        "rouge_we_3_f": 0.22134387351778653
    }
}