{
    "rough_we": {
        "rouge_we_3_p": 0.4090909090909091,
        "rouge_we_3_r": 0.1210762331838565,
        "rouge_we_3_f": 0.1868512110726644
    }
}