{
    "rough_we": {
        "rouge_we_3_p": 0.4020618556701031,
        "rouge_we_3_r": 0.3644859813084112,
        "rouge_we_3_f": 0.38235294117647056
    }
}