{
    "rough_we": {
        "rouge_we_3_p": 0.36416184971098264,
        "rouge_we_3_r": 0.20257234726688103,
        "rouge_we_3_f": 0.2603305785123967
    }
}