{
    "rough_we": {
        "rouge_we_3_p": 0.3592814371257485,
        "rouge_we_3_r": 0.28708133971291866,
        "rouge_we_3_f": 0.3191489361702128
    }
}