{
    "rough_we": {
        "rouge_we_3_p": 0.3316582914572864,
        "rouge_we_3_r": 0.23487544483985764,
        "rouge_we_3_f": 0.27499999999999997
    }
}