{
    "rough_we": {
        "rouge_we_3_p": 0.42328042328042326,
        "rouge_we_3_r": 0.35714285714285715,
        "rouge_we_3_f": 0.387409200968523
    }
}