{
    "rough_we": {
        "rouge_we_3_p": 0.27467811158798283,
        "rouge_we_3_r": 0.31683168316831684,
        "rouge_we_3_f": 0.2942528735632184
    }
}