{
    "rough_we": {
        "rouge_we_3_p": 0.18652849740932642,
        "rouge_we_3_r": 0.20809248554913296,
        "rouge_we_3_f": 0.19672131147540986
    }
}