{
    "rough_we": {
        "rouge_we_3_p": 0.4127659574468085,
        "rouge_we_3_r": 0.4311111111111111,
        "rouge_we_3_f": 0.4217391304347826
    }
}