{
    "rough_we": {
        "rouge_we_3_p": 0.26582278481012656,
        "rouge_we_3_r": 0.20689655172413793,
        "rouge_we_3_f": 0.23268698060941828
    }
}