{
    "rough_we": {
        "rouge_we_3_p": 0.36,
        "rouge_we_3_r": 0.24770642201834864,
        "rouge_we_3_f": 0.29347826086956524
    }
}