{
    "rough_we": {
        "rouge_we_3_p": 0.25806451612903225,
        "rouge_we_3_r": 0.25,
        "rouge_we_3_f": 0.25396825396825395
    }
}