{
    "rough_we": {
        "rouge_we_3_p": 0.27,
        "rouge_we_3_r": 0.2660098522167488,
        "rouge_we_3_f": 0.2679900744416874
    }
}