{
    "rough_we": {
        "rouge_we_3_p": 0.3829787234042553,
        "rouge_we_3_r": 0.24434389140271492,
        "rouge_we_3_f": 0.2983425414364641
    }
}