{
    "rough_we": {
        "rouge_we_3_p": 0.3105263157894737,
        "rouge_we_3_r": 0.2645739910313901,
        "rouge_we_3_f": 0.28571428571428575
    }
}