{
    "rough_we": {
        "rouge_we_3_p": 0.4032258064516129,
        "rouge_we_3_r": 0.205761316872428,
        "rouge_we_3_f": 0.2724795640326975
    }
}