{
    "rough_we": {
        "rouge_we_3_p": 0.4393939393939394,
        "rouge_we_3_r": 0.23673469387755103,
        "rouge_we_3_f": 0.3076923076923077
    }
}