{
    "rough_we": {
        "rouge_we_3_p": 0.18633540372670807,
        "rouge_we_3_r": 0.1271186440677966,
        "rouge_we_3_f": 0.15113350125944583
    }
}