{
    "rough_we": {
        "rouge_we_3_p": 0.3473053892215569,
        "rouge_we_3_r": 0.1864951768488746,
        "rouge_we_3_f": 0.24267782426778245
    }
}