{
    "rough_we": {
        "rouge_we_3_p": 0.3532934131736527,
        "rouge_we_3_r": 0.2048611111111111,
        "rouge_we_3_f": 0.2593406593406593
    }
}