{
    "rough_we": {
        "rouge_we_3_p": 0.36538461538461536,
        "rouge_we_3_r": 0.1890547263681592,
        "rouge_we_3_f": 0.24918032786885247
    }
}