{
    "rough_we": {
        "rouge_we_3_p": 0.34234234234234234,
        "rouge_we_3_r": 0.30278884462151395,
        "rouge_we_3_f": 0.321353065539112
    }
}