{
    "rough_we": {
        "rouge_we_3_p": 0.304,
        "rouge_we_3_r": 0.15637860082304528,
        "rouge_we_3_f": 0.20652173913043478
    }
}