{
    "rough_we": {
        "rouge_we_3_p": 0.42934782608695654,
        "rouge_we_3_r": 0.2668918918918919,
        "rouge_we_3_f": 0.32916666666666666
    }
}