{
    "rough_we": {
        "rouge_we_3_p": 0.34104046242774566,
        "rouge_we_3_r": 0.19732441471571907,
        "rouge_we_3_f": 0.25
    }
}