{
    "rough_we": {
        "rouge_we_3_p": 0.26022304832713755,
        "rouge_we_3_r": 0.2788844621513944,
        "rouge_we_3_f": 0.2692307692307693
    }
}