{
    "rough_we": {
        "rouge_we_3_p": 0.27325581395348836,
        "rouge_we_3_r": 0.1843137254901961,
        "rouge_we_3_f": 0.22014051522248246
    }
}