{
    "rough_we": {
        "rouge_we_3_p": 0.3409090909090909,
        "rouge_we_3_r": 0.28846153846153844,
        "rouge_we_3_f": 0.31249999999999994
    }
}