{
    "rough_we": {
        "rouge_we_3_p": 0.3602941176470588,
        "rouge_we_3_r": 0.32666666666666666,
        "rouge_we_3_f": 0.3426573426573426
    }
}