{
    "rough_we": {
        "rouge_we_3_p": 0.22641509433962265,
        "rouge_we_3_r": 0.08955223880597014,
        "rouge_we_3_f": 0.12834224598930483
    }
}