{
    "rough_we": {
        "rouge_we_3_p": 0.26143790849673204,
        "rouge_we_3_r": 0.14652014652014653,
        "rouge_we_3_f": 0.18779342723004697
    }
}