{
    "rough_we": {
        "rouge_we_3_p": 0.2953929539295393,
        "rouge_we_3_r": 0.29945054945054944,
        "rouge_we_3_f": 0.29740791268758526
    }
}