{
    "rough_we": {
        "rouge_we_3_p": 0.2436548223350254,
        "rouge_we_3_r": 0.1927710843373494,
        "rouge_we_3_f": 0.21524663677130046
    }
}