{
    "rough_we": {
        "rouge_we_3_p": 0.22023809523809523,
        "rouge_we_3_r": 0.17452830188679244,
        "rouge_we_3_f": 0.19473684210526312
    }
}