{
    "rough_we": {
        "rouge_we_3_p": 0.24260355029585798,
        "rouge_we_3_r": 0.211340206185567,
        "rouge_we_3_f": 0.2258953168044077
    }
}