{
    "rough_we": {
        "rouge_we_3_p": 0.2694300518134715,
        "rouge_we_3_r": 0.20634920634920634,
        "rouge_we_3_f": 0.2337078651685393
    }
}