{
    "rough_we": {
        "rouge_we_3_p": 0.3076923076923077,
        "rouge_we_3_r": 0.24644549763033174,
        "rouge_we_3_f": 0.2736842105263158
    }
}