{
    "rough_we": {
        "rouge_we_3_p": 0.33707865168539325,
        "rouge_we_3_r": 0.24896265560165975,
        "rouge_we_3_f": 0.2863961813842482
    }
}