{
    "rough_we": {
        "rouge_we_3_p": 0.2833333333333333,
        "rouge_we_3_r": 0.18888888888888888,
        "rouge_we_3_f": 0.22666666666666666
    }
}