{
    "rough_we": {
        "rouge_we_3_p": 0.2896341463414634,
        "rouge_we_3_r": 0.3054662379421222,
        "rouge_we_3_f": 0.297339593114241
    }
}