{
    "rough_we": {
        "rouge_we_3_p": 0.30656934306569344,
        "rouge_we_3_r": 0.20192307692307693,
        "rouge_we_3_f": 0.24347826086956523
    }
}