{
    "rough_we": {
        "rouge_we_3_p": 0.288135593220339,
        "rouge_we_3_r": 0.26479750778816197,
        "rouge_we_3_f": 0.2759740259740259
    }
}