{
    "rough_we": {
        "rouge_we_3_p": 0.3140794223826715,
        "rouge_we_3_r": 0.2636363636363636,
        "rouge_we_3_f": 0.28665568369028
    }
}