{
    "rough_we": {
        "rouge_we_3_p": 0.3615819209039548,
        "rouge_we_3_r": 0.2318840579710145,
        "rouge_we_3_f": 0.282560706401766
    }
}