{
    "rough_we": {
        "rouge_we_3_p": 0.2905405405405405,
        "rouge_we_3_r": 0.20772946859903382,
        "rouge_we_3_f": 0.24225352112676057
    }
}