{
    "rough_we": {
        "rouge_we_3_p": 0.19469026548672566,
        "rouge_we_3_r": 0.1116751269035533,
        "rouge_we_3_f": 0.14193548387096777
    }
}