{
    "rough_we": {
        "rouge_we_3_p": 0.2567049808429119,
        "rouge_we_3_r": 0.26907630522088355,
        "rouge_we_3_f": 0.2627450980392157
    }
}