{
    "rough_we": {
        "rouge_we_3_p": 0.26,
        "rouge_we_3_r": 0.24761904761904763,
        "rouge_we_3_f": 0.25365853658536586
    }
}