{
    "rough_we": {
        "rouge_we_3_p": 0.25,
        "rouge_we_3_r": 0.24561403508771928,
        "rouge_we_3_f": 0.24778761061946902
    }
}