{
    "rough_we": {
        "rouge_we_3_p": 0.34054054054054056,
        "rouge_we_3_r": 0.2916666666666667,
        "rouge_we_3_f": 0.314214463840399
    }
}