{
    "rough_we": {
        "rouge_we_3_p": 0.2658959537572254,
        "rouge_we_3_r": 0.1678832116788321,
        "rouge_we_3_f": 0.20581655480984337
    }
}