{
    "rough_we": {
        "rouge_we_3_p": 0.5348837209302325,
        "rouge_we_3_r": 0.31221719457013575,
        "rouge_we_3_f": 0.3942857142857143
    }
}