{
    "rough_we": {
        "rouge_we_3_p": 0.4094488188976378,
        "rouge_we_3_r": 0.2549019607843137,
        "rouge_we_3_f": 0.31419939577039274
    }
}