{
    "rough_we": {
        "rouge_we_3_p": 0.30845771144278605,
        "rouge_we_3_r": 0.2818181818181818,
        "rouge_we_3_f": 0.29453681710213775
    }
}