{
    "rough_we": {
        "rouge_we_3_p": 0.4155844155844156,
        "rouge_we_3_r": 0.2302158273381295,
        "rouge_we_3_f": 0.2962962962962963
    }
}