{
    "rough_we": {
        "rouge_we_3_p": 0.423728813559322,
        "rouge_we_3_r": 0.18518518518518517,
        "rouge_we_3_f": 0.25773195876288657
    }
}