{
    "rough_we": {
        "rouge_we_3_p": 0.25842696629213485,
        "rouge_we_3_r": 0.2081447963800905,
        "rouge_we_3_f": 0.23057644110275693
    }
}