{
    "rough_we": {
        "rouge_we_3_p": 0.36075949367088606,
        "rouge_we_3_r": 0.18874172185430463,
        "rouge_we_3_f": 0.24782608695652172
    }
}