{
    "rough_we": {
        "rouge_we_3_p": 0.3829787234042553,
        "rouge_we_3_r": 0.19302949061662197,
        "rouge_we_3_f": 0.2566844919786096
    }
}