{
    "rough_we": {
        "rouge_we_3_p": 0.3711340206185567,
        "rouge_we_3_r": 0.291497975708502,
        "rouge_we_3_f": 0.32653061224489793
    }
}