{
    "rough_we": {
        "rouge_we_3_p": 0.25,
        "rouge_we_3_r": 0.23880597014925373,
        "rouge_we_3_f": 0.24427480916030533
    }
}