{
    "rough_we": {
        "rouge_we_3_p": 0.19111111111111112,
        "rouge_we_3_r": 0.2107843137254902,
        "rouge_we_3_f": 0.20046620046620045
    }
}