{
    "rough_we": {
        "rouge_we_3_p": 0.24,
        "rouge_we_3_r": 0.21428571428571427,
        "rouge_we_3_f": 0.2264150943396226
    }
}