{
    "rough_we": {
        "rouge_we_3_p": 0.391812865497076,
        "rouge_we_3_r": 0.21895424836601307,
        "rouge_we_3_f": 0.2809224318658281
    }
}