{
    "rough_we": {
        "rouge_we_3_p": 0.23376623376623376,
        "rouge_we_3_r": 0.25,
        "rouge_we_3_f": 0.24161073825503357
    }
}