{
    "rough_we": {
        "rouge_we_3_p": 0.3185840707964602,
        "rouge_we_3_r": 0.277992277992278,
        "rouge_we_3_f": 0.29690721649484536
    }
}