{
    "rough_we": {
        "rouge_we_3_p": 0.2708333333333333,
        "rouge_we_3_r": 0.20967741935483872,
        "rouge_we_3_f": 0.2363636363636364
    }
}