{
    "rough_we": {
        "rouge_we_3_p": 0.34558823529411764,
        "rouge_we_3_r": 0.16549295774647887,
        "rouge_we_3_f": 0.2238095238095238
    }
}