{
    "rough_we": {
        "rouge_we_3_p": 0.1990521327014218,
        "rouge_we_3_r": 0.22340425531914893,
        "rouge_we_3_f": 0.21052631578947367
    }
}