{
    "rough_we": {
        "rouge_we_3_p": 0.47058823529411764,
        "rouge_we_3_r": 0.1978798586572438,
        "rouge_we_3_f": 0.27860696517412936
    }
}