{
    "rough_we": {
        "rouge_we_3_p": 0.39933993399339934,
        "rouge_we_3_r": 0.4275618374558304,
        "rouge_we_3_f": 0.4129692832764505
    }
}