{
    "rough_we": {
        "rouge_we_3_p": 0.31297709923664124,
        "rouge_we_3_r": 0.1524163568773234,
        "rouge_we_3_f": 0.20500000000000002
    }
}