{
    "rough_we": {
        "rouge_we_3_p": 0.3722627737226277,
        "rouge_we_3_r": 0.20078740157480315,
        "rouge_we_3_f": 0.2608695652173913
    }
}