{
    "rough_we": {
        "rouge_we_3_p": 0.31952662721893493,
        "rouge_we_3_r": 0.17142857142857143,
        "rouge_we_3_f": 0.2231404958677686
    }
}