{
    "rough_we": {
        "rouge_we_3_p": 0.23225806451612904,
        "rouge_we_3_r": 0.16,
        "rouge_we_3_f": 0.18947368421052632
    }
}