{
    "rough_we": {
        "rouge_we_3_p": 0.3625,
        "rouge_we_3_r": 0.13211845102505695,
        "rouge_we_3_f": 0.19365609348914858
    }
}