{
    "rough_we": {
        "rouge_we_3_p": 0.3125,
        "rouge_we_3_r": 0.18442622950819673,
        "rouge_we_3_f": 0.23195876288659795
    }
}