{
    "rough_we": {
        "rouge_we_3_p": 0.23699421965317918,
        "rouge_we_3_r": 0.15708812260536398,
        "rouge_we_3_f": 0.1889400921658986
    }
}