{
    "rough_we": {
        "rouge_we_3_p": 0.46218487394957986,
        "rouge_we_3_r": 0.17080745341614906,
        "rouge_we_3_f": 0.24943310657596368
    }
}