{
    "rough_we": {
        "rouge_we_3_p": 0.28169014084507044,
        "rouge_we_3_r": 0.1834862385321101,
        "rouge_we_3_f": 0.22222222222222224
    }
}