{
    "rough_we": {
        "rouge_we_3_p": 0.3933649289099526,
        "rouge_we_3_r": 0.34439834024896265,
        "rouge_we_3_f": 0.36725663716814155
    }
}