{
    "rough_we": {
        "rouge_we_3_p": 0.29770992366412213,
        "rouge_we_3_r": 0.2653061224489796,
        "rouge_we_3_f": 0.2805755395683453
    }
}