{
    "rough_we": {
        "rouge_we_3_p": 0.21830985915492956,
        "rouge_we_3_r": 0.2366412213740458,
        "rouge_we_3_f": 0.22710622710622708
    }
}