{
    "rough_we": {
        "rouge_we_3_p": 0.42777777777777776,
        "rouge_we_3_r": 0.28413284132841327,
        "rouge_we_3_f": 0.3414634146341463
    }
}