{
    "rough_we": {
        "rouge_we_3_p": 0.3916083916083916,
        "rouge_we_3_r": 0.16519174041297935,
        "rouge_we_3_f": 0.2323651452282158
    }
}