{
    "rough_we": {
        "rouge_we_3_p": 0.546875,
        "rouge_we_3_r": 0.26649746192893403,
        "rouge_we_3_f": 0.35836177474402736
    }
}