{
    "rough_we": {
        "rouge_we_3_p": 0.3274336283185841,
        "rouge_we_3_r": 0.14285714285714285,
        "rouge_we_3_f": 0.19892473118279572
    }
}