{
    "rough_we": {
        "rouge_we_3_p": 0.25,
        "rouge_we_3_r": 0.11607142857142858,
        "rouge_we_3_f": 0.15853658536585366
    }
}