{
    "rough_we": {
        "rouge_we_3_p": 0.2994350282485876,
        "rouge_we_3_r": 0.20622568093385213,
        "rouge_we_3_f": 0.24423963133640555
    }
}