{
    "rough_we": {
        "rouge_we_3_p": 0.3262411347517731,
        "rouge_we_3_r": 0.23469387755102042,
        "rouge_we_3_f": 0.2729970326409496
    }
}