{
    "rough_we": {
        "rouge_we_3_p": 0.3897058823529412,
        "rouge_we_3_r": 0.16932907348242812,
        "rouge_we_3_f": 0.23608017817371937
    }
}