{
    "rough_we": {
        "rouge_we_3_p": 0.20833333333333334,
        "rouge_we_3_r": 0.10452961672473868,
        "rouge_we_3_f": 0.13921113689095127
    }
}