{
    "rough_we": {
        "rouge_we_3_p": 0.3161290322580645,
        "rouge_we_3_r": 0.17437722419928825,
        "rouge_we_3_f": 0.22477064220183485
    }
}