{
    "rough_we": {
        "rouge_we_3_p": 0.2546583850931677,
        "rouge_we_3_r": 0.18222222222222223,
        "rouge_we_3_f": 0.21243523316062174
    }
}