{
    "rough_we": {
        "rouge_we_3_p": 0.47619047619047616,
        "rouge_we_3_r": 0.2980132450331126,
        "rouge_we_3_f": 0.36659877800407326
    }
}