{
    "rough_we": {
        "rouge_we_3_p": 0.47093023255813954,
        "rouge_we_3_r": 0.35064935064935066,
        "rouge_we_3_f": 0.4019851116625311
    }
}