{
    "rough_we": {
        "rouge_we_3_p": 0.21428571428571427,
        "rouge_we_3_r": 0.2590909090909091,
        "rouge_we_3_f": 0.23456790123456792
    }
}