{
    "rough_we": {
        "rouge_we_3_p": 0.2485207100591716,
        "rouge_we_3_r": 0.2727272727272727,
        "rouge_we_3_f": 0.260061919504644
    }
}