{
    "rough_we": {
        "rouge_we_3_p": 0.3717277486910995,
        "rouge_we_3_r": 0.3302325581395349,
        "rouge_we_3_f": 0.3497536945812808
    }
}