{
    "rough_we": {
        "rouge_we_3_p": 0.25252525252525254,
        "rouge_we_3_r": 0.273224043715847,
        "rouge_we_3_f": 0.2624671916010499
    }
}