{
    "rough_we": {
        "rouge_we_3_p": 0.5573770491803278,
        "rouge_we_3_r": 0.2833333333333333,
        "rouge_we_3_f": 0.37569060773480656
    }
}