{
    "rough_we": {
        "rouge_we_3_p": 0.37404580152671757,
        "rouge_we_3_r": 0.15755627009646303,
        "rouge_we_3_f": 0.22171945701357465
    }
}