{
    "rough_we": {
        "rouge_we_3_p": 0.36813186813186816,
        "rouge_we_3_r": 0.18157181571815717,
        "rouge_we_3_f": 0.24319419237749546
    }
}