{
    "rough_we": {
        "rouge_we_3_p": 0.22758620689655173,
        "rouge_we_3_r": 0.22758620689655173,
        "rouge_we_3_f": 0.22758620689655173
    }
}