{
    "rough_we": {
        "rouge_we_3_p": 0.3372093023255814,
        "rouge_we_3_r": 0.29,
        "rouge_we_3_f": 0.3118279569892473
    }
}