{
    "rough_we": {
        "rouge_we_3_p": 0.25853658536585367,
        "rouge_we_3_r": 0.2535885167464115,
        "rouge_we_3_f": 0.25603864734299514
    }
}