{
    "rough_we": {
        "rouge_we_3_p": 0.41361256544502617,
        "rouge_we_3_r": 0.246875,
        "rouge_we_3_f": 0.3091976516634051
    }
}