{
    "rough_we": {
        "rouge_we_3_p": 0.17408906882591094,
        "rouge_we_3_r": 0.20772946859903382,
        "rouge_we_3_f": 0.1894273127753304
    }
}