{
    "rough_we": {
        "rouge_we_3_p": 0.2578616352201258,
        "rouge_we_3_r": 0.25,
        "rouge_we_3_f": 0.2538699690402477
    }
}