{
    "rough_we": {
        "rouge_we_3_p": 0.19463087248322147,
        "rouge_we_3_r": 0.16292134831460675,
        "rouge_we_3_f": 0.17737003058103976
    }
}