{
    "rough_we": {
        "rouge_we_3_p": 0.270935960591133,
        "rouge_we_3_r": 0.25,
        "rouge_we_3_f": 0.26004728132387706
    }
}