{
    "rough_we": {
        "rouge_we_3_p": 0.2894736842105263,
        "rouge_we_3_r": 0.176,
        "rouge_we_3_f": 0.21890547263681592
    }
}