{
    "rough_we": {
        "rouge_we_3_p": 0.3067484662576687,
        "rouge_we_3_r": 0.20080321285140562,
        "rouge_we_3_f": 0.24271844660194172
    }
}