{
    "rough_we": {
        "rouge_we_3_p": 0.24193548387096775,
        "rouge_we_3_r": 0.22277227722772278,
        "rouge_we_3_f": 0.23195876288659797
    }
}