{
    "rough_we": {
        "rouge_we_3_p": 0.37410071942446044,
        "rouge_we_3_r": 0.25365853658536586,
        "rouge_we_3_f": 0.3023255813953489
    }
}