{
    "rough_we": {
        "rouge_we_3_p": 0.2535211267605634,
        "rouge_we_3_r": 0.3050847457627119,
        "rouge_we_3_f": 0.276923076923077
    }
}