{
    "rough_we": {
        "rouge_we_3_p": 0.3235294117647059,
        "rouge_we_3_r": 0.24663677130044842,
        "rouge_we_3_f": 0.27989821882951654
    }
}