{
    "rough_we": {
        "rouge_we_3_p": 0.3821138211382114,
        "rouge_we_3_r": 0.2079646017699115,
        "rouge_we_3_f": 0.2693409742120344
    }
}