{
    "rough_we": {
        "rouge_we_3_p": 0.3181818181818182,
        "rouge_we_3_r": 0.2641509433962264,
        "rouge_we_3_f": 0.28865979381443296
    }
}