{
    "rough_we": {
        "rouge_we_3_p": 0.3033175355450237,
        "rouge_we_3_r": 0.2723404255319149,
        "rouge_we_3_f": 0.2869955156950673
    }
}