{
    "rough_we": {
        "rouge_we_3_p": 0.29577464788732394,
        "rouge_we_3_r": 0.23728813559322035,
        "rouge_we_3_f": 0.2633228840125392
    }
}