{
    "rough_we": {
        "rouge_we_3_p": 0.3069306930693069,
        "rouge_we_3_r": 0.3229166666666667,
        "rouge_we_3_f": 0.3147208121827411
    }
}