{
    "rough_we": {
        "rouge_we_3_p": 0.30246913580246915,
        "rouge_we_3_r": 0.21030042918454936,
        "rouge_we_3_f": 0.24810126582278483
    }
}