{
    "rough_we": {
        "rouge_we_3_p": 0.3,
        "rouge_we_3_r": 0.20149253731343283,
        "rouge_we_3_f": 0.24107142857142858
    }
}