{
    "rough_we": {
        "rouge_we_3_p": 0.3402777777777778,
        "rouge_we_3_r": 0.18421052631578946,
        "rouge_we_3_f": 0.23902439024390246
    }
}