{
    "rough_we": {
        "rouge_we_3_p": 0.38764044943820225,
        "rouge_we_3_r": 0.2490974729241877,
        "rouge_we_3_f": 0.3032967032967033
    }
}