{
    "rough_we": {
        "rouge_we_3_p": 0.21511627906976744,
        "rouge_we_3_r": 0.1423076923076923,
        "rouge_we_3_f": 0.17129629629629628
    }
}