{
    "rough_we": {
        "rouge_we_3_p": 0.3670212765957447,
        "rouge_we_3_r": 0.26744186046511625,
        "rouge_we_3_f": 0.3094170403587444
    }
}