{
    "rough_we": {
        "rouge_we_3_p": 0.4954954954954955,
        "rouge_we_3_r": 0.270935960591133,
        "rouge_we_3_f": 0.35031847133757954
    }
}