{
    "rough_we": {
        "rouge_we_3_p": 0.3951219512195122,
        "rouge_we_3_r": 0.313953488372093,
        "rouge_we_3_f": 0.34989200863930886
    }
}