{
    "rough_we": {
        "rouge_we_3_p": 0.3956043956043956,
        "rouge_we_3_r": 0.2903225806451613,
        "rouge_we_3_f": 0.33488372093023255
    }
}