{
    "rough_we": {
        "rouge_we_3_p": 0.34782608695652173,
        "rouge_we_3_r": 0.23414634146341465,
        "rouge_we_3_f": 0.27988338192419826
    }
}