{
    "rough_we": {
        "rouge_we_3_p": 0.24822695035460993,
        "rouge_we_3_r": 0.17766497461928935,
        "rouge_we_3_f": 0.20710059171597633
    }
}