{
    "rough_we": {
        "rouge_we_3_p": 0.23668639053254437,
        "rouge_we_3_r": 0.18779342723004694,
        "rouge_we_3_f": 0.2094240837696335
    }
}