{
    "rough_we": {
        "rouge_we_3_p": 0.328,
        "rouge_we_3_r": 0.3228346456692913,
        "rouge_we_3_f": 0.3253968253968254
    }
}