{
    "rough_we": {
        "rouge_we_3_p": 0.2066115702479339,
        "rouge_we_3_r": 0.22727272727272727,
        "rouge_we_3_f": 0.21645021645021645
    }
}