{
    "rough_we": {
        "rouge_we_3_p": 0.22981366459627328,
        "rouge_we_3_r": 0.15611814345991562,
        "rouge_we_3_f": 0.18592964824120603
    }
}