{
    "rough_we": {
        "rouge_we_3_p": 0.24342105263157895,
        "rouge_we_3_r": 0.18877551020408162,
        "rouge_we_3_f": 0.21264367816091956
    }
}