{
    "rough_we": {
        "rouge_we_3_p": 0.36538461538461536,
        "rouge_we_3_r": 0.2878787878787879,
        "rouge_we_3_f": 0.3220338983050848
    }
}