{
    "rough_we": {
        "rouge_we_3_p": 0.20853080568720378,
        "rouge_we_3_r": 0.20657276995305165,
        "rouge_we_3_f": 0.20754716981132074
    }
}