{
    "rough_we": {
        "rouge_we_3_p": 0.20967741935483872,
        "rouge_we_3_r": 0.1848341232227488,
        "rouge_we_3_f": 0.19647355163727961
    }
}