{
    "rough_we": {
        "rouge_we_3_p": 0.27979274611398963,
        "rouge_we_3_r": 0.2647058823529412,
        "rouge_we_3_f": 0.2720403022670025
    }
}