{
    "rough_we": {
        "rouge_we_3_p": 0.22929936305732485,
        "rouge_we_3_r": 0.21301775147928995,
        "rouge_we_3_f": 0.22085889570552147
    }
}