{
    "rough_we": {
        "rouge_we_3_p": 0.21428571428571427,
        "rouge_we_3_r": 0.19480519480519481,
        "rouge_we_3_f": 0.20408163265306123
    }
}