{
    "rough_we": {
        "rouge_we_3_p": 0.35365853658536583,
        "rouge_we_3_r": 0.37339055793991416,
        "rouge_we_3_f": 0.3632567849686848
    }
}