{
    "rough_we": {
        "rouge_we_3_p": 0.32894736842105265,
        "rouge_we_3_r": 0.18450184501845018,
        "rouge_we_3_f": 0.23640661938534283
    }
}