{
    "rough_we": {
        "rouge_we_3_p": 0.1891891891891892,
        "rouge_we_3_r": 0.15469613259668508,
        "rouge_we_3_f": 0.1702127659574468
    }
}