{
    "rough_we": {
        "rouge_we_3_p": 0.2827586206896552,
        "rouge_we_3_r": 0.30597014925373134,
        "rouge_we_3_f": 0.2939068100358423
    }
}