{
    "rough_we": {
        "rouge_we_3_p": 0.3411214953271028,
        "rouge_we_3_r": 0.38421052631578945,
        "rouge_we_3_f": 0.3613861386138613
    }
}