{
    "rough_we": {
        "rouge_we_3_p": 0.25,
        "rouge_we_3_r": 0.17560975609756097,
        "rouge_we_3_f": 0.20630372492836677
    }
}