{
    "rough_we": {
        "rouge_we_3_p": 0.3028169014084507,
        "rouge_we_3_r": 0.15925925925925927,
        "rouge_we_3_f": 0.2087378640776699
    }
}