{
    "rough_we": {
        "rouge_we_3_p": 0.2186046511627907,
        "rouge_we_3_r": 0.15614617940199335,
        "rouge_we_3_f": 0.1821705426356589
    }
}