{
    "rough_we": {
        "rouge_we_3_p": 0.515695067264574,
        "rouge_we_3_r": 0.45454545454545453,
        "rouge_we_3_f": 0.4831932773109244
    }
}