{
    "rough_we": {
        "rouge_we_3_p": 0.26136363636363635,
        "rouge_we_3_r": 0.23958333333333334,
        "rouge_we_3_f": 0.25
    }
}