{
    "rough_we": {
        "rouge_we_3_p": 0.4117647058823529,
        "rouge_we_3_r": 0.23161764705882354,
        "rouge_we_3_f": 0.29647058823529415
    }
}