{
    "rough_we": {
        "rouge_we_3_p": 0.3821138211382114,
        "rouge_we_3_r": 0.19421487603305784,
        "rouge_we_3_f": 0.2575342465753425
    }
}