{
    "rough_we": {
        "rouge_we_3_p": 0.2635135135135135,
        "rouge_we_3_r": 0.20855614973262032,
        "rouge_we_3_f": 0.23283582089552238
    }
}