{
    "rough_we": {
        "rouge_we_3_p": 0.17613636363636365,
        "rouge_we_3_r": 0.16756756756756758,
        "rouge_we_3_f": 0.17174515235457063
    }
}