{
    "rough_we": {
        "rouge_we_3_p": 0.29444444444444445,
        "rouge_we_3_r": 0.2864864864864865,
        "rouge_we_3_f": 0.29041095890410956
    }
}