{
    "rough_we": {
        "rouge_we_3_p": 0.3108108108108108,
        "rouge_we_3_r": 0.22009569377990432,
        "rouge_we_3_f": 0.25770308123249297
    }
}