{
    "rough_we": {
        "rouge_we_3_p": 0.31313131313131315,
        "rouge_we_3_r": 0.3263157894736842,
        "rouge_we_3_f": 0.3195876288659794
    }
}