{
    "summa_qa": {
        "summaqa_avg_prob": 0.03746599081832814,
        "summaqa_avg_fscore": 6.223549912870301e-05
    }
}