{
    "summa_qa": {
        "summaqa_avg_prob": 0.057507828047473716,
        "summaqa_avg_fscore": 0.00522948197366802
    }
}