{
    "summa_qa": {
        "summaqa_avg_prob": 0.06455790671392737,
        "summaqa_avg_fscore": 3.048269345079331e-05
    }
}