{
    "summa_qa": {
        "summaqa_avg_prob": 0.0738981035826992,
        "summaqa_avg_fscore": 0.016803628939649234
    }
}