{
    "summa_qa": {
        "summaqa_avg_prob": 0.07379829575625058,
        "summaqa_avg_fscore": 0.014170999638399481
    }
}