{
    "summa_qa": {
        "summaqa_avg_prob": 0.07132913963716164,
        "summaqa_avg_fscore": 0.0046543551051063566
    }
}