{
    "summa_qa": {
        "summaqa_avg_prob": 0.05356570632965117,
        "summaqa_avg_fscore": 0.014675723182732274
    }
}