{
    "summa_qa": {
        "summaqa_avg_prob": 0.059291711768399875,
        "summaqa_avg_fscore": 0.006172839506172839
    }
}