{
    "summa_qa": {
        "summaqa_avg_prob": 0.07152534604447419,
        "summaqa_avg_fscore": 0.017407319752164918
    }
}