{
    "summa_qa": {
        "summaqa_avg_prob": 0.04854558697977054,
        "summaqa_avg_fscore": 0.0035744763855362935
    }
}