{
    "summa_qa": {
        "summaqa_avg_prob": 0.09384042300165646,
        "summaqa_avg_fscore": 0.003407051526474999
    }
}