{
    "summa_qa": {
        "summaqa_avg_prob": 0.029392382969613693,
        "summaqa_avg_fscore": 0.0037276529329434813
    }
}