{
    "summa_qa": {
        "summaqa_avg_prob": 0.07377059529214681,
        "summaqa_avg_fscore": 0.0006759040216289287
    }
}