{
    "summa_qa": {
        "summaqa_avg_prob": 0.0774787323260683,
        "summaqa_avg_fscore": 0.01342926529468214
    }
}