{
    "summa_qa": {
        "summaqa_avg_prob": 0.037529853504741355,
        "summaqa_avg_fscore": 0.0021367521367521365
    }
}