{
    "summa_qa": {
        "summaqa_avg_prob": 0.0770312614732381,
        "summaqa_avg_fscore": 0.007563808611957974
    }
}