{
    "summa_qa": {
        "summaqa_avg_prob": 0.07868714399251907,
        "summaqa_avg_fscore": 0.0005222734254992321
    }
}