{
    "summa_qa": {
        "summaqa_avg_prob": 0.07447012896324051,
        "summaqa_avg_fscore": 0.010770975056689343
    }
}