{
    "summa_qa": {
        "summaqa_avg_prob": 0.060138763049755684,
        "summaqa_avg_fscore": 0.00017415534656913965
    }
}