{
    "summa_qa": {
        "summaqa_avg_prob": 0.04756106251857325,
        "summaqa_avg_fscore": 0.008459261242766398
    }
}