{
    "summa_qa": {
        "summaqa_avg_prob": 0.08705582591633051,
        "summaqa_avg_fscore": 0.0033783783783783786
    }
}