{
    "summa_qa": {
        "summaqa_avg_prob": 0.10489651831609706,
        "summaqa_avg_fscore": 0.0020449897750511245
    }
}