{
    "summa_qa": {
        "summaqa_avg_prob": 0.05897662050407299,
        "summaqa_avg_fscore": 0.0033912833192436148
    }
}