{
    "summa_qa": {
        "summaqa_avg_prob": 0.0907209352698437,
        "summaqa_avg_fscore": 0.008079130172153427
    }
}