{
    "summa_qa": {
        "summaqa_avg_prob": 0.038784010102737604,
        "summaqa_avg_fscore": 0.0009330422388879729
    }
}