{
    "summa_qa": {
        "summaqa_avg_prob": 0.06022382342818913,
        "summaqa_avg_fscore": 0.003342318059299192
    }
}