{
    "summa_qa": {
        "summaqa_avg_prob": 0.08435082691153549,
        "summaqa_avg_fscore": 0.018351952451810358
    }
}