{
    "summa_qa": {
        "summaqa_avg_prob": 0.08509431851371457,
        "summaqa_avg_fscore": 0.0041356492969396195
    }
}