{
    "summa_qa": {
        "summaqa_avg_prob": 0.07966542430514291,
        "summaqa_avg_fscore": 0.005888733922206726
    }
}