{
    "summa_qa": {
        "summaqa_avg_prob": 0.0934552583149543,
        "summaqa_avg_fscore": 0.0004556106203165026
    }
}