{
    "summa_qa": {
        "summaqa_avg_prob": 0.08211469509791011,
        "summaqa_avg_fscore": 0.0014365010075264504
    }
}