{
    "summa_qa": {
        "summaqa_avg_prob": 0.046508951264069426,
        "summaqa_avg_fscore": 0.0031238464377999265
    }
}