{
    "summa_qa": {
        "summaqa_avg_prob": 0.06004256742277635,
        "summaqa_avg_fscore": 0.014782263337176632
    }
}