{
    "summa_qa": {
        "summaqa_avg_prob": 0.0466779208689166,
        "summaqa_avg_fscore": 0.004066370104145995
    }
}