{
    "summa_qa": {
        "summaqa_avg_prob": 0.08191444035461423,
        "summaqa_avg_fscore": 0.0014144271570014145
    }
}