{
    "summa_qa": {
        "summaqa_avg_prob": 0.024522795855441686,
        "summaqa_avg_fscore": 0.007390194100163448
    }
}