{
    "summa_qa": {
        "summaqa_avg_prob": 0.0653287914565767,
        "summaqa_avg_fscore": 0.00028328611898017
    }
}