{
    "summa_qa": {
        "summaqa_avg_prob": 0.05973358841918132,
        "summaqa_avg_fscore": 0.002351442351442352
    }
}