{
    "summa_qa": {
        "summaqa_avg_prob": 0.042067516712497886,
        "summaqa_avg_fscore": 0.000334981191118213
    }
}