{
    "summa_qa": {
        "summaqa_avg_prob": 0.04574696047264658,
        "summaqa_avg_fscore": 0.011235583754667723
    }
}