{
    "summa_qa": {
        "summaqa_avg_prob": 0.06459955638957325,
        "summaqa_avg_fscore": 0.01093560785552572
    }
}