{
    "summa_qa": {
        "summaqa_avg_prob": 0.06967756845738002,
        "summaqa_avg_fscore": 0.007825859849433132
    }
}