{
    "summa_qa": {
        "summaqa_avg_prob": 0.05307566205393067,
        "summaqa_avg_fscore": 0.004107347406316479
    }
}