{
    "summa_qa": {
        "summaqa_avg_prob": 0.03142269477167402,
        "summaqa_avg_fscore": 0.00388331475287997
    }
}