{
    "summa_qa": {
        "summaqa_avg_prob": 0.0873698725249755,
        "summaqa_avg_fscore": 0.020159962361797224
    }
}