{
    "summa_qa": {
        "summaqa_avg_prob": 0.05366916198591982,
        "summaqa_avg_fscore": 0.018170399158648525
    }
}