{
    "summa_qa": {
        "summaqa_avg_prob": 0.08908978424529267,
        "summaqa_avg_fscore": 0.0024405210163724097
    }
}