{
    "summa_qa": {
        "summaqa_avg_prob": 0.015309570326997177,
        "summaqa_avg_fscore": 0.0005021406555933411
    }
}