{
    "summa_qa": {
        "summaqa_avg_prob": 0.06709221010707551,
        "summaqa_avg_fscore": 0.004777740517177137
    }
}