{
    "summa_qa": {
        "summaqa_avg_prob": 0.0672774516244638,
        "summaqa_avg_fscore": 0.0676982988317278
    }
}