{
    "summa_qa": {
        "summaqa_avg_prob": 0.08013781110363877,
        "summaqa_avg_fscore": 0.0018482115862350783
    }
}