{
    "summa_qa": {
        "summaqa_avg_prob": 0.04217304018981608,
        "summaqa_avg_fscore": 0.00782312925170068
    }
}