{
    "summa_qa": {
        "summaqa_avg_prob": 0.07051628522506846,
        "summaqa_avg_fscore": 0.0024652306244393905
    }
}