{
    "summa_qa": {
        "summaqa_avg_prob": 0.042646099390853294,
        "summaqa_avg_fscore": 0.01770939878284511
    }
}