{
    "summa_qa": {
        "summaqa_avg_prob": 0.08161322577654766,
        "summaqa_avg_fscore": 0.00401748788845563
    }
}