{
    "summa_qa": {
        "summaqa_avg_prob": 0.104226224604441,
        "summaqa_avg_fscore": 0.0017229113867769331
    }
}