{
    "summa_qa": {
        "summaqa_avg_prob": 0.05253558545422471,
        "summaqa_avg_fscore": 0.0128608190751464
    }
}