{
    "summa_qa": {
        "summaqa_avg_prob": 0.08078795062838208,
        "summaqa_avg_fscore": 0.047773039564084345
    }
}