{
    "summa_qa": {
        "summaqa_avg_prob": 0.08518601977157061,
        "summaqa_avg_fscore": 0.00031298904538341156
    }
}