{
    "summa_qa": {
        "summaqa_avg_prob": 0.048357434545122965,
        "summaqa_avg_fscore": 0.007130358705161857
    }
}