{
    "summa_qa": {
        "summaqa_avg_prob": 0.06795202402960229,
        "summaqa_avg_fscore": 0.0037125600976085633
    }
}