{
    "summa_qa": {
        "summaqa_avg_prob": 0.05547180219473376,
        "summaqa_avg_fscore": 0.00773079365079365
    }
}