{
    "summa_qa": {
        "summaqa_avg_prob": 0.045465028173515915,
        "summaqa_avg_fscore": 0.017674418604651163
    }
}