{
    "summa_qa": {
        "summaqa_avg_prob": 0.07522779747776075,
        "summaqa_avg_fscore": 0.004998232947947695
    }
}