{
    "summa_qa": {
        "summaqa_avg_prob": 0.07830254284776371,
        "summaqa_avg_fscore": 0.003979128095615279
    }
}