{
    "summa_qa": {
        "summaqa_avg_prob": 0.07847806819059744,
        "summaqa_avg_fscore": 0.001964732336289026
    }
}