{
    "summa_qa": {
        "summaqa_avg_prob": 0.026040092091055053,
        "summaqa_avg_fscore": 0.0008046761948823934
    }
}