{
    "summa_qa": {
        "summaqa_avg_prob": 0.09641833674656797,
        "summaqa_avg_fscore": 0.00039233581533480217
    }
}