{
    "summa_qa": {
        "summaqa_avg_prob": 0.07449513803528895,
        "summaqa_avg_fscore": 0.010847857661583152
    }
}