{
    "summa_qa": {
        "summaqa_avg_prob": 0.09851075112332705,
        "summaqa_avg_fscore": 3.5139503830205926e-05
    }
}