{
    "summa_qa": {
        "summaqa_avg_prob": 0.0959463287505563,
        "summaqa_avg_fscore": 0.004387464387464388
    }
}