{
    "summa_qa": {
        "summaqa_avg_prob": 0.0724455746027011,
        "summaqa_avg_fscore": 0.06215150232754973
    }
}