{
    "summa_qa": {
        "summaqa_avg_prob": 0.05315878978286087,
        "summaqa_avg_fscore": 0.07915758896151052
    }
}