{
    "summa_qa": {
        "summaqa_avg_prob": 0.07498210066540047,
        "summaqa_avg_fscore": 0.0018565887815433356
    }
}