{
    "summa_qa": {
        "summaqa_avg_prob": 0.09212842447198791,
        "summaqa_avg_fscore": 0.019488969676939603
    }
}