{
    "summa_qa": {
        "summaqa_avg_prob": 0.049853522528276184,
        "summaqa_avg_fscore": 0.0031273685694202364
    }
}