{
    "summa_qa": {
        "summaqa_avg_prob": 0.07142644856313173,
        "summaqa_avg_fscore": 0.013763610290109989
    }
}