{
    "summa_qa": {
        "summaqa_avg_prob": 0.08843966210795079,
        "summaqa_avg_fscore": 0.0035842293906810036
    }
}