{
    "summa_qa": {
        "summaqa_avg_prob": 0.04678633377296881,
        "summaqa_avg_fscore": 0.0024631923871083583
    }
}