{
    "summa_qa": {
        "summaqa_avg_prob": 0.09976825757346094,
        "summaqa_avg_fscore": 0.005221932114882507
    }
}