{
    "summa_qa": {
        "summaqa_avg_prob": 0.03156574974180359,
        "summaqa_avg_fscore": 0.0011596965687962525
    }
}