{
    "summa_qa": {
        "summaqa_avg_prob": 0.07247345489273709,
        "summaqa_avg_fscore": 0.0004943153732081068
    }
}