{
    "summa_qa": {
        "summaqa_avg_prob": 0.05651461572038481,
        "summaqa_avg_fscore": 0.001721170395869191
    }
}