{
    "summa_qa": {
        "summaqa_avg_prob": 0.09189234206920371,
        "summaqa_avg_fscore": 0.0005944949765174484
    }
}