{
    "summa_qa": {
        "summaqa_avg_prob": 0.07092253914512495,
        "summaqa_avg_fscore": 0.0018596392860480329
    }
}