{
    "summa_qa": {
        "summaqa_avg_prob": 0.07331993168098885,
        "summaqa_avg_fscore": 0.002956850610280213
    }
}