{
    "summa_qa": {
        "summaqa_avg_prob": 0.0724590787602527,
        "summaqa_avg_fscore": 0.0001001001001001001
    }
}