{
    "summa_qa": {
        "summaqa_avg_prob": 0.03307095982749069,
        "summaqa_avg_fscore": 0.011169031410485595
    }
}