{
    "summa_qa": {
        "summaqa_avg_prob": 0.06356499315918668,
        "summaqa_avg_fscore": 0.035028859479301955
    }
}