{
    "summa_qa": {
        "summaqa_avg_prob": 0.09119957072769792,
        "summaqa_avg_fscore": 0.000574052812858783
    }
}