{
    "summa_qa": {
        "summaqa_avg_prob": 0.06144554192848657,
        "summaqa_avg_fscore": 0.004489991153334043
    }
}