{
    "summa_qa": {
        "summaqa_avg_prob": 0.023298485333305925,
        "summaqa_avg_fscore": 0.01227503433385786
    }
}