{
    "summa_qa": {
        "summaqa_avg_prob": 0.0753429545731073,
        "summaqa_avg_fscore": 0.01725170019434032
    }
}