{
    "summa_qa": {
        "summaqa_avg_prob": 0.0627499413435094,
        "summaqa_avg_fscore": 0.005494505494505495
    }
}