{
    "summa_qa": {
        "summaqa_avg_prob": 0.06621254577538378,
        "summaqa_avg_fscore": 4.342916702857639e-05
    }
}