{
    "summa_qa": {
        "summaqa_avg_prob": 0.016504769394322914,
        "summaqa_avg_fscore": 0.0035254237288135596
    }
}