{
    "summa_qa": {
        "summaqa_avg_prob": 0.07639927283342195,
        "summaqa_avg_fscore": 0.039676315112062176
    }
}