{
    "summa_qa": {
        "summaqa_avg_prob": 0.09533774526237616,
        "summaqa_avg_fscore": 0.0021037868162692847
    }
}