{
    "summa_qa": {
        "summaqa_avg_prob": 0.08477303515309005,
        "summaqa_avg_fscore": 0.0002559285578153503
    }
}