{
    "summa_qa": {
        "summaqa_avg_prob": 0.08635529457107903,
        "summaqa_avg_fscore": 0.0012019230769230772
    }
}