{
    "summa_qa": {
        "summaqa_avg_prob": 0.08652816930160043,
        "summaqa_avg_fscore": 0.047053579072554405
    }
}