{
    "summa_qa": {
        "summaqa_avg_prob": 0.0983429616317153,
        "summaqa_avg_fscore": 0.004714031842744714
    }
}