{
    "summa_qa": {
        "summaqa_avg_prob": 0.08816417598563506,
        "summaqa_avg_fscore": 0.010501071619220627
    }
}