{
    "summa_qa": {
        "summaqa_avg_prob": 0.043667581979491735,
        "summaqa_avg_fscore": 0.002264095822378031
    }
}