{
    "summa_qa": {
        "summaqa_avg_prob": 0.030919697406254092,
        "summaqa_avg_fscore": 0.0009232025796543364
    }
}