{
    "summa_qa": {
        "summaqa_avg_prob": 0.07840916340145132,
        "summaqa_avg_fscore": 0.008860133982456478
    }
}