{
    "summa_qa": {
        "summaqa_avg_prob": 0.09124003654152628,
        "summaqa_avg_fscore": 0.009436522891133843
    }
}