{
    "summa_qa": {
        "summaqa_avg_prob": 0.07704359658700963,
        "summaqa_avg_fscore": 0.005188022013092653
    }
}