{
    "summa_qa": {
        "summaqa_avg_prob": 0.09059030106714504,
        "summaqa_avg_fscore": 0.002922077922077922
    }
}