{
    "summa_qa": {
        "summaqa_avg_prob": 0.06663058393730638,
        "summaqa_avg_fscore": 0.010425117649743524
    }
}