{
    "summa_qa": {
        "summaqa_avg_prob": 0.052575353906147204,
        "summaqa_avg_fscore": 0.0005107252298263533
    }
}