{
    "summa_qa": {
        "summaqa_avg_prob": 0.07847032176727922,
        "summaqa_avg_fscore": 0.000548967940272288
    }
}