{
    "summa_qa": {
        "summaqa_avg_prob": 0.06851463758315364,
        "summaqa_avg_fscore": 0.007657647171416969
    }
}