{
    "summa_qa": {
        "summaqa_avg_prob": 0.09857729918865571,
        "summaqa_avg_fscore": 0.0003177390359128726
    }
}