{
    "summa_qa": {
        "summaqa_avg_prob": 0.10115832946728578,
        "summaqa_avg_fscore": 0.013211775290291668
    }
}