{
    "summa_qa": {
        "summaqa_avg_prob": 0.07211141088395133,
        "summaqa_avg_fscore": 0.009690999022385585
    }
}