{
    "summa_qa": {
        "summaqa_avg_prob": 0.023175725251920316,
        "summaqa_avg_fscore": 0.0041279820611582335
    }
}