{
    "summa_qa": {
        "summaqa_avg_prob": 0.08575539676906714,
        "summaqa_avg_fscore": 0.02536835784781587
    }
}