{
    "summa_qa": {
        "summaqa_avg_prob": 0.07128408199639463,
        "summaqa_avg_fscore": 0.019370128737202057
    }
}