{
    "summa_qa": {
        "summaqa_avg_prob": 0.04210149879403964,
        "summaqa_avg_fscore": 0.007498674165340832
    }
}