{
    "summa_qa": {
        "summaqa_avg_prob": 0.07732969038722823,
        "summaqa_avg_fscore": 0.001092896174863388
    }
}