{
    "summa_qa": {
        "summaqa_avg_prob": 0.05174798515612414,
        "summaqa_avg_fscore": 0.01024131583905652
    }
}