{
    "summa_qa": {
        "summaqa_avg_prob": 0.03455913205142493,
        "summaqa_avg_fscore": 0.00020903010033444816
    }
}