{
    "summa_qa": {
        "summaqa_avg_prob": 0.06878736426738902,
        "summaqa_avg_fscore": 0.004585018621047862
    }
}