{
    "summa_qa": {
        "summaqa_avg_prob": 0.048643197761113185,
        "summaqa_avg_fscore": 0.02305472778014285
    }
}