{
    "summa_qa": {
        "summaqa_avg_prob": 0.08265987221955966,
        "summaqa_avg_fscore": 0.0002193222941111964
    }
}