{
    "summa_qa": {
        "summaqa_avg_prob": 0.08156333288328217,
        "summaqa_avg_fscore": 0.01149936773127131
    }
}