{
    "summa_qa": {
        "summaqa_avg_prob": 0.0738224619916313,
        "summaqa_avg_fscore": 0.01684765436323999
    }
}