{
    "summa_qa": {
        "summaqa_avg_prob": 0.04186378911753161,
        "summaqa_avg_fscore": 0.0002639374081026364
    }
}