{
    "summa_qa": {
        "summaqa_avg_prob": 0.01159374390978737,
        "summaqa_avg_fscore": 0.009189285125114001
    }
}