{
    "summa_qa": {
        "summaqa_avg_prob": 0.05194317624966474,
        "summaqa_avg_fscore": 0.010464786962482816
    }
}