{
    "summa_qa": {
        "summaqa_avg_prob": 0.05969227650003489,
        "summaqa_avg_fscore": 0.007866551226216392
    }
}