{
    "summa_qa": {
        "summaqa_avg_prob": 0.09464740969598612,
        "summaqa_avg_fscore": 0.008554612647139338
    }
}