{
    "summa_qa": {
        "summaqa_avg_prob": 0.09007425625816363,
        "summaqa_avg_fscore": 0.00026884019102553145
    }
}