{
    "summa_qa": {
        "summaqa_avg_prob": 0.039422285814112376,
        "summaqa_avg_fscore": 0.011991898407035132
    }
}