{
    "summa_qa": {
        "summaqa_avg_prob": 0.08582242472199068,
        "summaqa_avg_fscore": 6.0260929826147226e-05
    }
}