{
    "summa_qa": {
        "summaqa_avg_prob": 0.08458607879654395,
        "summaqa_avg_fscore": 0.0012752698950990534
    }
}