{
    "summa_qa": {
        "summaqa_avg_prob": 0.046763305349562564,
        "summaqa_avg_fscore": 0.0022410358565737054
    }
}