{
    "summa_qa": {
        "summaqa_avg_prob": 0.08548169236607712,
        "summaqa_avg_fscore": 0.004376104554905796
    }
}