{
    "summa_qa": {
        "summaqa_avg_prob": 0.06377925446022537,
        "summaqa_avg_fscore": 0.012301127274389307
    }
}