{
    "summa_qa": {
        "summaqa_avg_prob": 0.09706383838465339,
        "summaqa_avg_fscore": 0.00225651848920547
    }
}