{
    "summa_qa": {
        "summaqa_avg_prob": 0.08818068152970888,
        "summaqa_avg_fscore": 0.0035335772166154803
    }
}