{
    "summa_qa": {
        "summaqa_avg_prob": 0.031064587468746338,
        "summaqa_avg_fscore": 0.003061617458279846
    }
}