{
    "summa_qa": {
        "summaqa_avg_prob": 0.08888513098204028,
        "summaqa_avg_fscore": 0.0004807233742202552
    }
}