{
    "summa_qa": {
        "summaqa_avg_prob": 0.06098854367415437,
        "summaqa_avg_fscore": 0.0009085797516178506
    }
}