{
    "summa_qa": {
        "summaqa_avg_prob": 0.03538192044966387,
        "summaqa_avg_fscore": 0.005845112611518596
    }
}