{
    "summa_qa": {
        "summaqa_avg_prob": 0.04339157470921055,
        "summaqa_avg_fscore": 6.837606837606838e-05
    }
}