{
    "summa_qa": {
        "summaqa_avg_prob": 0.04228898692446137,
        "summaqa_avg_fscore": 0.006656855450513539
    }
}