{
    "summa_qa": {
        "summaqa_avg_prob": 0.04074367095189193,
        "summaqa_avg_fscore": 0.0001869848292975163
    }
}