{
    "summa_qa": {
        "summaqa_avg_prob": 0.04168555569774567,
        "summaqa_avg_fscore": 0.01423995194608926
    }
}