{
    "summa_qa": {
        "summaqa_avg_prob": 0.08125467033614572,
        "summaqa_avg_fscore": 0.024138548349628777
    }
}