{
    "summa_qa": {
        "summaqa_avg_prob": 0.05393311690599187,
        "summaqa_avg_fscore": 0.0017730496453900709
    }
}