{
    "summa_qa": {
        "summaqa_avg_prob": 0.07058604863504926,
        "summaqa_avg_fscore": 0.026663641863278888
    }
}