{
    "summa_qa": {
        "summaqa_avg_prob": 0.08406703971129305,
        "summaqa_avg_fscore": 0.002594170633092789
    }
}