{
    "summa_qa": {
        "summaqa_avg_prob": 0.03604240848295019,
        "summaqa_avg_fscore": 0.01159659565105381
    }
}