{
    "summa_qa": {
        "summaqa_avg_prob": 0.09977069489131543,
        "summaqa_avg_fscore": 0.030336348666472054
    }
}