{
    "summa_qa": {
        "summaqa_avg_prob": 0.07980086675663996,
        "summaqa_avg_fscore": 0.043967405548572876
    }
}