{
    "summa_qa": {
        "summaqa_avg_prob": 0.04496534190867607,
        "summaqa_avg_fscore": 0.0012974796942188246
    }
}