{
    "summa_qa": {
        "summaqa_avg_prob": 0.02919588347002076,
        "summaqa_avg_fscore": 0.032180796378177015
    }
}