{
    "summa_qa": {
        "summaqa_avg_prob": 0.03969883685684758,
        "summaqa_avg_fscore": 0.0015444268135126028
    }
}