{
    "summa_qa": {
        "summaqa_avg_prob": 0.015975265752602864,
        "summaqa_avg_fscore": 0.008564576909900652
    }
}