{
    "summa_qa": {
        "summaqa_avg_prob": 0.07863056989434257,
        "summaqa_avg_fscore": 0.02483676375739901
    }
}