{
    "summa_qa": {
        "summaqa_avg_prob": 0.04226406206234003,
        "summaqa_avg_fscore": 0.006119162640901771
    }
}