{
    "summa_qa": {
        "summaqa_avg_prob": 0.07042844694321442,
        "summaqa_avg_fscore": 0.036644354760355075
    }
}