{
    "summa_qa": {
        "summaqa_avg_prob": 0.06893006798924327,
        "summaqa_avg_fscore": 0.009991794036212505
    }
}