{
    "summa_qa": {
        "summaqa_avg_prob": 0.06390051741697322,
        "summaqa_avg_fscore": 0.04603905006435196
    }
}