{
    "summa_qa": {
        "summaqa_avg_prob": 0.07097001877991715,
        "summaqa_avg_fscore": 0.00010913456291607552
    }
}