{
    "summa_qa": {
        "summaqa_avg_prob": 0.06043976410600247,
        "summaqa_avg_fscore": 0.003972294045823458
    }
}