{
    "summa_qa": {
        "summaqa_avg_prob": 0.049406218547433205,
        "summaqa_avg_fscore": 0.0025188916876574307
    }
}