{
    "summa_qa": {
        "summaqa_avg_prob": 0.06244745929719647,
        "summaqa_avg_fscore": 0.02353725490196078
    }
}