{
    "summa_qa": {
        "summaqa_avg_prob": 0.0800270232708969,
        "summaqa_avg_fscore": 0.00088897498816135
    }
}