{
    "summa_qa": {
        "summaqa_avg_prob": 0.06516962083510956,
        "summaqa_avg_fscore": 0.00997596153846154
    }
}