{
    "summa_qa": {
        "summaqa_avg_prob": 0.08995393460908746,
        "summaqa_avg_fscore": 8.865248226950354e-05
    }
}