{
    "summa_qa": {
        "summaqa_avg_prob": 0.03974868308417283,
        "summaqa_avg_fscore": 0.0012581376636676175
    }
}