{
    "summa_qa": {
        "summaqa_avg_prob": 0.06020876939900966,
        "summaqa_avg_fscore": 0.023729581114980098
    }
}