{
    "summa_qa": {
        "summaqa_avg_prob": 0.05297614248096398,
        "summaqa_avg_fscore": 0.006038130556744164
    }
}