{
    "summa_qa": {
        "summaqa_avg_prob": 0.06862634021464459,
        "summaqa_avg_fscore": 0.0013465797307458567
    }
}