{
    "summa_qa": {
        "summaqa_avg_prob": 0.04139690952600553,
        "summaqa_avg_fscore": 0.0024103478332065786
    }
}