{
    "summa_qa": {
        "summaqa_avg_prob": 0.09577683846350589,
        "summaqa_avg_fscore": 0.0032679738562091504
    }
}