{
    "summa_qa": {
        "summaqa_avg_prob": 0.09960200539032041,
        "summaqa_avg_fscore": 0.00044722719141323787
    }
}