{
    "summa_qa": {
        "summaqa_avg_prob": 0.1044404424670796,
        "summaqa_avg_fscore": 0.0008756743332551497
    }
}