{
    "summa_qa": {
        "summaqa_avg_prob": 0.1063792098738018,
        "summaqa_avg_fscore": 0.0030448021219072617
    }
}