{
    "summa_qa": {
        "summaqa_avg_prob": 0.10076447018530287,
        "summaqa_avg_fscore": 0.003395262929161234
    }
}