{
    "summa_qa": {
        "summaqa_avg_prob": 0.10027608211135115,
        "summaqa_avg_fscore": 0.00039580447259054025
    }
}