{
    "summa_qa": {
        "summaqa_avg_prob": 0.04264317470155107,
        "summaqa_avg_fscore": 0.003300218765920465
    }
}