{
    "summa_qa": {
        "summaqa_avg_prob": 0.0938740751792427,
        "summaqa_avg_fscore": 0.00038557933294775394
    }
}