{
    "summa_qa": {
        "summaqa_avg_prob": 0.06777516494746369,
        "summaqa_avg_fscore": 0.0009504048816604658
    }
}