{
    "summa_qa": {
        "summaqa_avg_prob": 0.06202199305847101,
        "summaqa_avg_fscore": 5.389310303013971e-05
    }
}