{
    "summa_qa": {
        "summaqa_avg_prob": 0.07941605457467318,
        "summaqa_avg_fscore": 0.006424936386768449
    }
}