{
    "summa_qa": {
        "summaqa_avg_prob": 0.04663533758279836,
        "summaqa_avg_fscore": 8.704356530443487e-05
    }
}