{
    "summa_qa": {
        "summaqa_avg_prob": 0.10332703977894588,
        "summaqa_avg_fscore": 0.013537443070957016
    }
}