{
    "summa_qa": {
        "summaqa_avg_prob": 0.08744073799391697,
        "summaqa_avg_fscore": 0.027896152497682295
    }
}