{
    "summa_qa": {
        "summaqa_avg_prob": 0.037380368977233236,
        "summaqa_avg_fscore": 0.03432372949179672
    }
}