{
    "summa_qa": {
        "summaqa_avg_prob": 0.059540920491373155,
        "summaqa_avg_fscore": 0.0010262087580997664
    }
}