{
    "summa_qa": {
        "summaqa_avg_prob": 0.07484317693358832,
        "summaqa_avg_fscore": 0.0002519526329050138
    }
}