{
    "summa_qa": {
        "summaqa_avg_prob": 0.08827340278737977,
        "summaqa_avg_fscore": 0.004718331777155306
    }
}