{
    "summa_qa": {
        "summaqa_avg_prob": 0.09437705095634501,
        "summaqa_avg_fscore": 0.003173407521233608
    }
}