{
    "summa_qa": {
        "summaqa_avg_prob": 0.05908974595021809,
        "summaqa_avg_fscore": 0.002574002574002574
    }
}