{
    "summa_qa": {
        "summaqa_avg_prob": 0.09793398955302073,
        "summaqa_avg_fscore": 0.0010122295028336652
    }
}