{
    "summa_qa": {
        "summaqa_avg_prob": 0.059742108190496794,
        "summaqa_avg_fscore": 6.366182836771072e-05
    }
}