{
    "summa_qa": {
        "summaqa_avg_prob": 0.08512693459868306,
        "summaqa_avg_fscore": 0.0010660980810234541
    }
}