{
    "summa_qa": {
        "summaqa_avg_prob": 0.059335060012064136,
        "summaqa_avg_fscore": 0.002175085896016129
    }
}