{
    "summa_qa": {
        "summaqa_avg_prob": 0.07350111833243493,
        "summaqa_avg_fscore": 0.010228284549675075
    }
}