{
    "summa_qa": {
        "summaqa_avg_prob": 0.05296234221669668,
        "summaqa_avg_fscore": 0.005891768082346772
    }
}