{
    "summa_qa": {
        "summaqa_avg_prob": 0.09833509922027588,
        "summaqa_avg_fscore": 7.246376811594204e-05
    }
}