{
    "summa_qa": {
        "summaqa_avg_prob": 0.10021102444799194,
        "summaqa_avg_fscore": 0.0018484626647144952
    }
}