{
    "summa_qa": {
        "summaqa_avg_prob": 0.07686804781815,
        "summaqa_avg_fscore": 0.039931919350615346
    }
}