{
    "summa_qa": {
        "summaqa_avg_prob": 0.08487970396258063,
        "summaqa_avg_fscore": 0.00035014005602240897
    }
}