{
    "summa_qa": {
        "summaqa_avg_prob": 0.021434053941600785,
        "summaqa_avg_fscore": 0.00014364720247073186
    }
}