{
    "summa_qa": {
        "summaqa_avg_prob": 0.049902927543215146,
        "summaqa_avg_fscore": 0.03375226079405622
    }
}