{
    "summa_qa": {
        "summaqa_avg_prob": 0.08002761088692292,
        "summaqa_avg_fscore": 0.030079885154547632
    }
}