{
    "summa_qa": {
        "summaqa_avg_prob": 0.042783266787214586,
        "summaqa_avg_fscore": 0.038720221868706106
    }
}