{
    "summa_qa": {
        "summaqa_avg_prob": 0.09844010213523038,
        "summaqa_avg_fscore": 0.004464285714285714
    }
}