{
    "summa_qa": {
        "summaqa_avg_prob": 0.1022748599628722,
        "summaqa_avg_fscore": 0.0023341505727844927
    }
}