{
    "summa_qa": {
        "summaqa_avg_prob": 0.08879582485299098,
        "summaqa_avg_fscore": 0.0022100151582223294
    }
}