{
    "summa_qa": {
        "summaqa_avg_prob": 0.03263824544257276,
        "summaqa_avg_fscore": 0.0021929824561403508
    }
}