{
    "summa_qa": {
        "summaqa_avg_prob": 0.09762238099304314,
        "summaqa_avg_fscore": 0.0028052805280528057
    }
}