{
    "summa_qa": {
        "summaqa_avg_prob": 0.077788632598822,
        "summaqa_avg_fscore": 4.280821917808219e-05
    }
}