{
    "summa_qa": {
        "summaqa_avg_prob": 0.10110252755317185,
        "summaqa_avg_fscore": 0.0026109660574412533
    }
}