{
    "summa_qa": {
        "summaqa_avg_prob": 0.07188916448359502,
        "summaqa_avg_fscore": 0.0011061946902654867
    }
}