{
    "summa_qa": {
        "summaqa_avg_prob": 0.08350487453789693,
        "summaqa_avg_fscore": 0.010841036174825971
    }
}