{
    "summa_qa": {
        "summaqa_avg_prob": 0.02319739580715894,
        "summaqa_avg_fscore": 0.0013043345034679812
    }
}