{
    "summa_qa": {
        "summaqa_avg_prob": 0.09365191862244553,
        "summaqa_avg_fscore": 0.001444355102891688
    }
}