{
    "summa_qa": {
        "summaqa_avg_prob": 0.06919907065955698,
        "summaqa_avg_fscore": 0.00370347069309007
    }
}