{
    "summa_qa": {
        "summaqa_avg_prob": 0.09740675007169311,
        "summaqa_avg_fscore": 0.0006006006006006006
    }
}