{
    "summa_qa": {
        "summaqa_avg_prob": 0.07706263473962723,
        "summaqa_avg_fscore": 0.00013219976732523227
    }
}