{
    "summa_qa": {
        "summaqa_avg_prob": 0.0735882694227501,
        "summaqa_avg_fscore": 0.004947033303186468
    }
}