{
    "summa_qa": {
        "summaqa_avg_prob": 0.0677312058397505,
        "summaqa_avg_fscore": 0.0019885813000107616
    }
}