{
    "summa_qa": {
        "summaqa_avg_prob": 0.11252635220343567,
        "summaqa_avg_fscore": 0.012216544495507258
    }
}