{
    "summa_qa": {
        "summaqa_avg_prob": 0.02648014372214081,
        "summaqa_avg_fscore": 0.005328798185941043
    }
}