{
    "summa_qa": {
        "summaqa_avg_prob": 0.09909294492467992,
        "summaqa_avg_fscore": 0.005646417445482866
    }
}