{
    "summa_qa": {
        "summaqa_avg_prob": 0.08325890248108961,
        "summaqa_avg_fscore": 0.04285628019323672
    }
}