{
    "summa_qa": {
        "summaqa_avg_prob": 0.0724879284509086,
        "summaqa_avg_fscore": 0.0044114091834745565
    }
}