{
    "summa_qa": {
        "summaqa_avg_prob": 0.0989154573191296,
        "summaqa_avg_fscore": 0.0002674979887369268
    }
}