{
    "summa_qa": {
        "summaqa_avg_prob": 0.10224349585400004,
        "summaqa_avg_fscore": 0.0007525398218989088
    }
}