{
    "summa_qa": {
        "summaqa_avg_prob": 0.05348621229162543,
        "summaqa_avg_fscore": 0.06466273243193785
    }
}