{
    "summa_qa": {
        "summaqa_avg_prob": 0.07442407047584249,
        "summaqa_avg_fscore": 0.05315497525174945
    }
}