{
    "summa_qa": {
        "summaqa_avg_prob": 0.0966752302099439,
        "summaqa_avg_fscore": 0.0005904865239903604
    }
}