{
    "summa_qa": {
        "summaqa_avg_prob": 0.10532717863946382,
        "summaqa_avg_fscore": 0.007326007326007326
    }
}