{
    "summa_qa": {
        "summaqa_avg_prob": 0.10433353772491552,
        "summaqa_avg_fscore": 0.0004367251558262794
    }
}