{
    "summa_qa": {
        "summaqa_avg_prob": 0.08710527158903213,
        "summaqa_avg_fscore": 0.011600615822011702
    }
}