{
    "summa_qa": {
        "summaqa_avg_prob": 0.042263058922117895,
        "summaqa_avg_fscore": 0.003389830508474576
    }
}