{
    "summa_qa": {
        "summaqa_avg_prob": 0.041016806926862374,
        "summaqa_avg_fscore": 0.009956610378111101
    }
}