{
    "summa_qa": {
        "summaqa_avg_prob": 0.09129923593543059,
        "summaqa_avg_fscore": 0.00041876046901172525
    }
}