{
    "summa_qa": {
        "summaqa_avg_prob": 0.06931298580503928,
        "summaqa_avg_fscore": 0.010771307342569024
    }
}