{
    "summa_qa": {
        "summaqa_avg_prob": 0.08734450647216681,
        "summaqa_avg_fscore": 0.0034965034965034965
    }
}