{
    "summa_qa": {
        "summaqa_avg_prob": 0.08222827987511512,
        "summaqa_avg_fscore": 0.018435475887163755
    }
}