{
    "summa_qa": {
        "summaqa_avg_prob": 0.10214211380492165,
        "summaqa_avg_fscore": 0.00420115709835336
    }
}