{
    "summa_qa": {
        "summaqa_avg_prob": 0.0889980863405428,
        "summaqa_avg_fscore": 0.0008786672563762347
    }
}