{
    "summa_qa": {
        "summaqa_avg_prob": 0.03634762220152944,
        "summaqa_avg_fscore": 0.0027170438562843626
    }
}