{
    "summa_qa": {
        "summaqa_avg_prob": 0.0898045389985405,
        "summaqa_avg_fscore": 0.0020560901389916936
    }
}