{
    "summa_qa": {
        "summaqa_avg_prob": 0.1056910894884804,
        "summaqa_avg_fscore": 0.00816326530612245
    }
}