{
    "summa_qa": {
        "summaqa_avg_prob": 0.08116358803061118,
        "summaqa_avg_fscore": 0.01157709920876317
    }
}