{
    "summa_qa": {
        "summaqa_avg_prob": 0.0636740385675349,
        "summaqa_avg_fscore": 0.00851006141498586
    }
}