{
    "summa_qa": {
        "summaqa_avg_prob": 0.0906268278882372,
        "summaqa_avg_fscore": 0.010806317539484621
    }
}