{
    "summa_qa": {
        "summaqa_avg_prob": 0.057482531934510916,
        "summaqa_avg_fscore": 0.003067484662576687
    }
}