{
    "summa_qa": {
        "summaqa_avg_prob": 0.09946444097326623,
        "summaqa_avg_fscore": 0.0006404098623118795
    }
}