{
    "summa_qa": {
        "summaqa_avg_prob": 0.10008457139453986,
        "summaqa_avg_fscore": 0.0011337868480725624
    }
}