{
    "summa_qa": {
        "summaqa_avg_prob": 0.05894702880636925,
        "summaqa_avg_fscore": 0.0002859593937660852
    }
}