{
    "summa_qa": {
        "summaqa_avg_prob": 0.032236735968725734,
        "summaqa_avg_fscore": 0.0005963108102087103
    }
}