{
    "summa_qa": {
        "summaqa_avg_prob": 0.10055706010754878,
        "summaqa_avg_fscore": 0.0037113323687955387
    }
}