{
    "summa_qa": {
        "summaqa_avg_prob": 0.06298252449149103,
        "summaqa_avg_fscore": 0.00391050391050391
    }
}