{
    "summa_qa": {
        "summaqa_avg_prob": 0.0439435673120305,
        "summaqa_avg_fscore": 4.614248800295312e-05
    }
}