{
    "summa_qa": {
        "summaqa_avg_prob": 0.07812421818460716,
        "summaqa_avg_fscore": 0.0021815102460263753
    }
}