{
    "summa_qa": {
        "summaqa_avg_prob": 0.08503296660824658,
        "summaqa_avg_fscore": 0.003230197681724229
    }
}