{
    "summa_qa": {
        "summaqa_avg_prob": 0.07764987248654093,
        "summaqa_avg_fscore": 0.0057235955439548245
    }
}