{
    "summa_qa": {
        "summaqa_avg_prob": 0.08511106236567964,
        "summaqa_avg_fscore": 0.001844402601848682
    }
}