{
    "summa_qa": {
        "summaqa_avg_prob": 0.09611027261761765,
        "summaqa_avg_fscore": 0.014190939477799975
    }
}