{
    "summa_qa": {
        "summaqa_avg_prob": 0.07028022087674224,
        "summaqa_avg_fscore": 0.005747126436781609
    }
}