{
    "summa_qa": {
        "summaqa_avg_prob": 0.09455312629772691,
        "summaqa_avg_fscore": 0.007315408762112735
    }
}