{
    "summa_qa": {
        "summaqa_avg_prob": 0.08869172656416612,
        "summaqa_avg_fscore": 0.003178985860217241
    }
}