{
    "summa_qa": {
        "summaqa_avg_prob": 0.05838265257659408,
        "summaqa_avg_fscore": 0.00032599837000814997
    }
}