{
    "summa_qa": {
        "summaqa_avg_prob": 0.06428666196865006,
        "summaqa_avg_fscore": 0.0031367855177299583
    }
}