{
    "summa_qa": {
        "summaqa_avg_prob": 0.10202290058508051,
        "summaqa_avg_fscore": 0.008859357696566999
    }
}