{
    "summa_qa": {
        "summaqa_avg_prob": 0.10341993643855064,
        "summaqa_avg_fscore": 4.429346851890435e-05
    }
}