{
    "summa_qa": {
        "summaqa_avg_prob": 0.09869853987378611,
        "summaqa_avg_fscore": 0.010966836287067907
    }
}