{
    "summa_qa": {
        "summaqa_avg_prob": 0.0758439617534168,
        "summaqa_avg_fscore": 0.05396936860770129
    }
}