{
    "summa_qa": {
        "summaqa_avg_prob": 0.07947965055997853,
        "summaqa_avg_fscore": 0.040067818009833535
    }
}