{
    "summa_qa": {
        "summaqa_avg_prob": 0.07315753555262797,
        "summaqa_avg_fscore": 0.002917379624206368
    }
}