{
    "summa_qa": {
        "summaqa_avg_prob": 0.0975434159319026,
        "summaqa_avg_fscore": 0.004063467492260061
    }
}