{
    "summa_qa": {
        "summaqa_avg_prob": 0.10381337923573206,
        "summaqa_avg_fscore": 0.0033837130611324164
    }
}