{
    "summa_qa": {
        "summaqa_avg_prob": 0.09341184275094853,
        "summaqa_avg_fscore": 0.011684284707540522
    }
}