{
    "summa_qa": {
        "summaqa_avg_prob": 0.07958043867110365,
        "summaqa_avg_fscore": 0.001777355874267379
    }
}