{
    "summa_qa": {
        "summaqa_avg_prob": 0.0971273315431022,
        "summaqa_avg_fscore": 1.5000375009375231e-05
    }
}