{
    "summa_qa": {
        "summaqa_avg_prob": 0.04993007415542742,
        "summaqa_avg_fscore": 0.00044984255510571296
    }
}