{
    "summa_qa": {
        "summaqa_avg_prob": 0.09856219663792713,
        "summaqa_avg_fscore": 0.004329004329004329
    }
}