{
    "summa_qa": {
        "summaqa_avg_prob": 0.1100588708074503,
        "summaqa_avg_fscore": 0.021505376344086023
    }
}