{
    "summa_qa": {
        "summaqa_avg_prob": 0.1008965918059315,
        "summaqa_avg_fscore": 0.013691128148959475
    }
}