{
    "summa_qa": {
        "summaqa_avg_prob": 0.0938035916278969,
        "summaqa_avg_fscore": 0.006024096385542169
    }
}