{
    "summa_qa": {
        "summaqa_avg_prob": 0.05004825921782267,
        "summaqa_avg_fscore": 0.00029405139468032546
    }
}