{
    "summa_qa": {
        "summaqa_avg_prob": 0.06342133957285634,
        "summaqa_avg_fscore": 0.003947368421052631
    }
}