{
    "summa_qa": {
        "summaqa_avg_prob": 0.10093576777726412,
        "summaqa_avg_fscore": 0.006963636363636364
    }
}