{
    "summa_qa": {
        "summaqa_avg_prob": 0.08999631097723147,
        "summaqa_avg_fscore": 4.055232263427888e-05
    }
}