{
    "summa_qa": {
        "summaqa_avg_prob": 0.053549556918375964,
        "summaqa_avg_fscore": 0.005796371842721987
    }
}