{
    "summa_qa": {
        "summaqa_avg_prob": 0.09726260805824141,
        "summaqa_avg_fscore": 0.002826310380267215
    }
}