{
    "summa_qa": {
        "summaqa_avg_prob": 0.07865974606158069,
        "summaqa_avg_fscore": 0.01657414516123242
    }
}