{
    "summa_qa": {
        "summaqa_avg_prob": 0.10135437266635977,
        "summaqa_avg_fscore": 0.011993381015120146
    }
}