{
    "summa_qa": {
        "summaqa_avg_prob": 0.06583618541323655,
        "summaqa_avg_fscore": 0.00043232086575739826
    }
}