{
    "summa_qa": {
        "summaqa_avg_prob": 0.09107985220326796,
        "summaqa_avg_fscore": 0.0015901140338921448
    }
}