{
    "summa_qa": {
        "summaqa_avg_prob": 0.058499499166132285,
        "summaqa_avg_fscore": 0.0012232415902140672
    }
}