{
    "summa_qa": {
        "summaqa_avg_prob": 0.09258688424983208,
        "summaqa_avg_fscore": 0.004016064257028112
    }
}