{
    "summa_qa": {
        "summaqa_avg_prob": 0.08516358781934232,
        "summaqa_avg_fscore": 0.02276589302962843
    }
}