{
    "summa_qa": {
        "summaqa_avg_prob": 0.07743696948536741,
        "summaqa_avg_fscore": 0.0035468464672004495
    }
}