{
    "summa_qa": {
        "summaqa_avg_prob": 0.05825550510500059,
        "summaqa_avg_fscore": 0.003599351639969489
    }
}