{
    "summa_qa": {
        "summaqa_avg_prob": 0.08237144886397244,
        "summaqa_avg_fscore": 0.00510204081632653
    }
}