{
    "summa_qa": {
        "summaqa_avg_prob": 0.05756077499157039,
        "summaqa_avg_fscore": 0.04149754752881361
    }
}