{
    "summa_qa": {
        "summaqa_avg_prob": 0.08401114059721722,
        "summaqa_avg_fscore": 0.03575046180961581
    }
}