{
    "summa_qa": {
        "summaqa_avg_prob": 0.03800223124188159,
        "summaqa_avg_fscore": 0.0010843531379795535
    }
}