{
    "summa_qa": {
        "summaqa_avg_prob": 0.06102565539574516,
        "summaqa_avg_fscore": 7.237461098646594e-05
    }
}