{
    "summa_qa": {
        "summaqa_avg_prob": 0.08226187716576484,
        "summaqa_avg_fscore": 0.0005910775559111646
    }
}