{
    "summa_qa": {
        "summaqa_avg_prob": 0.05603756865321088,
        "summaqa_avg_fscore": 0.0038508614211955907
    }
}