{
    "summa_qa": {
        "summaqa_avg_prob": 0.09975084994806768,
        "summaqa_avg_fscore": 0.0008213552361396305
    }
}