{
    "summa_qa": {
        "summaqa_avg_prob": 0.053293688045697236,
        "summaqa_avg_fscore": 0.00013601155413259854
    }
}