{
    "summa_qa": {
        "summaqa_avg_prob": 0.10905024075965233,
        "summaqa_avg_fscore": 0.004013377926421404
    }
}