{
    "summa_qa": {
        "summaqa_avg_prob": 0.035877639839630056,
        "summaqa_avg_fscore": 0.0030806829133966677
    }
}