{
    "summa_qa": {
        "summaqa_avg_prob": 0.08634189408065969,
        "summaqa_avg_fscore": 0.005742467174592194
    }
}