{
    "summa_qa": {
        "summaqa_avg_prob": 0.09245069686295394,
        "summaqa_avg_fscore": 0.00024254183846713557
    }
}