{
    "summa_qa": {
        "summaqa_avg_prob": 0.07301476091095767,
        "summaqa_avg_fscore": 0.0028653295128939827
    }
}