{
    "summa_qa": {
        "summaqa_avg_prob": 0.09499026553025908,
        "summaqa_avg_fscore": 0.008716473581893758
    }
}