{
    "summa_qa": {
        "summaqa_avg_prob": 0.08147620979799523,
        "summaqa_avg_fscore": 0.014405888538380651
    }
}