{
    "summa_qa": {
        "summaqa_avg_prob": 0.04263205408181652,
        "summaqa_avg_fscore": 0.02418433921347219
    }
}