{
    "rough_we": {
        "rouge_we_3_p": 0.4,
        "rouge_we_3_r": 0.2582781456953642,
        "rouge_we_3_f": 0.31388329979879276
    }
}