{
    "rough_we": {
        "rouge_we_3_p": 0.3188405797101449,
        "rouge_we_3_r": 0.14715719063545152,
        "rouge_we_3_f": 0.2013729977116705
    }
}