{
    "rough_we": {
        "rouge_we_3_p": 0.5586206896551724,
        "rouge_we_3_r": 0.36160714285714285,
        "rouge_we_3_f": 0.43902439024390244
    }
}