{
    "rough_we": {
        "rouge_we_3_p": 0.41414141414141414,
        "rouge_we_3_r": 0.164,
        "rouge_we_3_f": 0.2349570200573066
    }
}