{
    "rough_we": {
        "rouge_we_3_p": 0.38596491228070173,
        "rouge_we_3_r": 0.16541353383458646,
        "rouge_we_3_f": 0.23157894736842102
    }
}