{
    "rough_we": {
        "rouge_we_3_p": 0.30357142857142855,
        "rouge_we_3_r": 0.11929824561403508,
        "rouge_we_3_f": 0.1712846347607053
    }
}