{
    "rough_we": {
        "rouge_we_3_p": 0.5172413793103449,
        "rouge_we_3_r": 0.3218884120171674,
        "rouge_we_3_f": 0.3968253968253969
    }
}