{
    "rough_we": {
        "rouge_we_3_p": 0.4090909090909091,
        "rouge_we_3_r": 0.20089285714285715,
        "rouge_we_3_f": 0.2694610778443114
    }
}