{
    "rough_we": {
        "rouge_we_3_p": 0.4788732394366197,
        "rouge_we_3_r": 0.3253588516746411,
        "rouge_we_3_f": 0.38746438746438744
    }
}