{
    "rough_we": {
        "rouge_we_3_p": 0.481651376146789,
        "rouge_we_3_r": 0.25862068965517243,
        "rouge_we_3_f": 0.33653846153846156
    }
}