{
    "rough_we": {
        "rouge_we_3_p": 0.5463917525773195,
        "rouge_we_3_r": 0.2535885167464115,
        "rouge_we_3_f": 0.3464052287581699
    }
}