{
    "rough_we": {
        "rouge_we_3_p": 0.31521739130434784,
        "rouge_we_3_r": 0.2857142857142857,
        "rouge_we_3_f": 0.2997416020671835
    }
}