{
    "rough_we": {
        "rouge_we_3_p": 0.4744525547445255,
        "rouge_we_3_r": 0.17857142857142858,
        "rouge_we_3_f": 0.25948103792415167
    }
}