{
    "rough_we": {
        "rouge_we_3_p": 0.3467741935483871,
        "rouge_we_3_r": 0.2097560975609756,
        "rouge_we_3_f": 0.2613981762917933
    }
}