{
    "rough_we": {
        "rouge_we_3_p": 0.35537190082644626,
        "rouge_we_3_r": 0.23118279569892472,
        "rouge_we_3_f": 0.28013029315960913
    }
}