{
    "rough_we": {
        "rouge_we_3_p": 0.36363636363636365,
        "rouge_we_3_r": 0.20512820512820512,
        "rouge_we_3_f": 0.2622950819672131
    }
}