{
    "rough_we": {
        "rouge_we_3_p": 0.40106951871657753,
        "rouge_we_3_r": 0.24115755627009647,
        "rouge_we_3_f": 0.30120481927710846
    }
}