{
    "rough_we": {
        "rouge_we_3_p": 0.4626865671641791,
        "rouge_we_3_r": 0.18787878787878787,
        "rouge_we_3_f": 0.2672413793103448
    }
}