{
    "rough_we": {
        "rouge_we_3_p": 0.5508474576271186,
        "rouge_we_3_r": 0.2813852813852814,
        "rouge_we_3_f": 0.37249283667621774
    }
}