{
    "rough_we": {
        "rouge_we_3_p": 0.4957983193277311,
        "rouge_we_3_r": 0.27699530516431925,
        "rouge_we_3_f": 0.355421686746988
    }
}