{
    "rough_we": {
        "rouge_we_3_p": 0.5804195804195804,
        "rouge_we_3_r": 0.25,
        "rouge_we_3_f": 0.3494736842105263
    }
}