{
    "rough_we": {
        "rouge_we_3_p": 0.5353535353535354,
        "rouge_we_3_r": 0.21115537848605578,
        "rouge_we_3_f": 0.3028571428571429
    }
}