{
    "rough_we": {
        "rouge_we_3_p": 0.43609022556390975,
        "rouge_we_3_r": 0.21014492753623187,
        "rouge_we_3_f": 0.28361858190709044
    }
}