{
    "rough_we": {
        "rouge_we_3_p": 0.3333333333333333,
        "rouge_we_3_r": 0.22549019607843138,
        "rouge_we_3_f": 0.26900584795321636
    }
}