{
    "rough_we": {
        "rouge_we_3_p": 0.36538461538461536,
        "rouge_we_3_r": 0.2585034013605442,
        "rouge_we_3_f": 0.30278884462151395
    }
}