{
    "rough_we": {
        "rouge_we_3_p": 0.29591836734693877,
        "rouge_we_3_r": 0.14009661835748793,
        "rouge_we_3_f": 0.19016393442622953
    }
}