{
    "rough_we": {
        "rouge_we_3_p": 0.4186046511627907,
        "rouge_we_3_r": 0.29508196721311475,
        "rouge_we_3_f": 0.34615384615384615
    }
}