{
    "rough_we": {
        "rouge_we_3_p": 0.4064516129032258,
        "rouge_we_3_r": 0.315,
        "rouge_we_3_f": 0.3549295774647887
    }
}