{
    "rough_we": {
        "rouge_we_3_p": 0.28888888888888886,
        "rouge_we_3_r": 0.2254335260115607,
        "rouge_we_3_f": 0.2532467532467533
    }
}