{
    "rough_we": {
        "rouge_we_3_p": 0.49333333333333335,
        "rouge_we_3_r": 0.2379421221864952,
        "rouge_we_3_f": 0.3210412147505423
    }
}