{
    "rough_we": {
        "rouge_we_3_p": 0.4883720930232558,
        "rouge_we_3_r": 0.2850678733031674,
        "rouge_we_3_f": 0.36
    }
}