{
    "rough_we": {
        "rouge_we_3_p": 0.5703125,
        "rouge_we_3_r": 0.33181818181818185,
        "rouge_we_3_f": 0.41954022988505757
    }
}