{
    "rough_we": {
        "rouge_we_3_p": 0.3858267716535433,
        "rouge_we_3_r": 0.1828358208955224,
        "rouge_we_3_f": 0.2481012658227848
    }
}