{
    "rough_we": {
        "rouge_we_3_p": 0.5471698113207547,
        "rouge_we_3_r": 0.23577235772357724,
        "rouge_we_3_f": 0.3295454545454546
    }
}