{
    "rough_we": {
        "rouge_we_3_p": 0.35602094240837695,
        "rouge_we_3_r": 0.21725239616613418,
        "rouge_we_3_f": 0.2698412698412698
    }
}