{
    "rough_we": {
        "rouge_we_3_p": 0.5119047619047619,
        "rouge_we_3_r": 0.2866666666666667,
        "rouge_we_3_f": 0.36752136752136755
    }
}