{
    "rough_we": {
        "rouge_we_3_p": 0.3898305084745763,
        "rouge_we_3_r": 0.3791208791208791,
        "rouge_we_3_f": 0.3844011142061281
    }
}