{
    "rough_we": {
        "rouge_we_3_p": 0.37373737373737376,
        "rouge_we_3_r": 0.19473684210526315,
        "rouge_we_3_f": 0.25605536332179935
    }
}