{
    "rough_we": {
        "rouge_we_3_p": 0.40229885057471265,
        "rouge_we_3_r": 0.1715686274509804,
        "rouge_we_3_f": 0.24054982817869414
    }
}