{
    "rough_we": {
        "rouge_we_3_p": 0.3893805309734513,
        "rouge_we_3_r": 0.20853080568720378,
        "rouge_we_3_f": 0.2716049382716049
    }
}