{
    "rough_we": {
        "rouge_we_3_p": 0.37623762376237624,
        "rouge_we_3_r": 0.16101694915254236,
        "rouge_we_3_f": 0.22551928783382785
    }
}