{
    "rough_we": {
        "rouge_we_3_p": 0.3412698412698413,
        "rouge_we_3_r": 0.33858267716535434,
        "rouge_we_3_f": 0.3399209486166008
    }
}