{
    "rough_we": {
        "rouge_we_3_p": 0.3404255319148936,
        "rouge_we_3_r": 0.3047619047619048,
        "rouge_we_3_f": 0.32160804020100503
    }
}