{
    "rough_we": {
        "rouge_we_3_p": 0.46875,
        "rouge_we_3_r": 0.2102803738317757,
        "rouge_we_3_f": 0.2903225806451613
    }
}