{
    "rough_we": {
        "rouge_we_3_p": 0.4,
        "rouge_we_3_r": 0.33636363636363636,
        "rouge_we_3_f": 0.36543209876543215
    }
}