{
    "rough_we": {
        "rouge_we_3_p": 0.49056603773584906,
        "rouge_we_3_r": 0.20883534136546184,
        "rouge_we_3_f": 0.29295774647887324
    }
}