{
    "rough_we": {
        "rouge_we_3_p": 0.6074766355140186,
        "rouge_we_3_r": 0.25193798449612403,
        "rouge_we_3_f": 0.3561643835616438
    }
}