{
    "rough_we": {
        "rouge_we_3_p": 0.35833333333333334,
        "rouge_we_3_r": 0.16044776119402984,
        "rouge_we_3_f": 0.22164948453608244
    }
}