{
    "rough_we": {
        "rouge_we_3_p": 0.41904761904761906,
        "rouge_we_3_r": 0.18106995884773663,
        "rouge_we_3_f": 0.2528735632183908
    }
}