{
    "rough_we": {
        "rouge_we_3_p": 0.39215686274509803,
        "rouge_we_3_r": 0.19292604501607716,
        "rouge_we_3_f": 0.25862068965517243
    }
}