{
    "rough_we": {
        "rouge_we_3_p": 0.3581081081081081,
        "rouge_we_3_r": 0.20948616600790515,
        "rouge_we_3_f": 0.26433915211970077
    }
}