{
    "rough_we": {
        "rouge_we_3_p": 0.416,
        "rouge_we_3_r": 0.23636363636363636,
        "rouge_we_3_f": 0.3014492753623188
    }
}