{
    "rough_we": {
        "rouge_we_3_p": 0.379746835443038,
        "rouge_we_3_r": 0.16393442622950818,
        "rouge_we_3_f": 0.22900763358778628
    }
}