{
    "rough_we": {
        "rouge_we_3_p": 0.46621621621621623,
        "rouge_we_3_r": 0.22186495176848875,
        "rouge_we_3_f": 0.3006535947712418
    }
}