{
    "rough_we": {
        "rouge_we_3_p": 0.42063492063492064,
        "rouge_we_3_r": 0.2994350282485876,
        "rouge_we_3_f": 0.34983498349834985
    }
}