{
    "rough_we": {
        "rouge_we_3_p": 0.21428571428571427,
        "rouge_we_3_r": 0.08076923076923077,
        "rouge_we_3_f": 0.11731843575418995
    }
}