{
    "rough_we": {
        "rouge_we_3_p": 0.2971014492753623,
        "rouge_we_3_r": 0.2827586206896552,
        "rouge_we_3_f": 0.28975265017667845
    }
}