{
    "rough_we": {
        "rouge_we_3_p": 0.4140625,
        "rouge_we_3_r": 0.2163265306122449,
        "rouge_we_3_f": 0.28418230563002683
    }
}