{
    "rough_we": {
        "rouge_we_3_p": 0.3697478991596639,
        "rouge_we_3_r": 0.20657276995305165,
        "rouge_we_3_f": 0.26506024096385544
    }
}