{
    "rough_we": {
        "rouge_we_3_p": 0.6857142857142857,
        "rouge_we_3_r": 0.3254237288135593,
        "rouge_we_3_f": 0.4413793103448276
    }
}