{
    "rough_we": {
        "rouge_we_3_p": 0.3624161073825503,
        "rouge_we_3_r": 0.1992619926199262,
        "rouge_we_3_f": 0.2571428571428571
    }
}