{
    "rough_we": {
        "rouge_we_3_p": 0.4247787610619469,
        "rouge_we_3_r": 0.10762331838565023,
        "rouge_we_3_f": 0.17173524150268338
    }
}