{
    "rough_we": {
        "rouge_we_3_p": 0.371900826446281,
        "rouge_we_3_r": 0.2830188679245283,
        "rouge_we_3_f": 0.3214285714285714
    }
}