{
    "rough_we": {
        "rouge_we_3_p": 0.30597014925373134,
        "rouge_we_3_r": 0.19806763285024154,
        "rouge_we_3_f": 0.24046920821114368
    }
}