{
    "rough_we": {
        "rouge_we_3_p": 0.18604651162790697,
        "rouge_we_3_r": 0.1218274111675127,
        "rouge_we_3_f": 0.14723926380368096
    }
}