{
    "rough_we": {
        "rouge_we_3_p": 0.4838709677419355,
        "rouge_we_3_r": 0.30456852791878175,
        "rouge_we_3_f": 0.37383177570093457
    }
}