{
    "rough_we": {
        "rouge_we_3_p": 0.4897959183673469,
        "rouge_we_3_r": 0.35121951219512193,
        "rouge_we_3_f": 0.4090909090909091
    }
}