{
    "rough_we": {
        "rouge_we_3_p": 0.36885245901639346,
        "rouge_we_3_r": 0.16483516483516483,
        "rouge_we_3_f": 0.22784810126582278
    }
}