{
    "rough_we": {
        "rouge_we_3_p": 0.5882352941176471,
        "rouge_we_3_r": 0.3448275862068966,
        "rouge_we_3_f": 0.4347826086956522
    }
}