{
    "rough_we": {
        "rouge_we_3_p": 0.40298507462686567,
        "rouge_we_3_r": 0.20454545454545456,
        "rouge_we_3_f": 0.271356783919598
    }
}