{
    "rough_we": {
        "rouge_we_3_p": 0.25210084033613445,
        "rouge_we_3_r": 0.14150943396226415,
        "rouge_we_3_f": 0.1812688821752266
    }
}