{
    "rough_we": {
        "rouge_we_3_p": 0.37579617834394907,
        "rouge_we_3_r": 0.1581769436997319,
        "rouge_we_3_f": 0.22264150943396227
    }
}