{
    "rough_we": {
        "rouge_we_3_p": 0.31788079470198677,
        "rouge_we_3_r": 0.2096069868995633,
        "rouge_we_3_f": 0.25263157894736843
    }
}