{
    "rough_we": {
        "rouge_we_3_p": 0.5915492957746479,
        "rouge_we_3_r": 0.28378378378378377,
        "rouge_we_3_f": 0.3835616438356164
    }
}