{
    "rough_we": {
        "rouge_we_3_p": 0.23893805309734514,
        "rouge_we_3_r": 0.11842105263157894,
        "rouge_we_3_f": 0.15835777126099707
    }
}