{
    "rough_we": {
        "rouge_we_3_p": 0.3706293706293706,
        "rouge_we_3_r": 0.43089430894308944,
        "rouge_we_3_f": 0.39849624060150374
    }
}