{
    "rough_we": {
        "rouge_we_3_p": 0.3564356435643564,
        "rouge_we_3_r": 0.21301775147928995,
        "rouge_we_3_f": 0.26666666666666666
    }
}