{
    "rough_we": {
        "rouge_we_3_p": 0.19672131147540983,
        "rouge_we_3_r": 0.13259668508287292,
        "rouge_we_3_f": 0.15841584158415842
    }
}