{
    "rough_we": {
        "rouge_we_3_p": 0.5307692307692308,
        "rouge_we_3_r": 0.28512396694214875,
        "rouge_we_3_f": 0.37096774193548393
    }
}