{
    "rough_we": {
        "rouge_we_3_p": 0.4491017964071856,
        "rouge_we_3_r": 0.3112033195020747,
        "rouge_we_3_f": 0.3676470588235294
    }
}