{
    "rough_we": {
        "rouge_we_3_p": 0.5205479452054794,
        "rouge_we_3_r": 0.2733812949640288,
        "rouge_we_3_f": 0.3584905660377359
    }
}