{
    "rough_we": {
        "rouge_we_3_p": 0.47191011235955055,
        "rouge_we_3_r": 0.21875,
        "rouge_we_3_f": 0.298932384341637
    }
}