{
    "rough_we": {
        "rouge_we_3_p": 0.48,
        "rouge_we_3_r": 0.20905923344947736,
        "rouge_we_3_f": 0.2912621359223301
    }
}