{
    "rough_we": {
        "rouge_we_3_p": 0.31746031746031744,
        "rouge_we_3_r": 0.15873015873015872,
        "rouge_we_3_f": 0.21164021164021163
    }
}