{
    "rough_we": {
        "rouge_we_3_p": 0.36283185840707965,
        "rouge_we_3_r": 0.18222222222222223,
        "rouge_we_3_f": 0.242603550295858
    }
}