{
    "rough_we": {
        "rouge_we_3_p": 0.6131386861313869,
        "rouge_we_3_r": 0.38009049773755654,
        "rouge_we_3_f": 0.4692737430167597
    }
}