{
    "rough_we": {
        "rouge_we_3_p": 0.3381294964028777,
        "rouge_we_3_r": 0.25133689839572193,
        "rouge_we_3_f": 0.2883435582822086
    }
}