{
    "rough_we": {
        "rouge_we_3_p": 0.2835820895522388,
        "rouge_we_3_r": 0.24675324675324675,
        "rouge_we_3_f": 0.26388888888888884
    }
}