{
    "rough_we": {
        "rouge_we_3_p": 0.4666666666666667,
        "rouge_we_3_r": 0.27009646302250806,
        "rouge_we_3_f": 0.34215885947046837
    }
}