{
    "rough_we": {
        "rouge_we_3_p": 0.3047619047619048,
        "rouge_we_3_r": 0.1787709497206704,
        "rouge_we_3_f": 0.22535211267605634
    }
}