{
    "rough_we": {
        "rouge_we_3_p": 0.48823529411764705,
        "rouge_we_3_r": 0.3562231759656652,
        "rouge_we_3_f": 0.41191066997518616
    }
}