{
    "rough_we": {
        "rouge_we_3_p": 0.3904761904761905,
        "rouge_we_3_r": 0.18385650224215247,
        "rouge_we_3_f": 0.25
    }
}