{
    "rough_we": {
        "rouge_we_3_p": 0.4485294117647059,
        "rouge_we_3_r": 0.19003115264797507,
        "rouge_we_3_f": 0.26695842450765866
    }
}