{
    "rough_we": {
        "rouge_we_3_p": 0.5324675324675324,
        "rouge_we_3_r": 0.5774647887323944,
        "rouge_we_3_f": 0.5540540540540541
    }
}