{
    "rough_we": {
        "rouge_we_3_p": 0.43243243243243246,
        "rouge_we_3_r": 0.2831858407079646,
        "rouge_we_3_f": 0.34224598930481287
    }
}