{
    "rough_we": {
        "rouge_we_3_p": 0.3763440860215054,
        "rouge_we_3_r": 0.12152777777777778,
        "rouge_we_3_f": 0.1837270341207349
    }
}