{
    "rough_we": {
        "rouge_we_3_p": 0.4838709677419355,
        "rouge_we_3_r": 0.32894736842105265,
        "rouge_we_3_f": 0.391644908616188
    }
}