{
    "rough_we": {
        "rouge_we_3_p": 0.42962962962962964,
        "rouge_we_3_r": 0.29292929292929293,
        "rouge_we_3_f": 0.3483483483483483
    }
}