{
    "rough_we": {
        "rouge_we_3_p": 0.30714285714285716,
        "rouge_we_3_r": 0.1365079365079365,
        "rouge_we_3_f": 0.189010989010989
    }
}