{
    "rough_we": {
        "rouge_we_3_p": 0.2564102564102564,
        "rouge_we_3_r": 0.2777777777777778,
        "rouge_we_3_f": 0.26666666666666666
    }
}