{
    "rough_we": {
        "rouge_we_3_p": 0.5266666666666666,
        "rouge_we_3_r": 0.3891625615763547,
        "rouge_we_3_f": 0.4475920679886685
    }
}