{
    "rough_we": {
        "rouge_we_3_p": 0.34615384615384615,
        "rouge_we_3_r": 0.16666666666666666,
        "rouge_we_3_f": 0.225
    }
}