{
    "rough_we": {
        "rouge_we_3_p": 0.5647058823529412,
        "rouge_we_3_r": 0.1568627450980392,
        "rouge_we_3_f": 0.24552429667519182
    }
}