{
    "rough_we": {
        "rouge_we_3_p": 0.39090909090909093,
        "rouge_we_3_r": 0.4195121951219512,
        "rouge_we_3_f": 0.4047058823529412
    }
}