{
    "rough_we": {
        "rouge_we_3_p": 0.35964912280701755,
        "rouge_we_3_r": 0.1524163568773234,
        "rouge_we_3_f": 0.21409921671018278
    }
}