{
    "rough_we": {
        "rouge_we_3_p": 0.4666666666666667,
        "rouge_we_3_r": 0.25301204819277107,
        "rouge_we_3_f": 0.328125
    }
}