{
    "rough_we": {
        "rouge_we_3_p": 0.43283582089552236,
        "rouge_we_3_r": 0.23387096774193547,
        "rouge_we_3_f": 0.3036649214659686
    }
}