{
    "rough_we": {
        "rouge_we_3_p": 0.34146341463414637,
        "rouge_we_3_r": 0.25609756097560976,
        "rouge_we_3_f": 0.2926829268292683
    }
}