{
    "rough_we": {
        "rouge_we_3_p": 0.20915032679738563,
        "rouge_we_3_r": 0.18181818181818182,
        "rouge_we_3_f": 0.19452887537993924
    }
}