{
    "rough_we": {
        "rouge_we_3_p": 0.5297619047619048,
        "rouge_we_3_r": 0.30272108843537415,
        "rouge_we_3_f": 0.3852813852813853
    }
}