{
    "rough_we": {
        "rouge_we_3_p": 0.2755102040816326,
        "rouge_we_3_r": 0.11392405063291139,
        "rouge_we_3_f": 0.16119402985074627
    }
}