{
    "rough_we": {
        "rouge_we_3_p": 0.47058823529411764,
        "rouge_we_3_r": 0.16753926701570682,
        "rouge_we_3_f": 0.24710424710424708
    }
}