{
    "rough_we": {
        "rouge_we_3_p": 0.5447761194029851,
        "rouge_we_3_r": 0.33031674208144796,
        "rouge_we_3_f": 0.41126760563380277
    }
}