{
    "rough_we": {
        "rouge_we_3_p": 0.37398373983739835,
        "rouge_we_3_r": 0.21495327102803738,
        "rouge_we_3_f": 0.27299703264094954
    }
}