{
    "rough_we": {
        "rouge_we_3_p": 0.3684210526315789,
        "rouge_we_3_r": 0.15625,
        "rouge_we_3_f": 0.21943573667711597
    }
}