{
    "rough_we": {
        "rouge_we_3_p": 0.3191489361702128,
        "rouge_we_3_r": 0.234375,
        "rouge_we_3_f": 0.2702702702702703
    }
}