{
    "rough_we": {
        "rouge_we_3_p": 0.2905982905982906,
        "rouge_we_3_r": 0.18085106382978725,
        "rouge_we_3_f": 0.22295081967213112
    }
}