{
    "rough_we": {
        "rouge_we_3_p": 0.33516483516483514,
        "rouge_we_3_r": 0.3630952380952381,
        "rouge_we_3_f": 0.3485714285714286
    }
}