{
    "rough_we": {
        "rouge_we_3_p": 0.3584905660377358,
        "rouge_we_3_r": 0.23076923076923078,
        "rouge_we_3_f": 0.2807881773399015
    }
}