{
    "rough_we": {
        "rouge_we_3_p": 0.2823529411764706,
        "rouge_we_3_r": 0.24,
        "rouge_we_3_f": 0.2594594594594594
    }
}