{
    "rough_we": {
        "rouge_we_3_p": 0.390625,
        "rouge_we_3_r": 0.19305019305019305,
        "rouge_we_3_f": 0.25839793281653745
    }
}