{
    "rough_we": {
        "rouge_we_3_p": 0.5111111111111111,
        "rouge_we_3_r": 0.2839506172839506,
        "rouge_we_3_f": 0.3650793650793651
    }
}