{
    "rough_we": {
        "rouge_we_3_p": 0.3375,
        "rouge_we_3_r": 0.12385321100917432,
        "rouge_we_3_f": 0.18120805369127518
    }
}