{
    "rough_we": {
        "rouge_we_3_p": 0.3153846153846154,
        "rouge_we_3_r": 0.2867132867132867,
        "rouge_we_3_f": 0.3003663003663004
    }
}