{
    "rough_we": {
        "rouge_we_3_p": 0.5029239766081871,
        "rouge_we_3_r": 0.4858757062146893,
        "rouge_we_3_f": 0.49425287356321834
    }
}