{
    "rough_we": {
        "rouge_we_3_p": 0.313953488372093,
        "rouge_we_3_r": 0.29508196721311475,
        "rouge_we_3_f": 0.30422535211267604
    }
}