{
    "rough_we": {
        "rouge_we_3_p": 0.6434782608695652,
        "rouge_we_3_r": 0.30833333333333335,
        "rouge_we_3_f": 0.4169014084507042
    }
}