{
    "rough_we": {
        "rouge_we_3_p": 0.3826086956521739,
        "rouge_we_3_r": 0.19555555555555557,
        "rouge_we_3_f": 0.25882352941176473
    }
}