{
    "rough_we": {
        "rouge_we_3_p": 0.49586776859504134,
        "rouge_we_3_r": 0.23715415019762845,
        "rouge_we_3_f": 0.32085561497326204
    }
}