{
    "rough_we": {
        "rouge_we_3_p": 0.49324324324324326,
        "rouge_we_3_r": 0.2153392330383481,
        "rouge_we_3_f": 0.29979466119096515
    }
}