{
    "rough_we": {
        "rouge_we_3_p": 0.3984375,
        "rouge_we_3_r": 0.11617312072892938,
        "rouge_we_3_f": 0.1798941798941799
    }
}