{
    "rough_we": {
        "rouge_we_3_p": 0.4603174603174603,
        "rouge_we_3_r": 0.2577777777777778,
        "rouge_we_3_f": 0.33048433048433046
    }
}