{
    "rough_we": {
        "rouge_we_3_p": 0.35555555555555557,
        "rouge_we_3_r": 0.366412213740458,
        "rouge_we_3_f": 0.3609022556390977
    }
}