{
    "rough_we": {
        "rouge_we_3_p": 0.23809523809523808,
        "rouge_we_3_r": 0.19900497512437812,
        "rouge_we_3_f": 0.2168021680216802
    }
}