{
    "rough_we": {
        "rouge_we_3_p": 0.32857142857142857,
        "rouge_we_3_r": 0.2749003984063745,
        "rouge_we_3_f": 0.2993492407809111
    }
}