{
    "rough_we": {
        "rouge_we_3_p": 0.42105263157894735,
        "rouge_we_3_r": 0.259927797833935,
        "rouge_we_3_f": 0.3214285714285714
    }
}