{
    "rough_we": {
        "rouge_we_3_p": 0.3684210526315789,
        "rouge_we_3_r": 0.18846153846153846,
        "rouge_we_3_f": 0.24936386768447835
    }
}