{
    "rough_we": {
        "rouge_we_3_p": 0.27692307692307694,
        "rouge_we_3_r": 0.1411764705882353,
        "rouge_we_3_f": 0.18701298701298702
    }
}