{
    "rough_we": {
        "rouge_we_3_p": 0.5517241379310345,
        "rouge_we_3_r": 0.23529411764705882,
        "rouge_we_3_f": 0.32989690721649484
    }
}