{
    "rough_we": {
        "rouge_we_3_p": 0.49230769230769234,
        "rouge_we_3_r": 0.2277580071174377,
        "rouge_we_3_f": 0.31143552311435524
    }
}