{
    "rough_we": {
        "rouge_we_3_p": 0.422680412371134,
        "rouge_we_3_r": 0.20297029702970298,
        "rouge_we_3_f": 0.27424749163879597
    }
}