{
    "rough_we": {
        "rouge_we_3_p": 0.43478260869565216,
        "rouge_we_3_r": 0.21201413427561838,
        "rouge_we_3_f": 0.2850356294536817
    }
}