{
    "rough_we": {
        "rouge_we_3_p": 0.4107142857142857,
        "rouge_we_3_r": 0.3165137614678899,
        "rouge_we_3_f": 0.3575129533678756
    }
}