{
    "rough_we": {
        "rouge_we_3_p": 0.3333333333333333,
        "rouge_we_3_r": 0.12367491166077739,
        "rouge_we_3_f": 0.18041237113402064
    }
}