{
    "rough_we": {
        "rouge_we_3_p": 0.49606299212598426,
        "rouge_we_3_r": 0.1598984771573604,
        "rouge_we_3_f": 0.24184261036468332
    }
}