{
    "rough_we": {
        "rouge_we_3_p": 0.3357664233576642,
        "rouge_we_3_r": 0.20353982300884957,
        "rouge_we_3_f": 0.25344352617079885
    }
}