{
    "rough_we": {
        "rouge_we_3_p": 0.3333333333333333,
        "rouge_we_3_r": 0.10979228486646884,
        "rouge_we_3_f": 0.16517857142857142
    }
}