{
    "rough_we": {
        "rouge_we_3_p": 0.35585585585585583,
        "rouge_we_3_r": 0.3623853211009174,
        "rouge_we_3_f": 0.35909090909090907
    }
}