{
    "rough_we": {
        "rouge_we_3_p": 0.36134453781512604,
        "rouge_we_3_r": 0.2182741116751269,
        "rouge_we_3_f": 0.2721518987341772
    }
}