{
    "rough_we": {
        "rouge_we_3_p": 0.27350427350427353,
        "rouge_we_3_r": 0.2,
        "rouge_we_3_f": 0.23104693140794225
    }
}