{
    "rough_we": {
        "rouge_we_3_p": 0.45394736842105265,
        "rouge_we_3_r": 0.2536764705882353,
        "rouge_we_3_f": 0.32547169811320753
    }
}