{
    "rough_we": {
        "rouge_we_3_p": 0.39361702127659576,
        "rouge_we_3_r": 0.27611940298507465,
        "rouge_we_3_f": 0.324561403508772
    }
}