{
    "rough_we": {
        "rouge_we_3_p": 0.14102564102564102,
        "rouge_we_3_r": 0.11891891891891893,
        "rouge_we_3_f": 0.12903225806451613
    }
}