{
    "rough_we": {
        "rouge_we_3_p": 0.4689265536723164,
        "rouge_we_3_r": 0.2912280701754386,
        "rouge_we_3_f": 0.3593073593073593
    }
}