{
    "rough_we": {
        "rouge_we_3_p": 0.5229357798165137,
        "rouge_we_3_r": 0.29081632653061223,
        "rouge_we_3_f": 0.37377049180327865
    }
}