{
    "rough_we": {
        "rouge_we_3_p": 0.4863013698630137,
        "rouge_we_3_r": 0.26296296296296295,
        "rouge_we_3_f": 0.3413461538461538
    }
}