{
    "rough_we": {
        "rouge_we_3_p": 0.3575757575757576,
        "rouge_we_3_r": 0.30412371134020616,
        "rouge_we_3_f": 0.3286908077994429
    }
}