{
    "rough_we": {
        "rouge_we_3_p": 0.415929203539823,
        "rouge_we_3_r": 0.17153284671532848,
        "rouge_we_3_f": 0.24289405684754523
    }
}