{
    "rough_we": {
        "rouge_we_3_p": 0.40350877192982454,
        "rouge_we_3_r": 0.15282392026578073,
        "rouge_we_3_f": 0.2216867469879518
    }
}