{
    "rough_we": {
        "rouge_we_3_p": 0.5714285714285714,
        "rouge_we_3_r": 0.33112582781456956,
        "rouge_we_3_f": 0.41928721174004197
    }
}