{
    "rough_we": {
        "rouge_we_3_p": 0.27439024390243905,
        "rouge_we_3_r": 0.1724137931034483,
        "rouge_we_3_f": 0.21176470588235297
    }
}