{
    "rough_we": {
        "rouge_we_3_p": 0.3724137931034483,
        "rouge_we_3_r": 0.19708029197080293,
        "rouge_we_3_f": 0.2577565632458234
    }
}