{
    "rough_we": {
        "rouge_we_3_p": 0.2831858407079646,
        "rouge_we_3_r": 0.12955465587044535,
        "rouge_we_3_f": 0.17777777777777778
    }
}