{
    "rough_we": {
        "rouge_we_3_p": 0.2441860465116279,
        "rouge_we_3_r": 0.06796116504854369,
        "rouge_we_3_f": 0.10632911392405064
    }
}