{
    "rough_we": {
        "rouge_we_3_p": 0.46551724137931033,
        "rouge_we_3_r": 0.4909090909090909,
        "rouge_we_3_f": 0.47787610619469023
    }
}