{
    "rough_we": {
        "rouge_we_3_p": 0.38461538461538464,
        "rouge_we_3_r": 0.21621621621621623,
        "rouge_we_3_f": 0.2768166089965398
    }
}