{
    "rough_we": {
        "rouge_we_3_p": 0.4146341463414634,
        "rouge_we_3_r": 0.18345323741007194,
        "rouge_we_3_f": 0.2543640897755611
    }
}