{
    "rough_we": {
        "rouge_we_3_p": 0.34146341463414637,
        "rouge_we_3_r": 0.21875,
        "rouge_we_3_f": 0.26666666666666666
    }
}