{
    "rough_we": {
        "rouge_we_3_p": 0.4462809917355372,
        "rouge_we_3_r": 0.26865671641791045,
        "rouge_we_3_f": 0.33540372670807456
    }
}