{
    "rough_we": {
        "rouge_we_3_p": 0.2627118644067797,
        "rouge_we_3_r": 0.13901345291479822,
        "rouge_we_3_f": 0.18181818181818182
    }
}