{
    "rough_we": {
        "rouge_we_3_p": 0.4423076923076923,
        "rouge_we_3_r": 0.1498371335504886,
        "rouge_we_3_f": 0.22384428223844283
    }
}