{
    "rough_we": {
        "rouge_we_3_p": 0.4,
        "rouge_we_3_r": 0.23255813953488372,
        "rouge_we_3_f": 0.29411764705882354
    }
}