{
    "rough_we": {
        "rouge_we_3_p": 0.48623853211009177,
        "rouge_we_3_r": 0.18861209964412812,
        "rouge_we_3_f": 0.27179487179487183
    }
}