{
    "rough_we": {
        "rouge_we_3_p": 0.45517241379310347,
        "rouge_we_3_r": 0.20625,
        "rouge_we_3_f": 0.2838709677419355
    }
}