{
    "rough_we": {
        "rouge_we_3_p": 0.23776223776223776,
        "rouge_we_3_r": 0.19101123595505617,
        "rouge_we_3_f": 0.2118380062305296
    }
}