{
    "rough_we": {
        "rouge_we_3_p": 0.16030534351145037,
        "rouge_we_3_r": 0.13636363636363635,
        "rouge_we_3_f": 0.14736842105263157
    }
}