{
    "rough_we": {
        "rouge_we_3_p": 0.26356589147286824,
        "rouge_we_3_r": 0.20359281437125748,
        "rouge_we_3_f": 0.22972972972972974
    }
}