{
    "rough_we": {
        "rouge_we_3_p": 0.25862068965517243,
        "rouge_we_3_r": 0.25139664804469275,
        "rouge_we_3_f": 0.254957507082153
    }
}