{
    "rough_we": {
        "rouge_we_3_p": 0.49333333333333335,
        "rouge_we_3_r": 0.22981366459627328,
        "rouge_we_3_f": 0.31355932203389836
    }
}