{
    "rough_we": {
        "rouge_we_3_p": 0.4785714285714286,
        "rouge_we_3_r": 0.3101851851851852,
        "rouge_we_3_f": 0.37640449438202245
    }
}