{
    "rough_we": {
        "rouge_we_3_p": 0.49444444444444446,
        "rouge_we_3_r": 0.3284132841328413,
        "rouge_we_3_f": 0.3946784922394678
    }
}