{
    "rough_we": {
        "rouge_we_3_p": 0.4336283185840708,
        "rouge_we_3_r": 0.23444976076555024,
        "rouge_we_3_f": 0.30434782608695654
    }
}