{
    "rough_we": {
        "rouge_we_3_p": 0.33152173913043476,
        "rouge_we_3_r": 0.22761194029850745,
        "rouge_we_3_f": 0.26991150442477874
    }
}