{
    "rough_we": {
        "rouge_we_3_p": 0.3466666666666667,
        "rouge_we_3_r": 0.2708333333333333,
        "rouge_we_3_f": 0.304093567251462
    }
}