{
    "rough_we": {
        "rouge_we_3_p": 0.34831460674157305,
        "rouge_we_3_r": 0.26382978723404255,
        "rouge_we_3_f": 0.30024213075060535
    }
}