{
    "rough_we": {
        "rouge_we_3_p": 0.5,
        "rouge_we_3_r": 0.22957198443579765,
        "rouge_we_3_f": 0.31466666666666665
    }
}