{
    "rough_we": {
        "rouge_we_3_p": 0.2302158273381295,
        "rouge_we_3_r": 0.10666666666666667,
        "rouge_we_3_f": 0.14578587699316628
    }
}