{
    "rough_we": {
        "rouge_we_3_p": 0.49696969696969695,
        "rouge_we_3_r": 0.3178294573643411,
        "rouge_we_3_f": 0.3877068557919622
    }
}