{
    "rough_we": {
        "rouge_we_3_p": 0.3893129770992366,
        "rouge_we_3_r": 0.24519230769230768,
        "rouge_we_3_f": 0.30088495575221236
    }
}