{
    "rough_we": {
        "rouge_we_3_p": 0.453125,
        "rouge_we_3_r": 0.2283464566929134,
        "rouge_we_3_f": 0.3036649214659686
    }
}