{
    "rough_we": {
        "rouge_we_3_p": 0.4076923076923077,
        "rouge_we_3_r": 0.28342245989304815,
        "rouge_we_3_f": 0.33438485804416407
    }
}