{
    "rough_we": {
        "rouge_we_3_p": 0.40425531914893614,
        "rouge_we_3_r": 0.27014218009478674,
        "rouge_we_3_f": 0.32386363636363635
    }
}