{
    "rough_we": {
        "rouge_we_3_p": 0.3473053892215569,
        "rouge_we_3_r": 0.22393822393822393,
        "rouge_we_3_f": 0.27230046948356806
    }
}