{
    "rough_we": {
        "rouge_we_3_p": 0.4224137931034483,
        "rouge_we_3_r": 0.25,
        "rouge_we_3_f": 0.3141025641025641
    }
}