{
    "rough_we": {
        "rouge_we_3_p": 0.37777777777777777,
        "rouge_we_3_r": 0.33663366336633666,
        "rouge_we_3_f": 0.35602094240837695
    }
}