{
    "rough_we": {
        "rouge_we_3_p": 0.5985401459854015,
        "rouge_we_3_r": 0.34024896265560167,
        "rouge_we_3_f": 0.4338624338624339
    }
}