{
    "rough_we": {
        "rouge_we_3_p": 0.2564102564102564,
        "rouge_we_3_r": 0.25157232704402516,
        "rouge_we_3_f": 0.253968253968254
    }
}