{
    "rough_we": {
        "rouge_we_3_p": 0.20161290322580644,
        "rouge_we_3_r": 0.11210762331838565,
        "rouge_we_3_f": 0.1440922190201729
    }
}