{
    "rough_we": {
        "rouge_we_3_p": 0.3,
        "rouge_we_3_r": 0.12177121771217712,
        "rouge_we_3_f": 0.1732283464566929
    }
}