{
    "rough_we": {
        "rouge_we_3_p": 0.3358208955223881,
        "rouge_we_3_r": 0.20361990950226244,
        "rouge_we_3_f": 0.2535211267605634
    }
}