{
    "rough_we": {
        "rouge_we_3_p": 0.368,
        "rouge_we_3_r": 0.21800947867298578,
        "rouge_we_3_f": 0.2738095238095238
    }
}