{
    "rough_we": {
        "rouge_we_3_p": 0.379746835443038,
        "rouge_we_3_r": 0.18072289156626506,
        "rouge_we_3_f": 0.24489795918367346
    }
}