{
    "rough_we": {
        "rouge_we_3_p": 0.3333333333333333,
        "rouge_we_3_r": 0.16725978647686832,
        "rouge_we_3_f": 0.22274881516587677
    }
}