{
    "rough_we": {
        "rouge_we_3_p": 0.4114285714285714,
        "rouge_we_3_r": 0.16143497757847533,
        "rouge_we_3_f": 0.23188405797101452
    }
}