{
    "rough_we": {
        "rouge_we_3_p": 0.40714285714285714,
        "rouge_we_3_r": 0.14921465968586387,
        "rouge_we_3_f": 0.21839080459770113
    }
}