{
    "rough_we": {
        "rouge_we_3_p": 0.5,
        "rouge_we_3_r": 0.3201581027667984,
        "rouge_we_3_f": 0.39036144578313253
    }
}