{
    "rough_we": {
        "rouge_we_3_p": 0.41964285714285715,
        "rouge_we_3_r": 0.16607773851590105,
        "rouge_we_3_f": 0.23797468354430376
    }
}