{
    "rough_we": {
        "rouge_we_3_p": 0.38181818181818183,
        "rouge_we_3_r": 0.17073170731707318,
        "rouge_we_3_f": 0.2359550561797753
    }
}