{
    "rough_we": {
        "rouge_we_3_p": 0.27586206896551724,
        "rouge_we_3_r": 0.2994652406417112,
        "rouge_we_3_f": 0.28717948717948716
    }
}