{
    "rough_we": {
        "rouge_we_3_p": 0.27927927927927926,
        "rouge_we_3_r": 0.09198813056379822,
        "rouge_we_3_f": 0.13839285714285712
    }
}