{
    "rough_we": {
        "rouge_we_3_p": 0.2553191489361702,
        "rouge_we_3_r": 0.13793103448275862,
        "rouge_we_3_f": 0.17910447761194032
    }
}