{
    "rough_we": {
        "rouge_we_3_p": 0.4453125,
        "rouge_we_3_r": 0.178125,
        "rouge_we_3_f": 0.25446428571428575
    }
}