{
    "rough_we": {
        "rouge_we_3_p": 0.22962962962962963,
        "rouge_we_3_r": 0.2152777777777778,
        "rouge_we_3_f": 0.2222222222222222
    }
}