{
    "rough_we": {
        "rouge_we_3_p": 0.3221476510067114,
        "rouge_we_3_r": 0.17518248175182483,
        "rouge_we_3_f": 0.22695035460992907
    }
}