{
    "rough_we": {
        "rouge_we_3_p": 0.2323943661971831,
        "rouge_we_3_r": 0.12941176470588237,
        "rouge_we_3_f": 0.16624685138539044
    }
}