{
    "rough_we": {
        "rouge_we_3_p": 0.2527881040892193,
        "rouge_we_3_r": 0.24817518248175183,
        "rouge_we_3_f": 0.2504604051565378
    }
}