{
    "rough_we": {
        "rouge_we_3_p": 0.2962962962962963,
        "rouge_we_3_r": 0.1895734597156398,
        "rouge_we_3_f": 0.23121387283236994
    }
}