{
    "rough_we": {
        "rouge_we_3_p": 0.3815789473684211,
        "rouge_we_3_r": 0.35080645161290325,
        "rouge_we_3_f": 0.365546218487395
    }
}