{
    "rough_we": {
        "rouge_we_3_p": 0.30687830687830686,
        "rouge_we_3_r": 0.31351351351351353,
        "rouge_we_3_f": 0.31016042780748665
    }
}