{
    "rough_we": {
        "rouge_we_3_p": 0.33714285714285713,
        "rouge_we_3_r": 0.26222222222222225,
        "rouge_we_3_f": 0.29500000000000004
    }
}