{
    "rough_we": {
        "rouge_we_3_p": 0.4142857142857143,
        "rouge_we_3_r": 0.24892703862660945,
        "rouge_we_3_f": 0.3109919571045577
    }
}