{
    "rough_we": {
        "rouge_we_3_p": 0.264,
        "rouge_we_3_r": 0.22448979591836735,
        "rouge_we_3_f": 0.2426470588235294
    }
}