{
    "rough_we": {
        "rouge_we_3_p": 0.4101123595505618,
        "rouge_we_3_r": 0.2347266881028939,
        "rouge_we_3_f": 0.29856850715746425
    }
}