{
    "rough_we": {
        "rouge_we_3_p": 0.2857142857142857,
        "rouge_we_3_r": 0.22950819672131148,
        "rouge_we_3_f": 0.2545454545454546
    }
}