{
    "rough_we": {
        "rouge_we_3_p": 0.3592814371257485,
        "rouge_we_3_r": 0.18181818181818182,
        "rouge_we_3_f": 0.2414486921529175
    }
}