{
    "rough_we": {
        "rouge_we_3_p": 0.3392857142857143,
        "rouge_we_3_r": 0.28078817733990147,
        "rouge_we_3_f": 0.307277628032345
    }
}