{
    "rough_we": {
        "rouge_we_3_p": 0.34545454545454546,
        "rouge_we_3_r": 0.3377777777777778,
        "rouge_we_3_f": 0.3415730337078652
    }
}