{
    "rough_we": {
        "rouge_we_3_p": 0.3228346456692913,
        "rouge_we_3_r": 0.14855072463768115,
        "rouge_we_3_f": 0.20347394540942929
    }
}