{
    "rough_we": {
        "rouge_we_3_p": 0.5100671140939598,
        "rouge_we_3_r": 0.3392857142857143,
        "rouge_we_3_f": 0.4075067024128687
    }
}