{
    "rough_we": {
        "rouge_we_3_p": 0.3435114503816794,
        "rouge_we_3_r": 0.17786561264822134,
        "rouge_we_3_f": 0.234375
    }
}