{
    "rough_we": {
        "rouge_we_3_p": 0.25,
        "rouge_we_3_r": 0.2543352601156069,
        "rouge_we_3_f": 0.2521489971346705
    }
}