{
    "rough_we": {
        "rouge_we_3_p": 0.44366197183098594,
        "rouge_we_3_r": 0.27876106194690264,
        "rouge_we_3_f": 0.3423913043478261
    }
}