{
    "rough_we": {
        "rouge_we_3_p": 0.3231707317073171,
        "rouge_we_3_r": 0.225531914893617,
        "rouge_we_3_f": 0.2656641604010025
    }
}