{
    "rough_we": {
        "rouge_we_3_p": 0.20675105485232068,
        "rouge_we_3_r": 0.23671497584541062,
        "rouge_we_3_f": 0.22072072072072074
    }
}