{
    "rough_we": {
        "rouge_we_3_p": 0.3269230769230769,
        "rouge_we_3_r": 0.3090909090909091,
        "rouge_we_3_f": 0.31775700934579443
    }
}