{
    "rough_we": {
        "rouge_we_3_p": 0.3333333333333333,
        "rouge_we_3_r": 0.33067729083665337,
        "rouge_we_3_f": 0.33199999999999996
    }
}