{
    "rough_we": {
        "rouge_we_3_p": 0.11173184357541899,
        "rouge_we_3_r": 0.10810810810810811,
        "rouge_we_3_f": 0.1098901098901099
    }
}