{
    "rough_we": {
        "rouge_we_3_p": 0.3558282208588957,
        "rouge_we_3_r": 0.22393822393822393,
        "rouge_we_3_f": 0.2748815165876778
    }
}