{
    "rough_we": {
        "rouge_we_3_p": 0.4098360655737705,
        "rouge_we_3_r": 0.27472527472527475,
        "rouge_we_3_f": 0.32894736842105265
    }
}