{
    "rough_we": {
        "rouge_we_3_p": 0.29767441860465116,
        "rouge_we_3_r": 0.23703703703703705,
        "rouge_we_3_f": 0.2639175257731959
    }
}