{
    "rough_we": {
        "rouge_we_3_p": 0.4134078212290503,
        "rouge_we_3_r": 0.3070539419087137,
        "rouge_we_3_f": 0.3523809523809524
    }
}