{
    "rough_we": {
        "rouge_we_3_p": 0.47863247863247865,
        "rouge_we_3_r": 0.2616822429906542,
        "rouge_we_3_f": 0.3383685800604229
    }
}