{
    "rough_we": {
        "rouge_we_3_p": 0.32653061224489793,
        "rouge_we_3_r": 0.21524663677130046,
        "rouge_we_3_f": 0.2594594594594594
    }
}