{
    "rough_we": {
        "rouge_we_3_p": 0.25748502994011974,
        "rouge_we_3_r": 0.20187793427230047,
        "rouge_we_3_f": 0.22631578947368422
    }
}