{
    "rough_we": {
        "rouge_we_3_p": 0.1889763779527559,
        "rouge_we_3_r": 0.15,
        "rouge_we_3_f": 0.16724738675958187
    }
}