{
    "rough_we": {
        "rouge_we_3_p": 0.23923444976076555,
        "rouge_we_3_r": 0.24752475247524752,
        "rouge_we_3_f": 0.24330900243309
    }
}