{
    "rough_we": {
        "rouge_we_3_p": 0.264,
        "rouge_we_3_r": 0.15566037735849056,
        "rouge_we_3_f": 0.19584569732937684
    }
}