{
    "rough_we": {
        "rouge_we_3_p": 0.27325581395348836,
        "rouge_we_3_r": 0.23857868020304568,
        "rouge_we_3_f": 0.25474254742547425
    }
}