{
    "rough_we": {
        "rouge_we_3_p": 0.1752136752136752,
        "rouge_we_3_r": 0.23295454545454544,
        "rouge_we_3_f": 0.19999999999999998
    }
}