{
    "rough_we": {
        "rouge_we_3_p": 0.4658385093167702,
        "rouge_we_3_r": 0.24509803921568626,
        "rouge_we_3_f": 0.32119914346895073
    }
}