{
    "rough_we": {
        "rouge_we_3_p": 0.3741496598639456,
        "rouge_we_3_r": 0.21912350597609562,
        "rouge_we_3_f": 0.2763819095477387
    }
}