{
    "rough_we": {
        "rouge_we_3_p": 0.36764705882352944,
        "rouge_we_3_r": 0.18518518518518517,
        "rouge_we_3_f": 0.24630541871921183
    }
}