{
    "rough_we": {
        "rouge_we_3_p": 0.3779527559055118,
        "rouge_we_3_r": 0.24615384615384617,
        "rouge_we_3_f": 0.2981366459627329
    }
}