{
    "rough_we": {
        "rouge_we_3_p": 0.3617021276595745,
        "rouge_we_3_r": 0.18345323741007194,
        "rouge_we_3_f": 0.24343675417661098
    }
}