{
    "rough_we": {
        "rouge_we_3_p": 0.4006849315068493,
        "rouge_we_3_r": 0.32142857142857145,
        "rouge_we_3_f": 0.3567073170731707
    }
}