{
    "rough_we": {
        "rouge_we_3_p": 0.3015075376884422,
        "rouge_we_3_r": 0.28708133971291866,
        "rouge_we_3_f": 0.29411764705882354
    }
}