{
    "rough_we": {
        "rouge_we_3_p": 0.31,
        "rouge_we_3_r": 0.23938223938223938,
        "rouge_we_3_f": 0.27015250544662306
    }
}