{
    "rough_we": {
        "rouge_we_3_p": 0.4666666666666667,
        "rouge_we_3_r": 0.23333333333333334,
        "rouge_we_3_f": 0.31111111111111117
    }
}