{
    "rough_we": {
        "rouge_we_3_p": 0.2864321608040201,
        "rouge_we_3_r": 0.19791666666666666,
        "rouge_we_3_f": 0.23408624229979466
    }
}