{
    "rough_we": {
        "rouge_we_3_p": 0.24880382775119617,
        "rouge_we_3_r": 0.23214285714285715,
        "rouge_we_3_f": 0.24018475750577364
    }
}