{
    "rough_we": {
        "rouge_we_3_p": 0.3855421686746988,
        "rouge_we_3_r": 0.2119205298013245,
        "rouge_we_3_f": 0.27350427350427353
    }
}