{
    "rough_we": {
        "rouge_we_3_p": 0.35377358490566035,
        "rouge_we_3_r": 0.3472222222222222,
        "rouge_we_3_f": 0.35046728971962615
    }
}