{
    "rough_we": {
        "rouge_we_3_p": 0.2897196261682243,
        "rouge_we_3_r": 0.13839285714285715,
        "rouge_we_3_f": 0.18731117824773416
    }
}