{
    "rough_we": {
        "rouge_we_3_p": 0.2833333333333333,
        "rouge_we_3_r": 0.3090909090909091,
        "rouge_we_3_f": 0.2956521739130435
    }
}