{
    "rough_we": {
        "rouge_we_3_p": 0.31125827814569534,
        "rouge_we_3_r": 0.2422680412371134,
        "rouge_we_3_f": 0.27246376811594203
    }
}