{
    "rough_we": {
        "rouge_we_3_p": 0.27450980392156865,
        "rouge_we_3_r": 0.3163841807909605,
        "rouge_we_3_f": 0.29396325459317585
    }
}