{
    "rough_we": {
        "rouge_we_3_p": 0.24022346368715083,
        "rouge_we_3_r": 0.24022346368715083,
        "rouge_we_3_f": 0.24022346368715083
    }
}