{
    "rough_we": {
        "rouge_we_3_p": 0.5785123966942148,
        "rouge_we_3_r": 0.30303030303030304,
        "rouge_we_3_f": 0.3977272727272727
    }
}