{
    "rough_we": {
        "rouge_we_3_p": 0.18791946308724833,
        "rouge_we_3_r": 0.18181818181818182,
        "rouge_we_3_f": 0.18481848184818483
    }
}