{
    "rough_we": {
        "rouge_we_3_p": 0.20717131474103587,
        "rouge_we_3_r": 0.22707423580786026,
        "rouge_we_3_f": 0.21666666666666665
    }
}