{
    "rough_we": {
        "rouge_we_3_p": 0.28717948717948716,
        "rouge_we_3_r": 0.19649122807017544,
        "rouge_we_3_f": 0.23333333333333334
    }
}