{
    "rough_we": {
        "rouge_we_3_p": 0.4787234042553192,
        "rouge_we_3_r": 0.13274336283185842,
        "rouge_we_3_f": 0.20785219399538107
    }
}