{
    "rough_we": {
        "rouge_we_3_p": 0.30666666666666664,
        "rouge_we_3_r": 0.22115384615384615,
        "rouge_we_3_f": 0.25698324022346364
    }
}