{
    "rough_we": {
        "rouge_we_3_p": 0.189873417721519,
        "rouge_we_3_r": 0.0970873786407767,
        "rouge_we_3_f": 0.1284796573875803
    }
}