{
    "rough_we": {
        "rouge_we_3_p": 0.408,
        "rouge_we_3_r": 0.4015748031496063,
        "rouge_we_3_f": 0.4047619047619047
    }
}