{
    "rough_we": {
        "rouge_we_3_p": 0.21602787456445993,
        "rouge_we_3_r": 0.23134328358208955,
        "rouge_we_3_f": 0.22342342342342342
    }
}