{
    "rough_we": {
        "rouge_we_3_p": 0.3170731707317073,
        "rouge_we_3_r": 0.2591362126245847,
        "rouge_we_3_f": 0.2851919561243144
    }
}