{
    "rough_we": {
        "rouge_we_3_p": 0.3142857142857143,
        "rouge_we_3_r": 0.1414790996784566,
        "rouge_we_3_f": 0.19512195121951217
    }
}