{
    "rough_we": {
        "rouge_we_3_p": 0.4,
        "rouge_we_3_r": 0.24548736462093862,
        "rouge_we_3_f": 0.3042505592841163
    }
}