{
    "rough_we": {
        "rouge_we_3_p": 0.291866028708134,
        "rouge_we_3_r": 0.2946859903381642,
        "rouge_we_3_f": 0.2932692307692307
    }
}