{
    "rough_we": {
        "rouge_we_3_p": 0.2323943661971831,
        "rouge_we_3_r": 0.23076923076923078,
        "rouge_we_3_f": 0.23157894736842108
    }
}