{
    "rough_we": {
        "rouge_we_3_p": 0.275,
        "rouge_we_3_r": 0.21782178217821782,
        "rouge_we_3_f": 0.24309392265193372
    }
}