{
    "rough_we": {
        "rouge_we_3_p": 0.3791469194312796,
        "rouge_we_3_r": 0.21447721179624665,
        "rouge_we_3_f": 0.273972602739726
    }
}