{
    "rough_we": {
        "rouge_we_3_p": 0.29245283018867924,
        "rouge_we_3_r": 0.29523809523809524,
        "rouge_we_3_f": 0.2938388625592417
    }
}