{
    "rough_we": {
        "rouge_we_3_p": 0.40939597315436244,
        "rouge_we_3_r": 0.29901960784313725,
        "rouge_we_3_f": 0.34560906515580736
    }
}