{
    "rough_we": {
        "rouge_we_3_p": 0.42657342657342656,
        "rouge_we_3_r": 0.4295774647887324,
        "rouge_we_3_f": 0.4280701754385965
    }
}