{
    "rough_we": {
        "rouge_we_3_p": 0.41968911917098445,
        "rouge_we_3_r": 0.40298507462686567,
        "rouge_we_3_f": 0.4111675126903553
    }
}