{
    "rough_we": {
        "rouge_we_3_p": 0.5390070921985816,
        "rouge_we_3_r": 0.3438914027149321,
        "rouge_we_3_f": 0.419889502762431
    }
}