{
    "rough_we": {
        "rouge_we_3_p": 0.40310077519379844,
        "rouge_we_3_r": 0.2047244094488189,
        "rouge_we_3_f": 0.2715404699738903
    }
}