{
    "rough_we": {
        "rouge_we_3_p": 0.33986928104575165,
        "rouge_we_3_r": 0.2736842105263158,
        "rouge_we_3_f": 0.30320699708454807
    }
}