{
    "rough_we": {
        "rouge_we_3_p": 0.421875,
        "rouge_we_3_r": 0.20454545454545456,
        "rouge_we_3_f": 0.2755102040816327
    }
}