{
    "rough_we": {
        "rouge_we_3_p": 0.539568345323741,
        "rouge_we_3_r": 0.2542372881355932,
        "rouge_we_3_f": 0.3456221198156682
    }
}