{
    "rough_we": {
        "rouge_we_3_p": 0.3167420814479638,
        "rouge_we_3_r": 0.3349282296650718,
        "rouge_we_3_f": 0.32558139534883723
    }
}