{
    "rough_we": {
        "rouge_we_3_p": 0.29554655870445345,
        "rouge_we_3_r": 0.3201754385964912,
        "rouge_we_3_f": 0.30736842105263157
    }
}