{
    "rough_we": {
        "rouge_we_3_p": 0.3125,
        "rouge_we_3_r": 0.2976190476190476,
        "rouge_we_3_f": 0.3048780487804878
    }
}