{
    "rough_we": {
        "rouge_we_3_p": 0.20987654320987653,
        "rouge_we_3_r": 0.16748768472906403,
        "rouge_we_3_f": 0.1863013698630137
    }
}