{
    "rough_we": {
        "rouge_we_3_p": 0.25925925925925924,
        "rouge_we_3_r": 0.1388888888888889,
        "rouge_we_3_f": 0.18087855297157623
    }
}