{
    "rough_we": {
        "rouge_we_3_p": 0.2814070351758794,
        "rouge_we_3_r": 0.3146067415730337,
        "rouge_we_3_f": 0.29708222811671087
    }
}