{
    "rough_we": {
        "rouge_we_3_p": 0.29878048780487804,
        "rouge_we_3_r": 0.29878048780487804,
        "rouge_we_3_f": 0.29878048780487804
    }
}