{
    "rough_we": {
        "rouge_we_3_p": 0.3314285714285714,
        "rouge_we_3_r": 0.21561338289962825,
        "rouge_we_3_f": 0.2612612612612612
    }
}