{
    "rough_we": {
        "rouge_we_3_p": 0.26424870466321243,
        "rouge_we_3_r": 0.2537313432835821,
        "rouge_we_3_f": 0.25888324873096447
    }
}