{
    "rough_we": {
        "rouge_we_3_p": 0.1724137931034483,
        "rouge_we_3_r": 0.12254901960784313,
        "rouge_we_3_f": 0.14326647564469913
    }
}