{
    "rough_we": {
        "rouge_we_3_p": 0.2995391705069124,
        "rouge_we_3_r": 0.3385416666666667,
        "rouge_we_3_f": 0.3178484107579462
    }
}