{
    "rough_we": {
        "rouge_we_3_p": 0.4125,
        "rouge_we_3_r": 0.3350253807106599,
        "rouge_we_3_f": 0.36974789915966383
    }
}