{
    "rough_we": {
        "rouge_we_3_p": 0.2710843373493976,
        "rouge_we_3_r": 0.189873417721519,
        "rouge_we_3_f": 0.22332506203473948
    }
}