{
    "rough_we": {
        "rouge_we_3_p": 0.28654970760233917,
        "rouge_we_3_r": 0.26344086021505375,
        "rouge_we_3_f": 0.27450980392156865
    }
}