{
    "rough_we": {
        "rouge_we_3_p": 0.47959183673469385,
        "rouge_we_3_r": 0.15112540192926044,
        "rouge_we_3_f": 0.2298288508557457
    }
}