{
    "rough_we": {
        "rouge_we_3_p": 0.3076923076923077,
        "rouge_we_3_r": 0.19591836734693877,
        "rouge_we_3_f": 0.2394014962593516
    }
}