{
    "rough_we": {
        "rouge_we_3_p": 0.3387096774193548,
        "rouge_we_3_r": 0.28,
        "rouge_we_3_f": 0.3065693430656935
    }
}