{
    "rough_we": {
        "rouge_we_3_p": 0.22857142857142856,
        "rouge_we_3_r": 0.13559322033898305,
        "rouge_we_3_f": 0.1702127659574468
    }
}