{
    "rough_we": {
        "rouge_we_3_p": 0.3148148148148148,
        "rouge_we_3_r": 0.26356589147286824,
        "rouge_we_3_f": 0.2869198312236287
    }
}