{
    "rough_we": {
        "rouge_we_3_p": 0.23622047244094488,
        "rouge_we_3_r": 0.16574585635359115,
        "rouge_we_3_f": 0.1948051948051948
    }
}