{
    "rough_we": {
        "rouge_we_3_p": 0.3036649214659686,
        "rouge_we_3_r": 0.27751196172248804,
        "rouge_we_3_f": 0.29
    }
}