{
    "rough_we": {
        "rouge_we_3_p": 0.3080568720379147,
        "rouge_we_3_r": 0.2981651376146789,
        "rouge_we_3_f": 0.30303030303030304
    }
}