{
    "rough_we": {
        "rouge_we_3_p": 0.22,
        "rouge_we_3_r": 0.205607476635514,
        "rouge_we_3_f": 0.21256038647342995
    }
}