{
    "rough_we": {
        "rouge_we_3_p": 0.43119266055045874,
        "rouge_we_3_r": 0.1934156378600823,
        "rouge_we_3_f": 0.2670454545454546
    }
}