{
    "rough_we": {
        "rouge_we_3_p": 0.5573770491803278,
        "rouge_we_3_r": 0.2251655629139073,
        "rouge_we_3_f": 0.32075471698113206
    }
}