{
    "rough_we": {
        "rouge_we_3_p": 0.3576158940397351,
        "rouge_we_3_r": 0.12300683371298406,
        "rouge_we_3_f": 0.18305084745762712
    }
}