{
    "rough_we": {
        "rouge_we_3_p": 0.35555555555555557,
        "rouge_we_3_r": 0.23414634146341465,
        "rouge_we_3_f": 0.2823529411764706
    }
}