{
    "rough_we": {
        "rouge_we_3_p": 0.288135593220339,
        "rouge_we_3_r": 0.2849162011173184,
        "rouge_we_3_f": 0.28651685393258425
    }
}