{
    "rough_we": {
        "rouge_we_3_p": 0.1986754966887417,
        "rouge_we_3_r": 0.1595744680851064,
        "rouge_we_3_f": 0.17699115044247787
    }
}