{
    "rough_we": {
        "rouge_we_3_p": 0.3674698795180723,
        "rouge_we_3_r": 0.19488817891373802,
        "rouge_we_3_f": 0.2546972860125261
    }
}