{
    "rough_we": {
        "rouge_we_3_p": 0.25,
        "rouge_we_3_r": 0.13076923076923078,
        "rouge_we_3_f": 0.17171717171717174
    }
}