{
    "rough_we": {
        "rouge_we_3_p": 0.171875,
        "rouge_we_3_r": 0.08208955223880597,
        "rouge_we_3_f": 0.1111111111111111
    }
}