{
    "rough_we": {
        "rouge_we_3_p": 0.19424460431654678,
        "rouge_we_3_r": 0.17532467532467533,
        "rouge_we_3_f": 0.18430034129692832
    }
}