{
    "rough_we": {
        "rouge_we_3_p": 0.35772357723577236,
        "rouge_we_3_r": 0.18181818181818182,
        "rouge_we_3_f": 0.2410958904109589
    }
}