{
    "rough_we": {
        "rouge_we_3_p": 0.31800766283524906,
        "rouge_we_3_r": 0.282312925170068,
        "rouge_we_3_f": 0.2990990990990991
    }
}