{
    "rough_we": {
        "rouge_we_3_p": 0.31756756756756754,
        "rouge_we_3_r": 0.2655367231638418,
        "rouge_we_3_f": 0.2892307692307692
    }
}