{
    "rough_we": {
        "rouge_we_3_p": 0.4953271028037383,
        "rouge_we_3_r": 0.17905405405405406,
        "rouge_we_3_f": 0.2630272952853598
    }
}