{
    "rough_we": {
        "rouge_we_3_p": 0.32857142857142857,
        "rouge_we_3_r": 0.14790996784565916,
        "rouge_we_3_f": 0.2039911308203991
    }
}