{
    "rough_we": {
        "rouge_we_3_p": 0.4397905759162304,
        "rouge_we_3_r": 0.2968197879858657,
        "rouge_we_3_f": 0.35443037974683544
    }
}