{
    "rough_we": {
        "rouge_we_3_p": 0.3028169014084507,
        "rouge_we_3_r": 0.1575091575091575,
        "rouge_we_3_f": 0.20722891566265061
    }
}