{
    "rough_we": {
        "rouge_we_3_p": 0.30288461538461536,
        "rouge_we_3_r": 0.2863636363636364,
        "rouge_we_3_f": 0.2943925233644859
    }
}