{
    "rough_we": {
        "rouge_we_3_p": 0.4666666666666667,
        "rouge_we_3_r": 0.25830258302583026,
        "rouge_we_3_f": 0.33254156769596205
    }
}