{
    "rough_we": {
        "rouge_we_3_p": 0.28095238095238095,
        "rouge_we_3_r": 0.2669683257918552,
        "rouge_we_3_f": 0.27378190255220414
    }
}