{
    "rough_we": {
        "rouge_we_3_p": 0.5555555555555556,
        "rouge_we_3_r": 0.21573604060913706,
        "rouge_we_3_f": 0.31078610603290674
    }
}