{
    "rough_we": {
        "rouge_we_3_p": 0.29508196721311475,
        "rouge_we_3_r": 0.2748091603053435,
        "rouge_we_3_f": 0.2845849802371542
    }
}