{
    "rough_we": {
        "rouge_we_3_p": 0.2903225806451613,
        "rouge_we_3_r": 0.2317596566523605,
        "rouge_we_3_f": 0.2577565632458234
    }
}