{
    "rough_we": {
        "rouge_we_3_p": 0.2751677852348993,
        "rouge_we_3_r": 0.21354166666666666,
        "rouge_we_3_f": 0.24046920821114368
    }
}