{
    "rough_we": {
        "rouge_we_3_p": 0.4357142857142857,
        "rouge_we_3_r": 0.22932330827067668,
        "rouge_we_3_f": 0.3004926108374384
    }
}