{
    "rough_we": {
        "rouge_we_3_p": 0.34177215189873417,
        "rouge_we_3_r": 0.3951219512195122,
        "rouge_we_3_f": 0.36651583710407243
    }
}