{
    "rough_we": {
        "rouge_we_3_p": 0.3036649214659686,
        "rouge_we_3_r": 0.28292682926829266,
        "rouge_we_3_f": 0.2929292929292929
    }
}