{
    "rough_we": {
        "rouge_we_3_p": 0.27011494252873564,
        "rouge_we_3_r": 0.17537313432835822,
        "rouge_we_3_f": 0.21266968325791857
    }
}