{
    "rough_we": {
        "rouge_we_3_p": 0.3096774193548387,
        "rouge_we_3_r": 0.19433198380566802,
        "rouge_we_3_f": 0.23880597014925375
    }
}