{
    "rough_we": {
        "rouge_we_3_p": 0.3218390804597701,
        "rouge_we_3_r": 0.26046511627906976,
        "rouge_we_3_f": 0.2879177377892031
    }
}