{
    "rough_we": {
        "rouge_we_3_p": 0.23529411764705882,
        "rouge_we_3_r": 0.14222222222222222,
        "rouge_we_3_f": 0.1772853185595568
    }
}