{
    "rough_we": {
        "rouge_we_3_p": 0.3560606060606061,
        "rouge_we_3_r": 0.1934156378600823,
        "rouge_we_3_f": 0.25066666666666665
    }
}