{
    "rough_we": {
        "rouge_we_3_p": 0.33093525179856115,
        "rouge_we_3_r": 0.17898832684824903,
        "rouge_we_3_f": 0.23232323232323232
    }
}