{
    "rough_we": {
        "rouge_we_3_p": 0.5192307692307693,
        "rouge_we_3_r": 0.2727272727272727,
        "rouge_we_3_f": 0.3576158940397351
    }
}