{
    "rough_we": {
        "rouge_we_3_p": 0.25,
        "rouge_we_3_r": 0.2482758620689655,
        "rouge_we_3_f": 0.2491349480968858
    }
}