{
    "rough_we": {
        "rouge_we_3_p": 0.3893805309734513,
        "rouge_we_3_r": 0.14332247557003258,
        "rouge_we_3_f": 0.20952380952380953
    }
}