{
    "rough_we": {
        "rouge_we_3_p": 0.26666666666666666,
        "rouge_we_3_r": 0.2982456140350877,
        "rouge_we_3_f": 0.28157349896480327
    }
}