{
    "rough_we": {
        "rouge_we_3_p": 0.34074074074074073,
        "rouge_we_3_r": 0.17037037037037037,
        "rouge_we_3_f": 0.2271604938271605
    }
}