{
    "rough_we": {
        "rouge_we_3_p": 0.3485714285714286,
        "rouge_we_3_r": 0.19614147909967847,
        "rouge_we_3_f": 0.25102880658436216
    }
}