{
    "rough_we": {
        "rouge_we_3_p": 0.36018957345971564,
        "rouge_we_3_r": 0.3076923076923077,
        "rouge_we_3_f": 0.331877729257642
    }
}