{
    "rough_we": {
        "rouge_we_3_p": 0.3384615384615385,
        "rouge_we_3_r": 0.18032786885245902,
        "rouge_we_3_f": 0.23529411764705885
    }
}