{
    "rough_we": {
        "rouge_we_3_p": 0.3448275862068966,
        "rouge_we_3_r": 0.35,
        "rouge_we_3_f": 0.34739454094292804
    }
}