{
    "rough_we": {
        "rouge_we_3_p": 0.3076923076923077,
        "rouge_we_3_r": 0.3125,
        "rouge_we_3_f": 0.31007751937984496
    }
}