{
    "rough_we": {
        "rouge_we_3_p": 0.32,
        "rouge_we_3_r": 0.2987551867219917,
        "rouge_we_3_f": 0.3090128755364807
    }
}