{
    "rough_we": {
        "rouge_we_3_p": 0.26011560693641617,
        "rouge_we_3_r": 0.2459016393442623,
        "rouge_we_3_f": 0.2528089887640449
    }
}