{
    "rough_we": {
        "rouge_we_3_p": 0.2976190476190476,
        "rouge_we_3_r": 0.2994011976047904,
        "rouge_we_3_f": 0.29850746268656714
    }
}