{
    "rough_we": {
        "rouge_we_3_p": 0.4143646408839779,
        "rouge_we_3_r": 0.2757352941176471,
        "rouge_we_3_f": 0.33112582781456956
    }
}