{
    "rough_we": {
        "rouge_we_3_p": 0.1476510067114094,
        "rouge_we_3_r": 0.07333333333333333,
        "rouge_we_3_f": 0.09799554565701558
    }
}