{
    "rough_we": {
        "rouge_we_3_p": 0.20134228187919462,
        "rouge_we_3_r": 0.15228426395939088,
        "rouge_we_3_f": 0.17341040462427745
    }
}