{
    "rough_we": {
        "rouge_we_3_p": 0.5370370370370371,
        "rouge_we_3_r": 0.25,
        "rouge_we_3_f": 0.3411764705882353
    }
}