{
    "rough_we": {
        "rouge_we_3_p": 0.3709677419354839,
        "rouge_we_3_r": 0.22009569377990432,
        "rouge_we_3_f": 0.27627627627627627
    }
}