{
    "rough_we": {
        "rouge_we_3_p": 0.3013698630136986,
        "rouge_we_3_r": 0.35772357723577236,
        "rouge_we_3_f": 0.3271375464684015
    }
}