{
    "rough_we": {
        "rouge_we_3_p": 0.37662337662337664,
        "rouge_we_3_r": 0.29591836734693877,
        "rouge_we_3_f": 0.33142857142857146
    }
}