{
    "rough_we": {
        "rouge_we_3_p": 0.31413612565445026,
        "rouge_we_3_r": 0.30612244897959184,
        "rouge_we_3_f": 0.310077519379845
    }
}