{
    "rough_we": {
        "rouge_we_3_p": 0.3884297520661157,
        "rouge_we_3_r": 0.18875502008032127,
        "rouge_we_3_f": 0.25405405405405407
    }
}