{
    "rough_we": {
        "rouge_we_3_p": 0.3442622950819672,
        "rouge_we_3_r": 0.2423076923076923,
        "rouge_we_3_f": 0.2844243792325057
    }
}