{
    "rough_we": {
        "rouge_we_3_p": 0.3904109589041096,
        "rouge_we_3_r": 0.26146788990825687,
        "rouge_we_3_f": 0.3131868131868132
    }
}