{
    "rough_we": {
        "rouge_we_3_p": 0.2440944881889764,
        "rouge_we_3_r": 0.1834319526627219,
        "rouge_we_3_f": 0.20945945945945946
    }
}