{
    "rough_we": {
        "rouge_we_3_p": 0.3333333333333333,
        "rouge_we_3_r": 0.26146788990825687,
        "rouge_we_3_f": 0.29305912596401024
    }
}