{
    "rough_we": {
        "rouge_we_3_p": 0.3147410358565737,
        "rouge_we_3_r": 0.3495575221238938,
        "rouge_we_3_f": 0.3312368972746331
    }
}