{
    "rough_we": {
        "rouge_we_3_p": 0.2732919254658385,
        "rouge_we_3_r": 0.14715719063545152,
        "rouge_we_3_f": 0.19130434782608696
    }
}