{
    "rough_we": {
        "rouge_we_3_p": 0.29333333333333333,
        "rouge_we_3_r": 0.20657276995305165,
        "rouge_we_3_f": 0.24242424242424243
    }
}