{
    "rough_we": {
        "rouge_we_3_p": 0.34328358208955223,
        "rouge_we_3_r": 0.22549019607843138,
        "rouge_we_3_f": 0.27218934911242604
    }
}