{
    "rough_we": {
        "rouge_we_3_p": 0.3622448979591837,
        "rouge_we_3_r": 0.22118380062305296,
        "rouge_we_3_f": 0.2746615087040619
    }
}