{
    "rough_we": {
        "rouge_we_3_p": 0.3254437869822485,
        "rouge_we_3_r": 0.22088353413654618,
        "rouge_we_3_f": 0.26315789473684215
    }
}