{
    "rough_we": {
        "rouge_we_3_p": 0.524390243902439,
        "rouge_we_3_r": 0.2670807453416149,
        "rouge_we_3_f": 0.35390946502057613
    }
}