{
    "rough_we": {
        "rouge_we_3_p": 0.31788079470198677,
        "rouge_we_3_r": 0.3582089552238806,
        "rouge_we_3_f": 0.3368421052631579
    }
}