{
    "rough_we": {
        "rouge_we_3_p": 0.33121019108280253,
        "rouge_we_3_r": 0.18705035971223022,
        "rouge_we_3_f": 0.23908045977011497
    }
}