{
    "rough_we": {
        "rouge_we_3_p": 0.36363636363636365,
        "rouge_we_3_r": 0.2248995983935743,
        "rouge_we_3_f": 0.2779156327543424
    }
}