{
    "rough_we": {
        "rouge_we_3_p": 0.4088397790055249,
        "rouge_we_3_r": 0.23492063492063492,
        "rouge_we_3_f": 0.29838709677419356
    }
}