{
    "rough_we": {
        "rouge_we_3_p": 0.47115384615384615,
        "rouge_we_3_r": 0.17253521126760563,
        "rouge_we_3_f": 0.25257731958762886
    }
}