{
    "rough_we": {
        "rouge_we_3_p": 0.35172413793103446,
        "rouge_we_3_r": 0.18149466192170818,
        "rouge_we_3_f": 0.23943661971830985
    }
}