{
    "rough_we": {
        "rouge_we_3_p": 0.21176470588235294,
        "rouge_we_3_r": 0.18,
        "rouge_we_3_f": 0.1945945945945946
    }
}