{
    "rough_we": {
        "rouge_we_3_p": 0.3707865168539326,
        "rouge_we_3_r": 0.2438423645320197,
        "rouge_we_3_f": 0.29420505200594355
    }
}