{
    "rough_we": {
        "rouge_we_3_p": 0.24299065420560748,
        "rouge_we_3_r": 0.1824561403508772,
        "rouge_we_3_f": 0.20841683366733466
    }
}