{
    "rough_we": {
        "rouge_we_3_p": 0.291044776119403,
        "rouge_we_3_r": 0.156,
        "rouge_we_3_f": 0.20312500000000003
    }
}