{
    "DataStats": {
        "coverage": 0.9133333333333333,
        "density": 3.26,
        "compression": 30.953333333333333,
        "summary_length": 150.0,
        "percentage_novel_1-gram": 0.19047619047619047,
        "percentage_repeated_1-gram_in_summ": 0.32142857142857145,
        "percentage_novel_2-gram": 0.4580152671755725,
        "percentage_repeated_2-gram_in_summ": 0.0916030534351145,
        "percentage_novel_3-gram": 0.6857142857142857,
        "percentage_repeated_3-gram_in_summ": 0.05714285714285714
    }
}