{
    "DataStats": {
        "coverage": 0.8833333333333333,
        "density": 1.7833333333333334,
        "compression": 59.09166666666667,
        "summary_length": 120.0,
        "percentage_novel_1-gram": 0.1891891891891892,
        "percentage_repeated_1-gram_in_summ": 0.24324324324324326,
        "percentage_novel_2-gram": 0.5945945945945946,
        "percentage_repeated_2-gram_in_summ": 0.06306306306306306,
        "percentage_novel_3-gram": 0.8706896551724138,
        "percentage_repeated_3-gram_in_summ": 0.017241379310344827
    }
}