{
    "DataStats": {
        "coverage": 0.8953488372093024,
        "density": 2.6627906976744184,
        "compression": 37.26162790697674,
        "summary_length": 172.0,
        "percentage_novel_1-gram": 0.15625,
        "percentage_repeated_1-gram_in_summ": 0.3333333333333333,
        "percentage_novel_2-gram": 0.4473684210526316,
        "percentage_repeated_2-gram_in_summ": 0.09210526315789473,
        "percentage_novel_3-gram": 0.7453416149068323,
        "percentage_repeated_3-gram_in_summ": 0.049689440993788817
    }
}