{
    "DataStats": {
        "coverage": 0.9192546583850931,
        "density": 5.15527950310559,
        "compression": 29.906832298136646,
        "summary_length": 161.0,
        "percentage_novel_1-gram": 0.16666666666666666,
        "percentage_repeated_1-gram_in_summ": 0.23958333333333334,
        "percentage_novel_2-gram": 0.43333333333333335,
        "percentage_repeated_2-gram_in_summ": 0.05333333333333334,
        "percentage_novel_3-gram": 0.7161290322580646,
        "percentage_repeated_3-gram_in_summ": 0.025806451612903226
    }
}