{
    "DataStats": {
        "coverage": 0.8914285714285715,
        "density": 2.9371428571428573,
        "compression": 21.14857142857143,
        "summary_length": 175.0,
        "percentage_novel_1-gram": 0.22448979591836735,
        "percentage_repeated_1-gram_in_summ": 0.21428571428571427,
        "percentage_novel_2-gram": 0.5328947368421053,
        "percentage_repeated_2-gram_in_summ": 0.06578947368421052,
        "percentage_novel_3-gram": 0.7361963190184049,
        "percentage_repeated_3-gram_in_summ": 0.03680981595092025
    }
}