{
    "DataStats": {
        "coverage": 0.9675675675675676,
        "density": 3.0864864864864865,
        "compression": 34.35675675675676,
        "summary_length": 185.0,
        "percentage_novel_1-gram": 0.056074766355140186,
        "percentage_repeated_1-gram_in_summ": 0.3177570093457944,
        "percentage_novel_2-gram": 0.35714285714285715,
        "percentage_repeated_2-gram_in_summ": 0.07142857142857142,
        "percentage_novel_3-gram": 0.6685714285714286,
        "percentage_repeated_3-gram_in_summ": 0.03428571428571429
    }
}