{
    "DataStats": {
        "coverage": 0.9037433155080213,
        "density": 3.5240641711229945,
        "compression": 18.844919786096256,
        "summary_length": 187.0,
        "percentage_novel_1-gram": 0.1111111111111111,
        "percentage_repeated_1-gram_in_summ": 0.31313131313131315,
        "percentage_novel_2-gram": 0.38414634146341464,
        "percentage_repeated_2-gram_in_summ": 0.09146341463414634,
        "percentage_novel_3-gram": 0.5865921787709497,
        "percentage_repeated_3-gram_in_summ": 0.0335195530726257
    }
}