{
    "DataStats": {
        "coverage": 0.9312977099236641,
        "density": 4.091603053435114,
        "compression": 36.55725190839695,
        "summary_length": 131.0,
        "percentage_novel_1-gram": 0.12,
        "percentage_repeated_1-gram_in_summ": 0.29333333333333333,
        "percentage_novel_2-gram": 0.3482142857142857,
        "percentage_repeated_2-gram_in_summ": 0.09821428571428571,
        "percentage_novel_3-gram": 0.5619834710743802,
        "percentage_repeated_3-gram_in_summ": 0.049586776859504134
    }
}