{
    "DataStats": {
        "coverage": 0.9615384615384616,
        "density": 4.587912087912088,
        "compression": 36.29120879120879,
        "summary_length": 182.0,
        "percentage_novel_1-gram": 0.08823529411764706,
        "percentage_repeated_1-gram_in_summ": 0.2647058823529412,
        "percentage_novel_2-gram": 0.31097560975609756,
        "percentage_repeated_2-gram_in_summ": 0.09146341463414634,
        "percentage_novel_3-gram": 0.5314285714285715,
        "percentage_repeated_3-gram_in_summ": 0.02857142857142857
    }
}