{
    "DataStats": {
        "coverage": 0.873015873015873,
        "density": 2.5873015873015874,
        "compression": 36.785714285714285,
        "summary_length": 126.0,
        "percentage_novel_1-gram": 0.21052631578947367,
        "percentage_repeated_1-gram_in_summ": 0.3026315789473684,
        "percentage_novel_2-gram": 0.5,
        "percentage_repeated_2-gram_in_summ": 0.08928571428571429,
        "percentage_novel_3-gram": 0.7107438016528925,
        "percentage_repeated_3-gram_in_summ": 0.024793388429752067
    }
}