{
    "DataStats": {
        "coverage": 0.9219858156028369,
        "density": 3.234042553191489,
        "compression": 19.94326241134752,
        "summary_length": 141.0,
        "percentage_novel_1-gram": 0.14285714285714285,
        "percentage_repeated_1-gram_in_summ": 0.25,
        "percentage_novel_2-gram": 0.4153846153846154,
        "percentage_repeated_2-gram_in_summ": 0.06153846153846154,
        "percentage_novel_3-gram": 0.674074074074074,
        "percentage_repeated_3-gram_in_summ": 0.022222222222222223
    }
}