{
    "DataStats": {
        "coverage": 0.8851351351351351,
        "density": 2.4932432432432434,
        "compression": 21.425675675675677,
        "summary_length": 148.0,
        "percentage_novel_1-gram": 0.1702127659574468,
        "percentage_repeated_1-gram_in_summ": 0.23404255319148937,
        "percentage_novel_2-gram": 0.518796992481203,
        "percentage_repeated_2-gram_in_summ": 0.08270676691729323,
        "percentage_novel_3-gram": 0.7928571428571428,
        "percentage_repeated_3-gram_in_summ": 0.03571428571428571
    }
}