{
    "DataStats": {
        "coverage": 0.8536585365853658,
        "density": 2.7804878048780486,
        "compression": 24.48780487804878,
        "summary_length": 164.0,
        "percentage_novel_1-gram": 0.23655913978494625,
        "percentage_repeated_1-gram_in_summ": 0.24731182795698925,
        "percentage_novel_2-gram": 0.593103448275862,
        "percentage_repeated_2-gram_in_summ": 0.07586206896551724,
        "percentage_novel_3-gram": 0.7631578947368421,
        "percentage_repeated_3-gram_in_summ": 0.046052631578947366
    }
}