{
    "DataStats": {
        "coverage": 0.9085714285714286,
        "density": 2.5085714285714285,
        "compression": 27.34857142857143,
        "summary_length": 175.0,
        "percentage_novel_1-gram": 0.1509433962264151,
        "percentage_repeated_1-gram_in_summ": 0.2169811320754717,
        "percentage_novel_2-gram": 0.4817073170731707,
        "percentage_repeated_2-gram_in_summ": 0.04878048780487805,
        "percentage_novel_3-gram": 0.7602339181286549,
        "percentage_repeated_3-gram_in_summ": 0.011695906432748537
    }
}