{
    "DataStats": {
        "coverage": 0.9338235294117647,
        "density": 3.9191176470588234,
        "compression": 39.27205882352941,
        "summary_length": 136.0,
        "percentage_novel_1-gram": 0.12987012987012986,
        "percentage_repeated_1-gram_in_summ": 0.2987012987012987,
        "percentage_novel_2-gram": 0.36065573770491804,
        "percentage_repeated_2-gram_in_summ": 0.08196721311475409,
        "percentage_novel_3-gram": 0.6,
        "percentage_repeated_3-gram_in_summ": 0.03076923076923077
    }
}