{
    "DataStats": {
        "coverage": 0.9246575342465754,
        "density": 2.993150684931507,
        "compression": 41.11643835616438,
        "summary_length": 146.0,
        "percentage_novel_1-gram": 0.13095238095238096,
        "percentage_repeated_1-gram_in_summ": 0.34523809523809523,
        "percentage_novel_2-gram": 0.38461538461538464,
        "percentage_repeated_2-gram_in_summ": 0.08461538461538462,
        "percentage_novel_3-gram": 0.7194244604316546,
        "percentage_repeated_3-gram_in_summ": 0.02877697841726619
    }
}