{
    "DataStats": {
        "coverage": 0.9019607843137255,
        "density": 3.0588235294117645,
        "compression": 28.895424836601308,
        "summary_length": 153.0,
        "percentage_novel_1-gram": 0.1686746987951807,
        "percentage_repeated_1-gram_in_summ": 0.30120481927710846,
        "percentage_novel_2-gram": 0.4264705882352941,
        "percentage_repeated_2-gram_in_summ": 0.10294117647058823,
        "percentage_novel_3-gram": 0.6712328767123288,
        "percentage_repeated_3-gram_in_summ": 0.03424657534246575
    }
}