{
    "DataStats": {
        "coverage": 0.9338235294117647,
        "density": 2.5955882352941178,
        "compression": 41.48529411764706,
        "summary_length": 136.0,
        "percentage_novel_1-gram": 0.09278350515463918,
        "percentage_repeated_1-gram_in_summ": 0.20618556701030927,
        "percentage_novel_2-gram": 0.5038759689922481,
        "percentage_repeated_2-gram_in_summ": 0.03875968992248062,
        "percentage_novel_3-gram": 0.7593984962406015,
        "percentage_repeated_3-gram_in_summ": 0.007518796992481203
    }
}