{
    "DataStats": {
        "coverage": 0.9069767441860465,
        "density": 2.705426356589147,
        "compression": 20.93798449612403,
        "summary_length": 129.0,
        "percentage_novel_1-gram": 0.1625,
        "percentage_repeated_1-gram_in_summ": 0.225,
        "percentage_novel_2-gram": 0.4434782608695652,
        "percentage_repeated_2-gram_in_summ": 0.06956521739130435,
        "percentage_novel_3-gram": 0.7642276422764228,
        "percentage_repeated_3-gram_in_summ": 0.024390243902439025
    }
}