{
    "DataStats": {
        "coverage": 0.8589743589743589,
        "density": 2.5,
        "compression": 20.256410256410255,
        "summary_length": 156.0,
        "percentage_novel_1-gram": 0.24468085106382978,
        "percentage_repeated_1-gram_in_summ": 0.2765957446808511,
        "percentage_novel_2-gram": 0.5531914893617021,
        "percentage_repeated_2-gram_in_summ": 0.07092198581560284,
        "percentage_novel_3-gram": 0.8187919463087249,
        "percentage_repeated_3-gram_in_summ": 0.026845637583892617
    }
}