{
    "DataStats": {
        "coverage": 0.926829268292683,
        "density": 4.016260162601626,
        "compression": 30.495934959349594,
        "summary_length": 123.0,
        "percentage_novel_1-gram": 0.12,
        "percentage_repeated_1-gram_in_summ": 0.25333333333333335,
        "percentage_novel_2-gram": 0.41228070175438597,
        "percentage_repeated_2-gram_in_summ": 0.06140350877192982,
        "percentage_novel_3-gram": 0.6083333333333333,
        "percentage_repeated_3-gram_in_summ": 0.008333333333333333
    }
}