{
    "DataStats": {
        "coverage": 0.9103448275862069,
        "density": 2.8275862068965516,
        "compression": 24.03448275862069,
        "summary_length": 145.0,
        "percentage_novel_1-gram": 0.20930232558139536,
        "percentage_repeated_1-gram_in_summ": 0.27906976744186046,
        "percentage_novel_2-gram": 0.5114503816793893,
        "percentage_repeated_2-gram_in_summ": 0.06870229007633588,
        "percentage_novel_3-gram": 0.7588652482269503,
        "percentage_repeated_3-gram_in_summ": 0.014184397163120567
    }
}