{
    "DataStats": {
        "coverage": 0.92,
        "density": 4.83,
        "compression": 27.3,
        "summary_length": 200.0,
        "percentage_novel_1-gram": 0.1509433962264151,
        "percentage_repeated_1-gram_in_summ": 0.3113207547169811,
        "percentage_novel_2-gram": 0.4,
        "percentage_repeated_2-gram_in_summ": 0.10588235294117647,
        "percentage_novel_3-gram": 0.6063829787234043,
        "percentage_repeated_3-gram_in_summ": 0.047872340425531915
    }
}