{
    "DataStats": {
        "coverage": 0.9159663865546218,
        "density": 3.369747899159664,
        "compression": 22.915966386554622,
        "summary_length": 119.0,
        "percentage_novel_1-gram": 0.16,
        "percentage_repeated_1-gram_in_summ": 0.30666666666666664,
        "percentage_novel_2-gram": 0.4594594594594595,
        "percentage_repeated_2-gram_in_summ": 0.05405405405405406,
        "percentage_novel_3-gram": 0.6837606837606838,
        "percentage_repeated_3-gram_in_summ": 0.0
    }
}