{
    "DataStats": {
        "coverage": 0.896969696969697,
        "density": 3.3696969696969696,
        "compression": 22.272727272727273,
        "summary_length": 165.0,
        "percentage_novel_1-gram": 0.20202020202020202,
        "percentage_repeated_1-gram_in_summ": 0.23232323232323232,
        "percentage_novel_2-gram": 0.5033112582781457,
        "percentage_repeated_2-gram_in_summ": 0.06622516556291391,
        "percentage_novel_3-gram": 0.6477987421383647,
        "percentage_repeated_3-gram_in_summ": 0.025157232704402517
    }
}