{
    "DataStats": {
        "coverage": 0.883495145631068,
        "density": 2.6310679611650487,
        "compression": 49.99029126213592,
        "summary_length": 103.0,
        "percentage_novel_1-gram": 0.19117647058823528,
        "percentage_repeated_1-gram_in_summ": 0.27941176470588236,
        "percentage_novel_2-gram": 0.5684210526315789,
        "percentage_repeated_2-gram_in_summ": 0.07368421052631578,
        "percentage_novel_3-gram": 0.8144329896907216,
        "percentage_repeated_3-gram_in_summ": 0.041237113402061855
    }
}