{
    "DataStats": {
        "coverage": 0.9090909090909091,
        "density": 2.0303030303030303,
        "compression": 33.53787878787879,
        "summary_length": 132.0,
        "percentage_novel_1-gram": 0.1875,
        "percentage_repeated_1-gram_in_summ": 0.25,
        "percentage_novel_2-gram": 0.5916666666666667,
        "percentage_repeated_2-gram_in_summ": 0.08333333333333333,
        "percentage_novel_3-gram": 0.8449612403100775,
        "percentage_repeated_3-gram_in_summ": 0.007751937984496124
    }
}