{
    "DataStats": {
        "coverage": 0.9206349206349206,
        "density": 2.857142857142857,
        "compression": 30.055555555555557,
        "summary_length": 126.0,
        "percentage_novel_1-gram": 0.2,
        "percentage_repeated_1-gram_in_summ": 0.3466666666666667,
        "percentage_novel_2-gram": 0.5217391304347826,
        "percentage_repeated_2-gram_in_summ": 0.06956521739130435,
        "percentage_novel_3-gram": 0.768595041322314,
        "percentage_repeated_3-gram_in_summ": 0.024793388429752067
    }
}