{
    "DataStats": {
        "coverage": 0.9097744360902256,
        "density": 4.93984962406015,
        "compression": 25.909774436090224,
        "summary_length": 133.0,
        "percentage_novel_1-gram": 0.16666666666666666,
        "percentage_repeated_1-gram_in_summ": 0.2857142857142857,
        "percentage_novel_2-gram": 0.39166666666666666,
        "percentage_repeated_2-gram_in_summ": 0.08333333333333333,
        "percentage_novel_3-gram": 0.576,
        "percentage_repeated_3-gram_in_summ": 0.048
    }
}