{
    "DataStats": {
        "coverage": 0.9695121951219512,
        "density": 4.567073170731708,
        "compression": 42.24390243902439,
        "summary_length": 164.0,
        "percentage_novel_1-gram": 0.04395604395604396,
        "percentage_repeated_1-gram_in_summ": 0.27472527472527475,
        "percentage_novel_2-gram": 0.32116788321167883,
        "percentage_repeated_2-gram_in_summ": 0.13138686131386862,
        "percentage_novel_3-gram": 0.5234899328859061,
        "percentage_repeated_3-gram_in_summ": 0.087248322147651
    }
}