{
    "DataStats": {
        "coverage": 0.9230769230769231,
        "density": 3.526627218934911,
        "compression": 22.254437869822485,
        "summary_length": 169.0,
        "percentage_novel_1-gram": 0.12121212121212122,
        "percentage_repeated_1-gram_in_summ": 0.31313131313131315,
        "percentage_novel_2-gram": 0.4,
        "percentage_repeated_2-gram_in_summ": 0.06666666666666667,
        "percentage_novel_3-gram": 0.6477987421383647,
        "percentage_repeated_3-gram_in_summ": 0.031446540880503145
    }
}