{
    "DataStats": {
        "coverage": 0.9320388349514563,
        "density": 2.6990291262135924,
        "compression": 68.6504854368932,
        "summary_length": 103.0,
        "percentage_novel_1-gram": 0.1323529411764706,
        "percentage_repeated_1-gram_in_summ": 0.25,
        "percentage_novel_2-gram": 0.5108695652173914,
        "percentage_repeated_2-gram_in_summ": 0.07608695652173914,
        "percentage_novel_3-gram": 0.7395833333333334,
        "percentage_repeated_3-gram_in_summ": 0.041666666666666664
    }
}