{
    "DataStats": {
        "coverage": 0.8888888888888888,
        "density": 2.573099415204678,
        "compression": 33.92397660818713,
        "summary_length": 171.0,
        "percentage_novel_1-gram": 0.1958762886597938,
        "percentage_repeated_1-gram_in_summ": 0.1958762886597938,
        "percentage_novel_2-gram": 0.4503311258278146,
        "percentage_repeated_2-gram_in_summ": 0.08609271523178808,
        "percentage_novel_3-gram": 0.7283950617283951,
        "percentage_repeated_3-gram_in_summ": 0.037037037037037035
    }
}