{
    "DataStats": {
        "coverage": 0.8932038834951457,
        "density": 3.262135922330097,
        "compression": 45.48543689320388,
        "summary_length": 103.0,
        "percentage_novel_1-gram": 0.13114754098360656,
        "percentage_repeated_1-gram_in_summ": 0.32786885245901637,
        "percentage_novel_2-gram": 0.43333333333333335,
        "percentage_repeated_2-gram_in_summ": 0.12222222222222222,
        "percentage_novel_3-gram": 0.6631578947368421,
        "percentage_repeated_3-gram_in_summ": 0.06315789473684211
    }
}