{
    "DataStats": {
        "coverage": 0.9069767441860465,
        "density": 2.5348837209302326,
        "compression": 20.914728682170544,
        "summary_length": 129.0,
        "percentage_novel_1-gram": 0.1827956989247312,
        "percentage_repeated_1-gram_in_summ": 0.1935483870967742,
        "percentage_novel_2-gram": 0.6015625,
        "percentage_repeated_2-gram_in_summ": 0.0,
        "percentage_novel_3-gram": 0.7874015748031497,
        "percentage_repeated_3-gram_in_summ": 0.0
    }
}