{
    "DataStats": {
        "coverage": 0.9378531073446328,
        "density": 2.598870056497175,
        "compression": 38.15819209039548,
        "summary_length": 177.0,
        "percentage_novel_1-gram": 0.09523809523809523,
        "percentage_repeated_1-gram_in_summ": 0.2761904761904762,
        "percentage_novel_2-gram": 0.43478260869565216,
        "percentage_repeated_2-gram_in_summ": 0.06832298136645963,
        "percentage_novel_3-gram": 0.735632183908046,
        "percentage_repeated_3-gram_in_summ": 0.005747126436781609
    }
}