{
    "DataStats": {
        "coverage": 0.864516129032258,
        "density": 2.0903225806451613,
        "compression": 16.374193548387098,
        "summary_length": 155.0,
        "percentage_novel_1-gram": 0.21649484536082475,
        "percentage_repeated_1-gram_in_summ": 0.24742268041237114,
        "percentage_novel_2-gram": 0.6197183098591549,
        "percentage_repeated_2-gram_in_summ": 0.056338028169014086,
        "percentage_novel_3-gram": 0.84,
        "percentage_repeated_3-gram_in_summ": 0.013333333333333334
    }
}