{
    "DataStats": {
        "coverage": 0.9318181818181818,
        "density": 3.1136363636363638,
        "compression": 19.727272727272727,
        "summary_length": 132.0,
        "percentage_novel_1-gram": 0.12345679012345678,
        "percentage_repeated_1-gram_in_summ": 0.2962962962962963,
        "percentage_novel_2-gram": 0.4628099173553719,
        "percentage_repeated_2-gram_in_summ": 0.08264462809917356,
        "percentage_novel_3-gram": 0.689922480620155,
        "percentage_repeated_3-gram_in_summ": 0.007751937984496124
    }
}