{
    "DataStats": {
        "coverage": 0.9084967320261438,
        "density": 3.052287581699346,
        "compression": 37.26143790849673,
        "summary_length": 153.0,
        "percentage_novel_1-gram": 0.1686746987951807,
        "percentage_repeated_1-gram_in_summ": 0.27710843373493976,
        "percentage_novel_2-gram": 0.4222222222222222,
        "percentage_repeated_2-gram_in_summ": 0.1037037037037037,
        "percentage_novel_3-gram": 0.6944444444444444,
        "percentage_repeated_3-gram_in_summ": 0.04861111111111111
    }
}