{
    "DataStats": {
        "coverage": 0.8813559322033898,
        "density": 2.926553672316384,
        "compression": 23.338983050847457,
        "summary_length": 177.0,
        "percentage_novel_1-gram": 0.20588235294117646,
        "percentage_repeated_1-gram_in_summ": 0.30392156862745096,
        "percentage_novel_2-gram": 0.4260355029585799,
        "percentage_repeated_2-gram_in_summ": 0.03550295857988166,
        "percentage_novel_3-gram": 0.7011494252873564,
        "percentage_repeated_3-gram_in_summ": 0.005747126436781609
    }
}