{
    "DataStats": {
        "coverage": 0.9322916666666666,
        "density": 5.463541666666667,
        "compression": 24.317708333333332,
        "summary_length": 192.0,
        "percentage_novel_1-gram": 0.11214953271028037,
        "percentage_repeated_1-gram_in_summ": 0.3177570093457944,
        "percentage_novel_2-gram": 0.2934131736526946,
        "percentage_repeated_2-gram_in_summ": 0.11377245508982035,
        "percentage_novel_3-gram": 0.5284090909090909,
        "percentage_repeated_3-gram_in_summ": 0.06818181818181818
    }
}