{
    "DataStats": {
        "coverage": 0.875,
        "density": 2.048076923076923,
        "compression": 38.36538461538461,
        "summary_length": 104.0,
        "percentage_novel_1-gram": 0.2,
        "percentage_repeated_1-gram_in_summ": 0.24615384615384617,
        "percentage_novel_2-gram": 0.6428571428571429,
        "percentage_repeated_2-gram_in_summ": 0.04081632653061224,
        "percentage_novel_3-gram": 0.86,
        "percentage_repeated_3-gram_in_summ": 0.02
    }
}