{
    "DataStats": {
        "coverage": 0.9629629629629629,
        "density": 6.0246913580246915,
        "compression": 24.993827160493826,
        "summary_length": 162.0,
        "percentage_novel_1-gram": 0.06896551724137931,
        "percentage_repeated_1-gram_in_summ": 0.3563218390804598,
        "percentage_novel_2-gram": 0.27611940298507465,
        "percentage_repeated_2-gram_in_summ": 0.1417910447761194,
        "percentage_novel_3-gram": 0.496551724137931,
        "percentage_repeated_3-gram_in_summ": 0.07586206896551724
    }
}