{
    "DataStats": {
        "coverage": 0.9202898550724637,
        "density": 3.6594202898550723,
        "compression": 43.47826086956522,
        "summary_length": 138.0,
        "percentage_novel_1-gram": 0.14285714285714285,
        "percentage_repeated_1-gram_in_summ": 0.27380952380952384,
        "percentage_novel_2-gram": 0.375,
        "percentage_repeated_2-gram_in_summ": 0.0546875,
        "percentage_novel_3-gram": 0.5970149253731343,
        "percentage_repeated_3-gram_in_summ": 0.014925373134328358
    }
}