{
    "DataStats": {
        "coverage": 0.9065420560747663,
        "density": 2.046728971962617,
        "compression": 44.80373831775701,
        "summary_length": 107.0,
        "percentage_novel_1-gram": 0.14492753623188406,
        "percentage_repeated_1-gram_in_summ": 0.2463768115942029,
        "percentage_novel_2-gram": 0.5773195876288659,
        "percentage_repeated_2-gram_in_summ": 0.07216494845360824,
        "percentage_novel_3-gram": 0.8349514563106796,
        "percentage_repeated_3-gram_in_summ": 0.019417475728155338
    }
}