{
    "DataStats": {
        "coverage": 0.9487179487179487,
        "density": 4.264957264957265,
        "compression": 38.965811965811966,
        "summary_length": 117.0,
        "percentage_novel_1-gram": 0.09523809523809523,
        "percentage_repeated_1-gram_in_summ": 0.3492063492063492,
        "percentage_novel_2-gram": 0.27,
        "percentage_repeated_2-gram_in_summ": 0.12,
        "percentage_novel_3-gram": 0.5229357798165137,
        "percentage_repeated_3-gram_in_summ": 0.045871559633027525
    }
}