{
    "DataStats": {
        "coverage": 0.9337748344370861,
        "density": 4.364238410596027,
        "compression": 42.37748344370861,
        "summary_length": 151.0,
        "percentage_novel_1-gram": 0.12345679012345678,
        "percentage_repeated_1-gram_in_summ": 0.3333333333333333,
        "percentage_novel_2-gram": 0.3728813559322034,
        "percentage_repeated_2-gram_in_summ": 0.1440677966101695,
        "percentage_novel_3-gram": 0.6106870229007634,
        "percentage_repeated_3-gram_in_summ": 0.06870229007633588
    }
}