{
    "DataStats": {
        "coverage": 0.9252336448598131,
        "density": 2.7383177570093458,
        "compression": 20.61682242990654,
        "summary_length": 107.0,
        "percentage_novel_1-gram": 0.16666666666666666,
        "percentage_repeated_1-gram_in_summ": 0.22727272727272727,
        "percentage_novel_2-gram": 0.48,
        "percentage_repeated_2-gram_in_summ": 0.06,
        "percentage_novel_3-gram": 0.7523809523809524,
        "percentage_repeated_3-gram_in_summ": 0.0
    }
}