{
    "DataStats": {
        "coverage": 0.907103825136612,
        "density": 2.4918032786885247,
        "compression": 24.240437158469945,
        "summary_length": 183.0,
        "percentage_novel_1-gram": 0.18556701030927836,
        "percentage_repeated_1-gram_in_summ": 0.24742268041237114,
        "percentage_novel_2-gram": 0.4625,
        "percentage_repeated_2-gram_in_summ": 0.1,
        "percentage_novel_3-gram": 0.7542857142857143,
        "percentage_repeated_3-gram_in_summ": 0.02857142857142857
    }
}