{
    "DataStats": {
        "coverage": 0.8924050632911392,
        "density": 2.8164556962025316,
        "compression": 16.70886075949367,
        "summary_length": 158.0,
        "percentage_novel_1-gram": 0.19318181818181818,
        "percentage_repeated_1-gram_in_summ": 0.29545454545454547,
        "percentage_novel_2-gram": 0.5103448275862069,
        "percentage_repeated_2-gram_in_summ": 0.04827586206896552,
        "percentage_novel_3-gram": 0.7284768211920529,
        "percentage_repeated_3-gram_in_summ": 0.026490066225165563
    }
}