{
    "DataStats": {
        "coverage": 0.9130434782608695,
        "density": 2.756521739130435,
        "compression": 60.7304347826087,
        "summary_length": 115.0,
        "percentage_novel_1-gram": 0.1527777777777778,
        "percentage_repeated_1-gram_in_summ": 0.25,
        "percentage_novel_2-gram": 0.40384615384615385,
        "percentage_repeated_2-gram_in_summ": 0.07692307692307693,
        "percentage_novel_3-gram": 0.6576576576576577,
        "percentage_repeated_3-gram_in_summ": 0.018018018018018018
    }
}