{
    "DataStats": {
        "coverage": 0.9139784946236559,
        "density": 2.6129032258064515,
        "compression": 37.516129032258064,
        "summary_length": 186.0,
        "percentage_novel_1-gram": 0.1485148514851485,
        "percentage_repeated_1-gram_in_summ": 0.3069306930693069,
        "percentage_novel_2-gram": 0.45,
        "percentage_repeated_2-gram_in_summ": 0.09375,
        "percentage_novel_3-gram": 0.7586206896551724,
        "percentage_repeated_3-gram_in_summ": 0.040229885057471264
    }
}