{
    "DataStats": {
        "coverage": 0.9428571428571428,
        "density": 3.48,
        "compression": 37.674285714285716,
        "summary_length": 175.0,
        "percentage_novel_1-gram": 0.11578947368421053,
        "percentage_repeated_1-gram_in_summ": 0.28421052631578947,
        "percentage_novel_2-gram": 0.40625,
        "percentage_repeated_2-gram_in_summ": 0.08125,
        "percentage_novel_3-gram": 0.7176470588235294,
        "percentage_repeated_3-gram_in_summ": 0.01764705882352941
    }
}