{
    "DataStats": {
        "coverage": 0.8783783783783784,
        "density": 2.324324324324324,
        "compression": 27.013513513513512,
        "summary_length": 148.0,
        "percentage_novel_1-gram": 0.22093023255813954,
        "percentage_repeated_1-gram_in_summ": 0.2558139534883721,
        "percentage_novel_2-gram": 0.5111111111111111,
        "percentage_repeated_2-gram_in_summ": 0.07407407407407407,
        "percentage_novel_3-gram": 0.7412587412587412,
        "percentage_repeated_3-gram_in_summ": 0.02097902097902098
    }
}