{
    "DataStats": {
        "coverage": 0.9139072847682119,
        "density": 2.066225165562914,
        "compression": 20.198675496688743,
        "summary_length": 151.0,
        "percentage_novel_1-gram": 0.15555555555555556,
        "percentage_repeated_1-gram_in_summ": 0.2222222222222222,
        "percentage_novel_2-gram": 0.5693430656934306,
        "percentage_repeated_2-gram_in_summ": 0.08759124087591241,
        "percentage_novel_3-gram": 0.8639455782312925,
        "percentage_repeated_3-gram_in_summ": 0.013605442176870748
    }
}