{
    "DataStats": {
        "coverage": 0.8691588785046729,
        "density": 2.7570093457943927,
        "compression": 30.64485981308411,
        "summary_length": 107.0,
        "percentage_novel_1-gram": 0.24242424242424243,
        "percentage_repeated_1-gram_in_summ": 0.2878787878787879,
        "percentage_novel_2-gram": 0.5918367346938775,
        "percentage_repeated_2-gram_in_summ": 0.07142857142857142,
        "percentage_novel_3-gram": 0.8252427184466019,
        "percentage_repeated_3-gram_in_summ": 0.019417475728155338
    }
}