{
    "DataStats": {
        "coverage": 0.9398148148148148,
        "density": 3.486111111111111,
        "compression": 23.375,
        "summary_length": 216.0,
        "percentage_novel_1-gram": 0.1485148514851485,
        "percentage_repeated_1-gram_in_summ": 0.31683168316831684,
        "percentage_novel_2-gram": 0.5263157894736842,
        "percentage_repeated_2-gram_in_summ": 0.12280701754385964,
        "percentage_novel_3-gram": 0.7512953367875648,
        "percentage_repeated_3-gram_in_summ": 0.05699481865284974
    }
}