{
    "DataStats": {
        "coverage": 0.9173553719008265,
        "density": 2.4545454545454546,
        "compression": 28.355371900826448,
        "summary_length": 121.0,
        "percentage_novel_1-gram": 0.1282051282051282,
        "percentage_repeated_1-gram_in_summ": 0.2948717948717949,
        "percentage_novel_2-gram": 0.5321100917431193,
        "percentage_repeated_2-gram_in_summ": 0.08256880733944955,
        "percentage_novel_3-gram": 0.7777777777777778,
        "percentage_repeated_3-gram_in_summ": 0.008547008547008548
    }
}