{
    "DataStats": {
        "coverage": 0.95,
        "density": 2.8642857142857143,
        "compression": 25.764285714285716,
        "summary_length": 140.0,
        "percentage_novel_1-gram": 0.09473684210526316,
        "percentage_repeated_1-gram_in_summ": 0.23157894736842105,
        "percentage_novel_2-gram": 0.44696969696969696,
        "percentage_repeated_2-gram_in_summ": 0.045454545454545456,
        "percentage_novel_3-gram": 0.762962962962963,
        "percentage_repeated_3-gram_in_summ": 0.022222222222222223
    }
}