{
    "DataStats": {
        "coverage": 0.9230769230769231,
        "density": 3.076923076923077,
        "compression": 54.53076923076923,
        "summary_length": 130.0,
        "percentage_novel_1-gram": 0.12345679012345678,
        "percentage_repeated_1-gram_in_summ": 0.2222222222222222,
        "percentage_novel_2-gram": 0.4358974358974359,
        "percentage_repeated_2-gram_in_summ": 0.06837606837606838,
        "percentage_novel_3-gram": 0.7222222222222222,
        "percentage_repeated_3-gram_in_summ": 0.015873015873015872
    }
}