{
    "DataStats": {
        "coverage": 0.8791208791208791,
        "density": 2.9450549450549453,
        "compression": 22.313186813186814,
        "summary_length": 182.0,
        "percentage_novel_1-gram": 0.25252525252525254,
        "percentage_repeated_1-gram_in_summ": 0.24242424242424243,
        "percentage_novel_2-gram": 0.5384615384615384,
        "percentage_repeated_2-gram_in_summ": 0.09615384615384616,
        "percentage_novel_3-gram": 0.7023809523809523,
        "percentage_repeated_3-gram_in_summ": 0.047619047619047616
    }
}