{
    "DataStats": {
        "coverage": 0.950354609929078,
        "density": 4.368794326241135,
        "compression": 38.51063829787234,
        "summary_length": 141.0,
        "percentage_novel_1-gram": 0.09876543209876543,
        "percentage_repeated_1-gram_in_summ": 0.32098765432098764,
        "percentage_novel_2-gram": 0.29133858267716534,
        "percentage_repeated_2-gram_in_summ": 0.09448818897637795,
        "percentage_novel_3-gram": 0.5620437956204379,
        "percentage_repeated_3-gram_in_summ": 0.014598540145985401
    }
}