{
    "DataStats": {
        "coverage": 0.9,
        "density": 2.546153846153846,
        "compression": 54.08461538461538,
        "summary_length": 130.0,
        "percentage_novel_1-gram": 0.18292682926829268,
        "percentage_repeated_1-gram_in_summ": 0.2682926829268293,
        "percentage_novel_2-gram": 0.45081967213114754,
        "percentage_repeated_2-gram_in_summ": 0.04918032786885246,
        "percentage_novel_3-gram": 0.7222222222222222,
        "percentage_repeated_3-gram_in_summ": 0.015873015873015872
    }
}