{
    "DataStats": {
        "coverage": 0.9113924050632911,
        "density": 2.6582278481012658,
        "compression": 19.27848101265823,
        "summary_length": 158.0,
        "percentage_novel_1-gram": 0.15789473684210525,
        "percentage_repeated_1-gram_in_summ": 0.21052631578947367,
        "percentage_novel_2-gram": 0.5448275862068965,
        "percentage_repeated_2-gram_in_summ": 0.06206896551724138,
        "percentage_novel_3-gram": 0.7741935483870968,
        "percentage_repeated_3-gram_in_summ": 0.0064516129032258064
    }
}