{
    "DataStats": {
        "coverage": 0.9064748201438849,
        "density": 2.5179856115107913,
        "compression": 39.46762589928058,
        "summary_length": 139.0,
        "percentage_novel_1-gram": 0.15853658536585366,
        "percentage_repeated_1-gram_in_summ": 0.24390243902439024,
        "percentage_novel_2-gram": 0.45454545454545453,
        "percentage_repeated_2-gram_in_summ": 0.030303030303030304,
        "percentage_novel_3-gram": 0.7445255474452555,
        "percentage_repeated_3-gram_in_summ": 0.0
    }
}