{
    "DataStats": {
        "coverage": 0.8894230769230769,
        "density": 3.0048076923076925,
        "compression": 20.091346153846153,
        "summary_length": 208.0,
        "percentage_novel_1-gram": 0.21100917431192662,
        "percentage_repeated_1-gram_in_summ": 0.30275229357798167,
        "percentage_novel_2-gram": 0.5111111111111111,
        "percentage_repeated_2-gram_in_summ": 0.10555555555555556,
        "percentage_novel_3-gram": 0.7035175879396985,
        "percentage_repeated_3-gram_in_summ": 0.035175879396984924
    }
}