{
    "DataStats": {
        "coverage": 0.9172932330827067,
        "density": 2.300751879699248,
        "compression": 41.56390977443609,
        "summary_length": 133.0,
        "percentage_novel_1-gram": 0.14084507042253522,
        "percentage_repeated_1-gram_in_summ": 0.38028169014084506,
        "percentage_novel_2-gram": 0.5391304347826087,
        "percentage_repeated_2-gram_in_summ": 0.09565217391304348,
        "percentage_novel_3-gram": 0.7903225806451613,
        "percentage_repeated_3-gram_in_summ": 0.04032258064516129
    }
}