{
    "DataStats": {
        "coverage": 0.9103448275862069,
        "density": 2.524137931034483,
        "compression": 28.544827586206896,
        "summary_length": 145.0,
        "percentage_novel_1-gram": 0.18292682926829268,
        "percentage_repeated_1-gram_in_summ": 0.25609756097560976,
        "percentage_novel_2-gram": 0.5488721804511278,
        "percentage_repeated_2-gram_in_summ": 0.05263157894736842,
        "percentage_novel_3-gram": 0.8214285714285714,
        "percentage_repeated_3-gram_in_summ": 0.014285714285714285
    }
}