{
    "DataStats": {
        "coverage": 0.9473684210526315,
        "density": 2.6578947368421053,
        "compression": 25.789473684210527,
        "summary_length": 152.0,
        "percentage_novel_1-gram": 0.09574468085106383,
        "percentage_repeated_1-gram_in_summ": 0.26595744680851063,
        "percentage_novel_2-gram": 0.5214285714285715,
        "percentage_repeated_2-gram_in_summ": 0.06428571428571428,
        "percentage_novel_3-gram": 0.7449664429530202,
        "percentage_repeated_3-gram_in_summ": 0.006711409395973154
    }
}