{
    "DataStats": {
        "coverage": 0.9579439252336449,
        "density": 3.3411214953271027,
        "compression": 31.44392523364486,
        "summary_length": 214.0,
        "percentage_novel_1-gram": 0.08108108108108109,
        "percentage_repeated_1-gram_in_summ": 0.36936936936936937,
        "percentage_novel_2-gram": 0.36666666666666664,
        "percentage_repeated_2-gram_in_summ": 0.12777777777777777,
        "percentage_novel_3-gram": 0.624390243902439,
        "percentage_repeated_3-gram_in_summ": 0.02926829268292683
    }
}