{
    "DataStats": {
        "coverage": 0.8672566371681416,
        "density": 2.920353982300885,
        "compression": 37.83185840707964,
        "summary_length": 113.0,
        "percentage_novel_1-gram": 0.21428571428571427,
        "percentage_repeated_1-gram_in_summ": 0.24285714285714285,
        "percentage_novel_2-gram": 0.5050505050505051,
        "percentage_repeated_2-gram_in_summ": 0.09090909090909091,
        "percentage_novel_3-gram": 0.6972477064220184,
        "percentage_repeated_3-gram_in_summ": 0.01834862385321101
    }
}