{
    "DataStats": {
        "coverage": 0.9095238095238095,
        "density": 3.823809523809524,
        "compression": 28.714285714285715,
        "summary_length": 210.0,
        "percentage_novel_1-gram": 0.17525773195876287,
        "percentage_repeated_1-gram_in_summ": 0.32989690721649484,
        "percentage_novel_2-gram": 0.4911242603550296,
        "percentage_repeated_2-gram_in_summ": 0.14792899408284024,
        "percentage_novel_3-gram": 0.6770833333333334,
        "percentage_repeated_3-gram_in_summ": 0.07291666666666667
    }
}