{
    "DataStats": {
        "coverage": 0.9314285714285714,
        "density": 2.7942857142857145,
        "compression": 27.97142857142857,
        "summary_length": 175.0,
        "percentage_novel_1-gram": 0.13402061855670103,
        "percentage_repeated_1-gram_in_summ": 0.21649484536082475,
        "percentage_novel_2-gram": 0.44155844155844154,
        "percentage_repeated_2-gram_in_summ": 0.08441558441558442,
        "percentage_novel_3-gram": 0.6946107784431138,
        "percentage_repeated_3-gram_in_summ": 0.03592814371257485
    }
}