{
    "DataStats": {
        "coverage": 0.9173553719008265,
        "density": 2.768595041322314,
        "compression": 26.859504132231404,
        "summary_length": 121.0,
        "percentage_novel_1-gram": 0.1506849315068493,
        "percentage_repeated_1-gram_in_summ": 0.3287671232876712,
        "percentage_novel_2-gram": 0.41818181818181815,
        "percentage_repeated_2-gram_in_summ": 0.07272727272727272,
        "percentage_novel_3-gram": 0.6551724137931034,
        "percentage_repeated_3-gram_in_summ": 0.02586206896551724
    }
}