{
    "DataStats": {
        "coverage": 0.904,
        "density": 3.672,
        "compression": 24.424,
        "summary_length": 125.0,
        "percentage_novel_1-gram": 0.1686746987951807,
        "percentage_repeated_1-gram_in_summ": 0.1927710843373494,
        "percentage_novel_2-gram": 0.40336134453781514,
        "percentage_repeated_2-gram_in_summ": 0.025210084033613446,
        "percentage_novel_3-gram": 0.6585365853658537,
        "percentage_repeated_3-gram_in_summ": 0.0
    }
}