{
    "DataStats": {
        "coverage": 0.8380952380952381,
        "density": 2.4380952380952383,
        "compression": 22.82857142857143,
        "summary_length": 105.0,
        "percentage_novel_1-gram": 0.2835820895522388,
        "percentage_repeated_1-gram_in_summ": 0.22388059701492538,
        "percentage_novel_2-gram": 0.59375,
        "percentage_repeated_2-gram_in_summ": 0.0625,
        "percentage_novel_3-gram": 0.7373737373737373,
        "percentage_repeated_3-gram_in_summ": 0.030303030303030304
    }
}