{
    "DataStats": {
        "coverage": 0.9352941176470588,
        "density": 3.523529411764706,
        "compression": 28.276470588235295,
        "summary_length": 170.0,
        "percentage_novel_1-gram": 0.11827956989247312,
        "percentage_repeated_1-gram_in_summ": 0.3225806451612903,
        "percentage_novel_2-gram": 0.3825503355704698,
        "percentage_repeated_2-gram_in_summ": 0.09395973154362416,
        "percentage_novel_3-gram": 0.6211180124223602,
        "percentage_repeated_3-gram_in_summ": 0.037267080745341616
    }
}