{
    "DataStats": {
        "coverage": 0.8601398601398601,
        "density": 2.272727272727273,
        "compression": 18.482517482517483,
        "summary_length": 143.0,
        "percentage_novel_1-gram": 0.22580645161290322,
        "percentage_repeated_1-gram_in_summ": 0.22580645161290322,
        "percentage_novel_2-gram": 0.6148148148148148,
        "percentage_repeated_2-gram_in_summ": 0.044444444444444446,
        "percentage_novel_3-gram": 0.8071428571428572,
        "percentage_repeated_3-gram_in_summ": 0.007142857142857143
    }
}