{
    "DataStats": {
        "coverage": 0.9483870967741935,
        "density": 3.1032258064516127,
        "compression": 28.638709677419357,
        "summary_length": 155.0,
        "percentage_novel_1-gram": 0.09523809523809523,
        "percentage_repeated_1-gram_in_summ": 0.35714285714285715,
        "percentage_novel_2-gram": 0.3409090909090909,
        "percentage_repeated_2-gram_in_summ": 0.1590909090909091,
        "percentage_novel_3-gram": 0.6126760563380281,
        "percentage_repeated_3-gram_in_summ": 0.07746478873239436
    }
}