{
    "DataStats": {
        "coverage": 0.9320987654320988,
        "density": 3.1296296296296298,
        "compression": 33.77160493827161,
        "summary_length": 162.0,
        "percentage_novel_1-gram": 0.13402061855670103,
        "percentage_repeated_1-gram_in_summ": 0.27835051546391754,
        "percentage_novel_2-gram": 0.4206896551724138,
        "percentage_repeated_2-gram_in_summ": 0.08275862068965517,
        "percentage_novel_3-gram": 0.6815286624203821,
        "percentage_repeated_3-gram_in_summ": 0.01910828025477707
    }
}