{
    "DataStats": {
        "coverage": 0.944,
        "density": 3.072,
        "compression": 35.52,
        "summary_length": 125.0,
        "percentage_novel_1-gram": 0.1232876712328767,
        "percentage_repeated_1-gram_in_summ": 0.3424657534246575,
        "percentage_novel_2-gram": 0.43243243243243246,
        "percentage_repeated_2-gram_in_summ": 0.07207207207207207,
        "percentage_novel_3-gram": 0.717948717948718,
        "percentage_repeated_3-gram_in_summ": 0.03418803418803419
    }
}