{
    "DataStats": {
        "coverage": 0.9217391304347826,
        "density": 3.2,
        "compression": 28.06086956521739,
        "summary_length": 115.0,
        "percentage_novel_1-gram": 0.14705882352941177,
        "percentage_repeated_1-gram_in_summ": 0.39705882352941174,
        "percentage_novel_2-gram": 0.3711340206185567,
        "percentage_repeated_2-gram_in_summ": 0.13402061855670103,
        "percentage_novel_3-gram": 0.6666666666666666,
        "percentage_repeated_3-gram_in_summ": 0.0761904761904762
    }
}