{
    "DataStats": {
        "coverage": 0.8819444444444444,
        "density": 5.020833333333333,
        "compression": 19.944444444444443,
        "summary_length": 144.0,
        "percentage_novel_1-gram": 0.17204301075268819,
        "percentage_repeated_1-gram_in_summ": 0.23655913978494625,
        "percentage_novel_2-gram": 0.48507462686567165,
        "percentage_repeated_2-gram_in_summ": 0.05970149253731343,
        "percentage_novel_3-gram": 0.6857142857142857,
        "percentage_repeated_3-gram_in_summ": 0.014285714285714285
    }
}