{
    "DataStats": {
        "coverage": 0.9533333333333334,
        "density": 2.94,
        "compression": 40.473333333333336,
        "summary_length": 150.0,
        "percentage_novel_1-gram": 0.08536585365853659,
        "percentage_repeated_1-gram_in_summ": 0.3170731707317073,
        "percentage_novel_2-gram": 0.381294964028777,
        "percentage_repeated_2-gram_in_summ": 0.06474820143884892,
        "percentage_novel_3-gram": 0.6917808219178082,
        "percentage_repeated_3-gram_in_summ": 0.0136986301369863
    }
}