{
    "DataStats": {
        "coverage": 0.924812030075188,
        "density": 3.736842105263158,
        "compression": 16.94736842105263,
        "summary_length": 133.0,
        "percentage_novel_1-gram": 0.1276595744680851,
        "percentage_repeated_1-gram_in_summ": 0.1702127659574468,
        "percentage_novel_2-gram": 0.46511627906976744,
        "percentage_repeated_2-gram_in_summ": 0.023255813953488372,
        "percentage_novel_3-gram": 0.648854961832061,
        "percentage_repeated_3-gram_in_summ": 0.0
    }
}