{
    "DataStats": {
        "coverage": 0.9260869565217391,
        "density": 2.465217391304348,
        "compression": 29.256521739130434,
        "summary_length": 230.0,
        "percentage_novel_1-gram": 0.16666666666666666,
        "percentage_repeated_1-gram_in_summ": 0.32407407407407407,
        "percentage_novel_2-gram": 0.455026455026455,
        "percentage_repeated_2-gram_in_summ": 0.1164021164021164,
        "percentage_novel_3-gram": 0.7209302325581395,
        "percentage_repeated_3-gram_in_summ": 0.04186046511627907
    }
}