{
    "DataStats": {
        "coverage": 0.8448275862068966,
        "density": 2.0,
        "compression": 26.982758620689655,
        "summary_length": 116.0,
        "percentage_novel_1-gram": 0.2345679012345679,
        "percentage_repeated_1-gram_in_summ": 0.20987654320987653,
        "percentage_novel_2-gram": 0.6846846846846847,
        "percentage_repeated_2-gram_in_summ": 0.02702702702702703,
        "percentage_novel_3-gram": 0.8849557522123894,
        "percentage_repeated_3-gram_in_summ": 0.008849557522123894
    }
}