{
    "DataStats": {
        "coverage": 0.9111969111969112,
        "density": 2.5096525096525095,
        "compression": 26.436293436293436,
        "summary_length": 259.0,
        "percentage_novel_1-gram": 0.17777777777777778,
        "percentage_repeated_1-gram_in_summ": 0.3037037037037037,
        "percentage_novel_2-gram": 0.581081081081081,
        "percentage_repeated_2-gram_in_summ": 0.11261261261261261,
        "percentage_novel_3-gram": 0.7894736842105263,
        "percentage_repeated_3-gram_in_summ": 0.03643724696356275
    }
}