{
    "DataStats": {
        "coverage": 0.9432624113475178,
        "density": 3.5815602836879434,
        "compression": 38.51063829787234,
        "summary_length": 141.0,
        "percentage_novel_1-gram": 0.11627906976744186,
        "percentage_repeated_1-gram_in_summ": 0.29069767441860467,
        "percentage_novel_2-gram": 0.4230769230769231,
        "percentage_repeated_2-gram_in_summ": 0.06923076923076923,
        "percentage_novel_3-gram": 0.6470588235294118,
        "percentage_repeated_3-gram_in_summ": 0.022058823529411766
    }
}