{
    "DataStats": {
        "coverage": 0.9427312775330396,
        "density": 2.2202643171806167,
        "compression": 24.13215859030837,
        "summary_length": 227.0,
        "percentage_novel_1-gram": 0.12307692307692308,
        "percentage_repeated_1-gram_in_summ": 0.2923076923076923,
        "percentage_novel_2-gram": 0.6059113300492611,
        "percentage_repeated_2-gram_in_summ": 0.08866995073891626,
        "percentage_novel_3-gram": 0.8715596330275229,
        "percentage_repeated_3-gram_in_summ": 0.03211009174311927
    }
}