{
    "DataStats": {
        "coverage": 0.8170731707317073,
        "density": 1.951219512195122,
        "compression": 18.926829268292682,
        "summary_length": 164.0,
        "percentage_novel_1-gram": 0.2708333333333333,
        "percentage_repeated_1-gram_in_summ": 0.25,
        "percentage_novel_2-gram": 0.6824324324324325,
        "percentage_repeated_2-gram_in_summ": 0.08108108108108109,
        "percentage_novel_3-gram": 0.8860759493670886,
        "percentage_repeated_3-gram_in_summ": 0.0189873417721519
    }
}