{
    "DataStats": {
        "coverage": 0.8990825688073395,
        "density": 2.238532110091743,
        "compression": 13.577981651376147,
        "summary_length": 327.0,
        "percentage_novel_1-gram": 0.20496894409937888,
        "percentage_repeated_1-gram_in_summ": 0.3105590062111801,
        "percentage_novel_2-gram": 0.6267605633802817,
        "percentage_repeated_2-gram_in_summ": 0.08098591549295775,
        "percentage_novel_3-gram": 0.8311688311688312,
        "percentage_repeated_3-gram_in_summ": 0.03896103896103896
    }
}