{
    "DataStats": {
        "coverage": 0.8778625954198473,
        "density": 2.9083969465648853,
        "compression": 54.80916030534351,
        "summary_length": 131.0,
        "percentage_novel_1-gram": 0.21951219512195122,
        "percentage_repeated_1-gram_in_summ": 0.21951219512195122,
        "percentage_novel_2-gram": 0.512396694214876,
        "percentage_repeated_2-gram_in_summ": 0.05785123966942149,
        "percentage_novel_3-gram": 0.7619047619047619,
        "percentage_repeated_3-gram_in_summ": 0.023809523809523808
    }
}