{
    "DataStats": {
        "coverage": 0.9128440366972477,
        "density": 3.802752293577982,
        "compression": 15.646788990825687,
        "summary_length": 218.0,
        "percentage_novel_1-gram": 0.16296296296296298,
        "percentage_repeated_1-gram_in_summ": 0.21481481481481482,
        "percentage_novel_2-gram": 0.4682926829268293,
        "percentage_repeated_2-gram_in_summ": 0.04390243902439024,
        "percentage_novel_3-gram": 0.6990740740740741,
        "percentage_repeated_3-gram_in_summ": 0.0
    }
}