{
    "DataStats": {
        "coverage": 0.8994413407821229,
        "density": 2.1508379888268156,
        "compression": 25.910614525139664,
        "summary_length": 179.0,
        "percentage_novel_1-gram": 0.18446601941747573,
        "percentage_repeated_1-gram_in_summ": 0.2621359223300971,
        "percentage_novel_2-gram": 0.573170731707317,
        "percentage_repeated_2-gram_in_summ": 0.07317073170731707,
        "percentage_novel_3-gram": 0.8265895953757225,
        "percentage_repeated_3-gram_in_summ": 0.023121387283236993
    }
}