{
    "DataStats": {
        "coverage": 0.8759124087591241,
        "density": 2.0,
        "compression": 31.744525547445257,
        "summary_length": 137.0,
        "percentage_novel_1-gram": 0.2127659574468085,
        "percentage_repeated_1-gram_in_summ": 0.23404255319148937,
        "percentage_novel_2-gram": 0.626984126984127,
        "percentage_repeated_2-gram_in_summ": 0.06349206349206349,
        "percentage_novel_3-gram": 0.8320610687022901,
        "percentage_repeated_3-gram_in_summ": 0.022900763358778626
    }
}