{
    "DataStats": {
        "coverage": 0.9057591623036649,
        "density": 2.099476439790576,
        "compression": 36.53403141361257,
        "summary_length": 191.0,
        "percentage_novel_1-gram": 0.16494845360824742,
        "percentage_repeated_1-gram_in_summ": 0.38144329896907214,
        "percentage_novel_2-gram": 0.55625,
        "percentage_repeated_2-gram_in_summ": 0.14375,
        "percentage_novel_3-gram": 0.8125,
        "percentage_repeated_3-gram_in_summ": 0.0625
    }
}