{
    "DataStats": {
        "coverage": 0.8952879581151832,
        "density": 1.9842931937172774,
        "compression": 24.05759162303665,
        "summary_length": 191.0,
        "percentage_novel_1-gram": 0.18,
        "percentage_repeated_1-gram_in_summ": 0.32,
        "percentage_novel_2-gram": 0.639751552795031,
        "percentage_repeated_2-gram_in_summ": 0.12422360248447205,
        "percentage_novel_3-gram": 0.8693181818181818,
        "percentage_repeated_3-gram_in_summ": 0.0625
    }
}