{
    "DataStats": {
        "coverage": 0.8958333333333334,
        "density": 2.3680555555555554,
        "compression": 27.833333333333332,
        "summary_length": 144.0,
        "percentage_novel_1-gram": 0.19387755102040816,
        "percentage_repeated_1-gram_in_summ": 0.22448979591836735,
        "percentage_novel_2-gram": 0.5251798561151079,
        "percentage_repeated_2-gram_in_summ": 0.02877697841726619,
        "percentage_novel_3-gram": 0.795774647887324,
        "percentage_repeated_3-gram_in_summ": 0.0
    }
}