{
    "DataStats": {
        "coverage": 0.9166666666666666,
        "density": 2.759259259259259,
        "compression": 33.56944444444444,
        "summary_length": 216.0,
        "percentage_novel_1-gram": 0.12121212121212122,
        "percentage_repeated_1-gram_in_summ": 0.41414141414141414,
        "percentage_novel_2-gram": 0.4745762711864407,
        "percentage_repeated_2-gram_in_summ": 0.15819209039548024,
        "percentage_novel_3-gram": 0.75,
        "percentage_repeated_3-gram_in_summ": 0.065
    }
}