{
    "DataStats": {
        "coverage": 0.892,
        "density": 2.508,
        "compression": 21.956,
        "summary_length": 250.0,
        "percentage_novel_1-gram": 0.22950819672131148,
        "percentage_repeated_1-gram_in_summ": 0.23770491803278687,
        "percentage_novel_2-gram": 0.5560975609756098,
        "percentage_repeated_2-gram_in_summ": 0.12195121951219512,
        "percentage_novel_3-gram": 0.8043478260869565,
        "percentage_repeated_3-gram_in_summ": 0.04782608695652174
    }
}