{
    "DataStats": {
        "coverage": 0.8988095238095238,
        "density": 2.3392857142857144,
        "compression": 32.095238095238095,
        "summary_length": 168.0,
        "percentage_novel_1-gram": 0.16666666666666666,
        "percentage_repeated_1-gram_in_summ": 0.3020833333333333,
        "percentage_novel_2-gram": 0.538961038961039,
        "percentage_repeated_2-gram_in_summ": 0.07792207792207792,
        "percentage_novel_3-gram": 0.808641975308642,
        "percentage_repeated_3-gram_in_summ": 0.024691358024691357
    }
}