{
    "DataStats": {
        "coverage": 0.9098360655737705,
        "density": 2.9754098360655736,
        "compression": 15.295081967213115,
        "summary_length": 244.0,
        "percentage_novel_1-gram": 0.19230769230769232,
        "percentage_repeated_1-gram_in_summ": 0.2846153846153846,
        "percentage_novel_2-gram": 0.5539906103286385,
        "percentage_repeated_2-gram_in_summ": 0.0892018779342723,
        "percentage_novel_3-gram": 0.774468085106383,
        "percentage_repeated_3-gram_in_summ": 0.02553191489361702
    }
}