{
    "DataStats": {
        "coverage": 0.8533333333333334,
        "density": 2.7733333333333334,
        "compression": 22.153333333333332,
        "summary_length": 150.0,
        "percentage_novel_1-gram": 0.2441860465116279,
        "percentage_repeated_1-gram_in_summ": 0.36046511627906974,
        "percentage_novel_2-gram": 0.5833333333333334,
        "percentage_repeated_2-gram_in_summ": 0.10606060606060606,
        "percentage_novel_3-gram": 0.8206896551724138,
        "percentage_repeated_3-gram_in_summ": 0.020689655172413793
    }
}