{
    "DataStats": {
        "coverage": 0.9135802469135802,
        "density": 2.3209876543209877,
        "compression": 32.39506172839506,
        "summary_length": 162.0,
        "percentage_novel_1-gram": 0.13541666666666666,
        "percentage_repeated_1-gram_in_summ": 0.3333333333333333,
        "percentage_novel_2-gram": 0.577922077922078,
        "percentage_repeated_2-gram_in_summ": 0.045454545454545456,
        "percentage_novel_3-gram": 0.8375,
        "percentage_repeated_3-gram_in_summ": 0.0
    }
}