{
    "DataStats": {
        "coverage": 0.7678571428571429,
        "density": 2.4642857142857144,
        "compression": 21.401785714285715,
        "summary_length": 112.0,
        "percentage_novel_1-gram": 0.30864197530864196,
        "percentage_repeated_1-gram_in_summ": 0.2222222222222222,
        "percentage_novel_2-gram": 0.6037735849056604,
        "percentage_repeated_2-gram_in_summ": 0.04716981132075472,
        "percentage_novel_3-gram": 0.7777777777777778,
        "percentage_repeated_3-gram_in_summ": 0.018518518518518517
    }
}