{
    "DataStats": {
        "coverage": 0.8535564853556485,
        "density": 3.0292887029288704,
        "compression": 25.230125523012553,
        "summary_length": 239.0,
        "percentage_novel_1-gram": 0.27350427350427353,
        "percentage_repeated_1-gram_in_summ": 0.3162393162393162,
        "percentage_novel_2-gram": 0.5870646766169154,
        "percentage_repeated_2-gram_in_summ": 0.0845771144278607,
        "percentage_novel_3-gram": 0.783410138248848,
        "percentage_repeated_3-gram_in_summ": 0.05069124423963134
    }
}