{
    "DataStats": {
        "coverage": 0.8552036199095022,
        "density": 1.8868778280542986,
        "compression": 23.470588235294116,
        "summary_length": 221.0,
        "percentage_novel_1-gram": 0.23636363636363636,
        "percentage_repeated_1-gram_in_summ": 0.37272727272727274,
        "percentage_novel_2-gram": 0.6071428571428571,
        "percentage_repeated_2-gram_in_summ": 0.08673469387755102,
        "percentage_novel_3-gram": 0.8644859813084113,
        "percentage_repeated_3-gram_in_summ": 0.02336448598130841
    }
}