{
    "DataStats": {
        "coverage": 0.8260869565217391,
        "density": 2.3333333333333335,
        "compression": 17.6231884057971,
        "summary_length": 276.0,
        "percentage_novel_1-gram": 0.3096774193548387,
        "percentage_repeated_1-gram_in_summ": 0.2645161290322581,
        "percentage_novel_2-gram": 0.6403162055335968,
        "percentage_repeated_2-gram_in_summ": 0.06324110671936758,
        "percentage_novel_3-gram": 0.8141263940520446,
        "percentage_repeated_3-gram_in_summ": 0.01486988847583643
    }
}