{
    "DataStats": {
        "coverage": 0.8606060606060606,
        "density": 1.7575757575757576,
        "compression": 26.793939393939393,
        "summary_length": 165.0,
        "percentage_novel_1-gram": 0.2,
        "percentage_repeated_1-gram_in_summ": 0.3111111111111111,
        "percentage_novel_2-gram": 0.6312056737588653,
        "percentage_repeated_2-gram_in_summ": 0.1276595744680851,
        "percentage_novel_3-gram": 0.8662420382165605,
        "percentage_repeated_3-gram_in_summ": 0.03184713375796178
    }
}