{
    "DataStats": {
        "coverage": 0.8837209302325582,
        "density": 2.1744186046511627,
        "compression": 22.790697674418606,
        "summary_length": 172.0,
        "percentage_novel_1-gram": 0.2037037037037037,
        "percentage_repeated_1-gram_in_summ": 0.21296296296296297,
        "percentage_novel_2-gram": 0.5796178343949044,
        "percentage_repeated_2-gram_in_summ": 0.050955414012738856,
        "percentage_novel_3-gram": 0.8313253012048193,
        "percentage_repeated_3-gram_in_summ": 0.012048192771084338
    }
}