{
    "DataStats": {
        "coverage": 0.861244019138756,
        "density": 2.0956937799043063,
        "compression": 18.818181818181817,
        "summary_length": 209.0,
        "percentage_novel_1-gram": 0.22857142857142856,
        "percentage_repeated_1-gram_in_summ": 0.3238095238095238,
        "percentage_novel_2-gram": 0.6046511627906976,
        "percentage_repeated_2-gram_in_summ": 0.1569767441860465,
        "percentage_novel_3-gram": 0.8461538461538461,
        "percentage_repeated_3-gram_in_summ": 0.05128205128205128
    }
}