{
    "DataStats": {
        "coverage": 0.875,
        "density": 2.53125,
        "compression": 28.791666666666668,
        "summary_length": 192.0,
        "percentage_novel_1-gram": 0.20952380952380953,
        "percentage_repeated_1-gram_in_summ": 0.23809523809523808,
        "percentage_novel_2-gram": 0.5523255813953488,
        "percentage_repeated_2-gram_in_summ": 0.08139534883720931,
        "percentage_novel_3-gram": 0.7956989247311828,
        "percentage_repeated_3-gram_in_summ": 0.021505376344086023
    }
}