{
    "DataStats": {
        "coverage": 0.945273631840796,
        "density": 4.298507462686567,
        "compression": 16.611940298507463,
        "summary_length": 201.0,
        "percentage_novel_1-gram": 0.10743801652892562,
        "percentage_repeated_1-gram_in_summ": 0.2231404958677686,
        "percentage_novel_2-gram": 0.3837837837837838,
        "percentage_repeated_2-gram_in_summ": 0.07027027027027027,
        "percentage_novel_3-gram": 0.5989583333333334,
        "percentage_repeated_3-gram_in_summ": 0.03125
    }
}