{
    "DataStats": {
        "coverage": 0.9259259259259259,
        "density": 2.3703703703703702,
        "compression": 20.425925925925927,
        "summary_length": 108.0,
        "percentage_novel_1-gram": 0.15,
        "percentage_repeated_1-gram_in_summ": 0.1375,
        "percentage_novel_2-gram": 0.6132075471698113,
        "percentage_repeated_2-gram_in_summ": 0.009433962264150943,
        "percentage_novel_3-gram": 0.8301886792452831,
        "percentage_repeated_3-gram_in_summ": 0.0
    }
}