{
    "DataStats": {
        "coverage": 0.8897058823529411,
        "density": 2.463235294117647,
        "compression": 19.433823529411764,
        "summary_length": 136.0,
        "percentage_novel_1-gram": 0.1728395061728395,
        "percentage_repeated_1-gram_in_summ": 0.30864197530864196,
        "percentage_novel_2-gram": 0.5634920634920635,
        "percentage_repeated_2-gram_in_summ": 0.06349206349206349,
        "percentage_novel_3-gram": 0.7669172932330827,
        "percentage_repeated_3-gram_in_summ": 0.007518796992481203
    }
}