{
    "DataStats": {
        "coverage": 0.9166666666666666,
        "density": 3.212962962962963,
        "compression": 20.651234567901234,
        "summary_length": 324.0,
        "percentage_novel_1-gram": 0.1348314606741573,
        "percentage_repeated_1-gram_in_summ": 0.2808988764044944,
        "percentage_novel_2-gram": 0.4797297297297297,
        "percentage_repeated_2-gram_in_summ": 0.060810810810810814,
        "percentage_novel_3-gram": 0.7554858934169278,
        "percentage_repeated_3-gram_in_summ": 0.009404388714733543
    }
}