{
    "DataStats": {
        "coverage": 0.907051282051282,
        "density": 2.8685897435897436,
        "compression": 19.03525641025641,
        "summary_length": 312.0,
        "percentage_novel_1-gram": 0.1736111111111111,
        "percentage_repeated_1-gram_in_summ": 0.3680555555555556,
        "percentage_novel_2-gram": 0.4312267657992565,
        "percentage_repeated_2-gram_in_summ": 0.11895910780669144,
        "percentage_novel_3-gram": 0.7233333333333334,
        "percentage_repeated_3-gram_in_summ": 0.02666666666666667
    }
}