{
    "DataStats": {
        "coverage": 0.8659217877094972,
        "density": 2.474860335195531,
        "compression": 24.35195530726257,
        "summary_length": 179.0,
        "percentage_novel_1-gram": 0.21100917431192662,
        "percentage_repeated_1-gram_in_summ": 0.26605504587155965,
        "percentage_novel_2-gram": 0.5714285714285714,
        "percentage_repeated_2-gram_in_summ": 0.05952380952380952,
        "percentage_novel_3-gram": 0.8,
        "percentage_repeated_3-gram_in_summ": 0.011428571428571429
    }
}