{
    "DataStats": {
        "coverage": 0.8898678414096917,
        "density": 2.898678414096916,
        "compression": 30.09691629955947,
        "summary_length": 227.0,
        "percentage_novel_1-gram": 0.17757009345794392,
        "percentage_repeated_1-gram_in_summ": 0.38317757009345793,
        "percentage_novel_2-gram": 0.44385026737967914,
        "percentage_repeated_2-gram_in_summ": 0.15508021390374332,
        "percentage_novel_3-gram": 0.7009345794392523,
        "percentage_repeated_3-gram_in_summ": 0.037383177570093455
    }
}