{
    "DataStats": {
        "coverage": 0.8388429752066116,
        "density": 2.0702479338842976,
        "compression": 11.148760330578513,
        "summary_length": 242.0,
        "percentage_novel_1-gram": 0.28888888888888886,
        "percentage_repeated_1-gram_in_summ": 0.2740740740740741,
        "percentage_novel_2-gram": 0.6681614349775785,
        "percentage_repeated_2-gram_in_summ": 0.053811659192825115,
        "percentage_novel_3-gram": 0.8669527896995708,
        "percentage_repeated_3-gram_in_summ": 0.02575107296137339
    }
}