{
    "DataStats": {
        "coverage": 0.8874172185430463,
        "density": 3.033112582781457,
        "compression": 18.05960264900662,
        "summary_length": 151.0,
        "percentage_novel_1-gram": 0.18604651162790697,
        "percentage_repeated_1-gram_in_summ": 0.313953488372093,
        "percentage_novel_2-gram": 0.45454545454545453,
        "percentage_repeated_2-gram_in_summ": 0.12121212121212122,
        "percentage_novel_3-gram": 0.6896551724137931,
        "percentage_repeated_3-gram_in_summ": 0.027586206896551724
    }
}