{
    "DataStats": {
        "coverage": 0.8322981366459627,
        "density": 1.9006211180124224,
        "compression": 27.5527950310559,
        "summary_length": 161.0,
        "percentage_novel_1-gram": 0.2978723404255319,
        "percentage_repeated_1-gram_in_summ": 0.2765957446808511,
        "percentage_novel_2-gram": 0.6643835616438356,
        "percentage_repeated_2-gram_in_summ": 0.06164383561643835,
        "percentage_novel_3-gram": 0.8653846153846154,
        "percentage_repeated_3-gram_in_summ": 0.019230769230769232
    }
}