{
    "DataStats": {
        "coverage": 0.8587570621468926,
        "density": 2.2937853107344632,
        "compression": 25.07909604519774,
        "summary_length": 177.0,
        "percentage_novel_1-gram": 0.2524271844660194,
        "percentage_repeated_1-gram_in_summ": 0.30097087378640774,
        "percentage_novel_2-gram": 0.5705521472392638,
        "percentage_repeated_2-gram_in_summ": 0.0736196319018405,
        "percentage_novel_3-gram": 0.7965116279069767,
        "percentage_repeated_3-gram_in_summ": 0.01744186046511628
    }
}