{
    "DataStats": {
        "coverage": 0.8571428571428571,
        "density": 2.193877551020408,
        "compression": 13.903061224489797,
        "summary_length": 196.0,
        "percentage_novel_1-gram": 0.2857142857142857,
        "percentage_repeated_1-gram_in_summ": 0.2857142857142857,
        "percentage_novel_2-gram": 0.6242774566473989,
        "percentage_repeated_2-gram_in_summ": 0.08092485549132948,
        "percentage_novel_3-gram": 0.7967914438502673,
        "percentage_repeated_3-gram_in_summ": 0.026737967914438502
    }
}