{
    "DataStats": {
        "coverage": 0.8994082840236687,
        "density": 3.526627218934911,
        "compression": 28.49112426035503,
        "summary_length": 169.0,
        "percentage_novel_1-gram": 0.15,
        "percentage_repeated_1-gram_in_summ": 0.25,
        "percentage_novel_2-gram": 0.4645161290322581,
        "percentage_repeated_2-gram_in_summ": 0.07096774193548387,
        "percentage_novel_3-gram": 0.6848484848484848,
        "percentage_repeated_3-gram_in_summ": 0.012121212121212121
    }
}