{
    "DataStats": {
        "coverage": 0.867816091954023,
        "density": 1.9597701149425288,
        "compression": 19.126436781609197,
        "summary_length": 174.0,
        "percentage_novel_1-gram": 0.2358490566037736,
        "percentage_repeated_1-gram_in_summ": 0.27358490566037735,
        "percentage_novel_2-gram": 0.6666666666666666,
        "percentage_repeated_2-gram_in_summ": 0.08974358974358974,
        "percentage_novel_3-gram": 0.8795180722891566,
        "percentage_repeated_3-gram_in_summ": 0.03614457831325301
    }
}