{
    "DataStats": {
        "coverage": 0.8465909090909091,
        "density": 2.278409090909091,
        "compression": 20.494318181818183,
        "summary_length": 176.0,
        "percentage_novel_1-gram": 0.2222222222222222,
        "percentage_repeated_1-gram_in_summ": 0.19658119658119658,
        "percentage_novel_2-gram": 0.5783132530120482,
        "percentage_repeated_2-gram_in_summ": 0.04819277108433735,
        "percentage_novel_3-gram": 0.8294117647058824,
        "percentage_repeated_3-gram_in_summ": 0.023529411764705882
    }
}