{
    "DataStats": {
        "coverage": 0.9431818181818182,
        "density": 2.272727272727273,
        "compression": 13.914772727272727,
        "summary_length": 176.0,
        "percentage_novel_1-gram": 0.13402061855670103,
        "percentage_repeated_1-gram_in_summ": 0.27835051546391754,
        "percentage_novel_2-gram": 0.525974025974026,
        "percentage_repeated_2-gram_in_summ": 0.06493506493506493,
        "percentage_novel_3-gram": 0.803680981595092,
        "percentage_repeated_3-gram_in_summ": 0.03067484662576687
    }
}