{
    "DataStats": {
        "coverage": 0.8789237668161435,
        "density": 1.9730941704035874,
        "compression": 13.659192825112108,
        "summary_length": 223.0,
        "percentage_novel_1-gram": 0.20714285714285716,
        "percentage_repeated_1-gram_in_summ": 0.18571428571428572,
        "percentage_novel_2-gram": 0.6095238095238096,
        "percentage_repeated_2-gram_in_summ": 0.03333333333333333,
        "percentage_novel_3-gram": 0.85,
        "percentage_repeated_3-gram_in_summ": 0.004545454545454545
    }
}