{
    "DataStats": {
        "coverage": 0.9078947368421053,
        "density": 2.276315789473684,
        "compression": 24.67763157894737,
        "summary_length": 152.0,
        "percentage_novel_1-gram": 0.16842105263157894,
        "percentage_repeated_1-gram_in_summ": 0.24210526315789474,
        "percentage_novel_2-gram": 0.5034965034965035,
        "percentage_repeated_2-gram_in_summ": 0.04895104895104895,
        "percentage_novel_3-gram": 0.7651006711409396,
        "percentage_repeated_3-gram_in_summ": 0.006711409395973154
    }
}