{
    "DataStats": {
        "coverage": 0.9386503067484663,
        "density": 3.588957055214724,
        "compression": 28.43558282208589,
        "summary_length": 163.0,
        "percentage_novel_1-gram": 0.10101010101010101,
        "percentage_repeated_1-gram_in_summ": 0.24242424242424243,
        "percentage_novel_2-gram": 0.3959731543624161,
        "percentage_repeated_2-gram_in_summ": 0.0738255033557047,
        "percentage_novel_3-gram": 0.7044025157232704,
        "percentage_repeated_3-gram_in_summ": 0.006289308176100629
    }
}