{
    "DataStats": {
        "coverage": 0.8814432989690721,
        "density": 2.4381443298969074,
        "compression": 32.98453608247423,
        "summary_length": 194.0,
        "percentage_novel_1-gram": 0.1891891891891892,
        "percentage_repeated_1-gram_in_summ": 0.2702702702702703,
        "percentage_novel_2-gram": 0.5789473684210527,
        "percentage_repeated_2-gram_in_summ": 0.0935672514619883,
        "percentage_novel_3-gram": 0.8152173913043478,
        "percentage_repeated_3-gram_in_summ": 0.03260869565217391
    }
}