{
    "DataStats": {
        "coverage": 0.9014778325123153,
        "density": 2.3596059113300494,
        "compression": 34.635467980295566,
        "summary_length": 203.0,
        "percentage_novel_1-gram": 0.17391304347826086,
        "percentage_repeated_1-gram_in_summ": 0.2782608695652174,
        "percentage_novel_2-gram": 0.48936170212765956,
        "percentage_repeated_2-gram_in_summ": 0.06382978723404255,
        "percentage_novel_3-gram": 0.7878787878787878,
        "percentage_repeated_3-gram_in_summ": 0.015151515151515152
    }
}