{
    "DataStats": {
        "coverage": 0.9523809523809523,
        "density": 5.129251700680272,
        "compression": 19.537414965986393,
        "summary_length": 147.0,
        "percentage_novel_1-gram": 0.07368421052631578,
        "percentage_repeated_1-gram_in_summ": 0.22105263157894736,
        "percentage_novel_2-gram": 0.4492753623188406,
        "percentage_repeated_2-gram_in_summ": 0.057971014492753624,
        "percentage_novel_3-gram": 0.6853146853146853,
        "percentage_repeated_3-gram_in_summ": 0.013986013986013986
    }
}