{
    "DataStats": {
        "coverage": 0.9080459770114943,
        "density": 2.2988505747126435,
        "compression": 39.02873563218391,
        "summary_length": 174.0,
        "percentage_novel_1-gram": 0.15053763440860216,
        "percentage_repeated_1-gram_in_summ": 0.27956989247311825,
        "percentage_novel_2-gram": 0.5165562913907285,
        "percentage_repeated_2-gram_in_summ": 0.11258278145695365,
        "percentage_novel_3-gram": 0.7904191616766467,
        "percentage_repeated_3-gram_in_summ": 0.029940119760479042
    }
}