{
    "DataStats": {
        "coverage": 0.8888888888888888,
        "density": 2.0694444444444446,
        "compression": 21.930555555555557,
        "summary_length": 144.0,
        "percentage_novel_1-gram": 0.16666666666666666,
        "percentage_repeated_1-gram_in_summ": 0.32142857142857145,
        "percentage_novel_2-gram": 0.5546875,
        "percentage_repeated_2-gram_in_summ": 0.109375,
        "percentage_novel_3-gram": 0.8394160583941606,
        "percentage_repeated_3-gram_in_summ": 0.0364963503649635
    }
}