{
    "DataStats": {
        "coverage": 0.8527918781725888,
        "density": 2.1218274111675126,
        "compression": 19.091370558375633,
        "summary_length": 197.0,
        "percentage_novel_1-gram": 0.25,
        "percentage_repeated_1-gram_in_summ": 0.275,
        "percentage_novel_2-gram": 0.6404494382022472,
        "percentage_repeated_2-gram_in_summ": 0.06741573033707865,
        "percentage_novel_3-gram": 0.8263157894736842,
        "percentage_repeated_3-gram_in_summ": 0.015789473684210527
    }
}