{
    "DataStats": {
        "coverage": 0.8535353535353535,
        "density": 1.6919191919191918,
        "compression": 27.803030303030305,
        "summary_length": 198.0,
        "percentage_novel_1-gram": 0.2169811320754717,
        "percentage_repeated_1-gram_in_summ": 0.27358490566037735,
        "percentage_novel_2-gram": 0.6457142857142857,
        "percentage_repeated_2-gram_in_summ": 0.08,
        "percentage_novel_3-gram": 0.900523560209424,
        "percentage_repeated_3-gram_in_summ": 0.015706806282722512
    }
}