{
    "DataStats": {
        "coverage": 0.9260700389105059,
        "density": 3.237354085603113,
        "compression": 18.653696498054476,
        "summary_length": 257.0,
        "percentage_novel_1-gram": 0.11971830985915492,
        "percentage_repeated_1-gram_in_summ": 0.323943661971831,
        "percentage_novel_2-gram": 0.4782608695652174,
        "percentage_repeated_2-gram_in_summ": 0.09565217391304348,
        "percentage_novel_3-gram": 0.7283950617283951,
        "percentage_repeated_3-gram_in_summ": 0.04938271604938271
    }
}