{
    "DataStats": {
        "coverage": 0.872093023255814,
        "density": 2.127906976744186,
        "compression": 20.16860465116279,
        "summary_length": 172.0,
        "percentage_novel_1-gram": 0.21238938053097345,
        "percentage_repeated_1-gram_in_summ": 0.24778761061946902,
        "percentage_novel_2-gram": 0.5900621118012422,
        "percentage_repeated_2-gram_in_summ": 0.049689440993788817,
        "percentage_novel_3-gram": 0.8214285714285714,
        "percentage_repeated_3-gram_in_summ": 0.005952380952380952
    }
}