{
    "DataStats": {
        "coverage": 0.8909090909090909,
        "density": 2.5272727272727273,
        "compression": 25.327272727272728,
        "summary_length": 165.0,
        "percentage_novel_1-gram": 0.2111111111111111,
        "percentage_repeated_1-gram_in_summ": 0.2777777777777778,
        "percentage_novel_2-gram": 0.5539568345323741,
        "percentage_repeated_2-gram_in_summ": 0.1079136690647482,
        "percentage_novel_3-gram": 0.7843137254901961,
        "percentage_repeated_3-gram_in_summ": 0.0457516339869281
    }
}