{
    "DataStats": {
        "coverage": 0.8770053475935828,
        "density": 3.0053475935828877,
        "compression": 25.871657754010695,
        "summary_length": 187.0,
        "percentage_novel_1-gram": 0.2018348623853211,
        "percentage_repeated_1-gram_in_summ": 0.27522935779816515,
        "percentage_novel_2-gram": 0.4943181818181818,
        "percentage_repeated_2-gram_in_summ": 0.045454545454545456,
        "percentage_novel_3-gram": 0.7065217391304348,
        "percentage_repeated_3-gram_in_summ": 0.005434782608695652
    }
}