{
    "DataStats": {
        "coverage": 0.9313725490196079,
        "density": 3.9705882352941178,
        "compression": 22.887254901960784,
        "summary_length": 204.0,
        "percentage_novel_1-gram": 0.12173913043478261,
        "percentage_repeated_1-gram_in_summ": 0.26956521739130435,
        "percentage_novel_2-gram": 0.37222222222222223,
        "percentage_repeated_2-gram_in_summ": 0.10555555555555556,
        "percentage_novel_3-gram": 0.616580310880829,
        "percentage_repeated_3-gram_in_summ": 0.04145077720207254
    }
}