{
    "DataStats": {
        "coverage": 0.9511111111111111,
        "density": 5.1466666666666665,
        "compression": 20.635555555555555,
        "summary_length": 225.0,
        "percentage_novel_1-gram": 0.09090909090909091,
        "percentage_repeated_1-gram_in_summ": 0.2396694214876033,
        "percentage_novel_2-gram": 0.3695652173913043,
        "percentage_repeated_2-gram_in_summ": 0.09782608695652174,
        "percentage_novel_3-gram": 0.5870646766169154,
        "percentage_repeated_3-gram_in_summ": 0.04477611940298507
    }
}