{
    "DataStats": {
        "coverage": 0.8705882352941177,
        "density": 2.447058823529412,
        "compression": 29.7,
        "summary_length": 170.0,
        "percentage_novel_1-gram": 0.19090909090909092,
        "percentage_repeated_1-gram_in_summ": 0.19090909090909092,
        "percentage_novel_2-gram": 0.554140127388535,
        "percentage_repeated_2-gram_in_summ": 0.050955414012738856,
        "percentage_novel_3-gram": 0.774390243902439,
        "percentage_repeated_3-gram_in_summ": 0.018292682926829267
    }
}