{
    "DataStats": {
        "coverage": 0.85,
        "density": 2.307142857142857,
        "compression": 31.692857142857143,
        "summary_length": 140.0,
        "percentage_novel_1-gram": 0.24719101123595505,
        "percentage_repeated_1-gram_in_summ": 0.21348314606741572,
        "percentage_novel_2-gram": 0.5757575757575758,
        "percentage_repeated_2-gram_in_summ": 0.045454545454545456,
        "percentage_novel_3-gram": 0.8115942028985508,
        "percentage_repeated_3-gram_in_summ": 0.0
    }
}