{
    "DataStats": {
        "coverage": 0.9279538904899135,
        "density": 2.674351585014409,
        "compression": 8.789625360230547,
        "summary_length": 347.0,
        "percentage_novel_1-gram": 0.15591397849462366,
        "percentage_repeated_1-gram_in_summ": 0.27419354838709675,
        "percentage_novel_2-gram": 0.5719063545150501,
        "percentage_repeated_2-gram_in_summ": 0.12040133779264214,
        "percentage_novel_3-gram": 0.8067484662576687,
        "percentage_repeated_3-gram_in_summ": 0.05828220858895705
    }
}