{
    "DataStats": {
        "coverage": 0.9099099099099099,
        "density": 3.8018018018018016,
        "compression": 14.747747747747749,
        "summary_length": 222.0,
        "percentage_novel_1-gram": 0.16666666666666666,
        "percentage_repeated_1-gram_in_summ": 0.30701754385964913,
        "percentage_novel_2-gram": 0.39487179487179486,
        "percentage_repeated_2-gram_in_summ": 0.09230769230769231,
        "percentage_novel_3-gram": 0.5934579439252337,
        "percentage_repeated_3-gram_in_summ": 0.02336448598130841
    }
}