{
    "DataStats": {
        "coverage": 0.9076923076923077,
        "density": 2.476923076923077,
        "compression": 14.42051282051282,
        "summary_length": 195.0,
        "percentage_novel_1-gram": 0.18095238095238095,
        "percentage_repeated_1-gram_in_summ": 0.2857142857142857,
        "percentage_novel_2-gram": 0.49390243902439024,
        "percentage_repeated_2-gram_in_summ": 0.0975609756097561,
        "percentage_novel_3-gram": 0.7790055248618785,
        "percentage_repeated_3-gram_in_summ": 0.04419889502762431
    }
}