{
    "DataStats": {
        "coverage": 0.8926553672316384,
        "density": 2.1129943502824857,
        "compression": 31.231638418079097,
        "summary_length": 177.0,
        "percentage_novel_1-gram": 0.20833333333333334,
        "percentage_repeated_1-gram_in_summ": 0.3229166666666667,
        "percentage_novel_2-gram": 0.5833333333333334,
        "percentage_repeated_2-gram_in_summ": 0.11538461538461539,
        "percentage_novel_3-gram": 0.8253012048192772,
        "percentage_repeated_3-gram_in_summ": 0.05421686746987952
    }
}