{
    "DataStats": {
        "coverage": 0.8650306748466258,
        "density": 1.8957055214723926,
        "compression": 23.54601226993865,
        "summary_length": 163.0,
        "percentage_novel_1-gram": 0.2247191011235955,
        "percentage_repeated_1-gram_in_summ": 0.2696629213483146,
        "percentage_novel_2-gram": 0.5915492957746479,
        "percentage_repeated_2-gram_in_summ": 0.11267605633802817,
        "percentage_novel_3-gram": 0.8354430379746836,
        "percentage_repeated_3-gram_in_summ": 0.0189873417721519
    }
}