{
    "DataStats": {
        "coverage": 0.8577405857740585,
        "density": 2.6234309623430963,
        "compression": 24.94142259414226,
        "summary_length": 239.0,
        "percentage_novel_1-gram": 0.2796610169491525,
        "percentage_repeated_1-gram_in_summ": 0.3135593220338983,
        "percentage_novel_2-gram": 0.5707070707070707,
        "percentage_repeated_2-gram_in_summ": 0.13131313131313133,
        "percentage_novel_3-gram": 0.7566371681415929,
        "percentage_repeated_3-gram_in_summ": 0.03982300884955752
    }
}