{
    "DataStats": {
        "coverage": 0.9034090909090909,
        "density": 2.3011363636363638,
        "compression": 38.75568181818182,
        "summary_length": 176.0,
        "percentage_novel_1-gram": 0.1509433962264151,
        "percentage_repeated_1-gram_in_summ": 0.29245283018867924,
        "percentage_novel_2-gram": 0.5375,
        "percentage_repeated_2-gram_in_summ": 0.075,
        "percentage_novel_3-gram": 0.8070175438596491,
        "percentage_repeated_3-gram_in_summ": 0.017543859649122806
    }
}