{
    "DataStats": {
        "coverage": 0.8872549019607843,
        "density": 2.700980392156863,
        "compression": 36.333333333333336,
        "summary_length": 204.0,
        "percentage_novel_1-gram": 0.20512820512820512,
        "percentage_repeated_1-gram_in_summ": 0.27350427350427353,
        "percentage_novel_2-gram": 0.5783783783783784,
        "percentage_repeated_2-gram_in_summ": 0.07027027027027027,
        "percentage_novel_3-gram": 0.8102564102564103,
        "percentage_repeated_3-gram_in_summ": 0.03076923076923077
    }
}