{
    "DataStats": {
        "coverage": 0.8675496688741722,
        "density": 2.4834437086092715,
        "compression": 41.33774834437086,
        "summary_length": 151.0,
        "percentage_novel_1-gram": 0.21951219512195122,
        "percentage_repeated_1-gram_in_summ": 0.3048780487804878,
        "percentage_novel_2-gram": 0.5877862595419847,
        "percentage_repeated_2-gram_in_summ": 0.09923664122137404,
        "percentage_novel_3-gram": 0.7746478873239436,
        "percentage_repeated_3-gram_in_summ": 0.04929577464788732
    }
}