{
    "DataStats": {
        "coverage": 0.8703071672354948,
        "density": 2.0853242320819114,
        "compression": 12.542662116040956,
        "summary_length": 293.0,
        "percentage_novel_1-gram": 0.2392638036809816,
        "percentage_repeated_1-gram_in_summ": 0.2883435582822086,
        "percentage_novel_2-gram": 0.6551724137931034,
        "percentage_repeated_2-gram_in_summ": 0.09195402298850575,
        "percentage_novel_3-gram": 0.8398576512455516,
        "percentage_repeated_3-gram_in_summ": 0.03202846975088968
    }
}