{
    "DataStats": {
        "coverage": 0.9277777777777778,
        "density": 2.838888888888889,
        "compression": 37.05,
        "summary_length": 180.0,
        "percentage_novel_1-gram": 0.13131313131313133,
        "percentage_repeated_1-gram_in_summ": 0.25252525252525254,
        "percentage_novel_2-gram": 0.45569620253164556,
        "percentage_repeated_2-gram_in_summ": 0.08860759493670886,
        "percentage_novel_3-gram": 0.7225433526011561,
        "percentage_repeated_3-gram_in_summ": 0.023121387283236993
    }
}