{
    "DataStats": {
        "coverage": 0.893048128342246,
        "density": 2.4331550802139037,
        "compression": 27.20855614973262,
        "summary_length": 187.0,
        "percentage_novel_1-gram": 0.1792452830188679,
        "percentage_repeated_1-gram_in_summ": 0.25471698113207547,
        "percentage_novel_2-gram": 0.47398843930635837,
        "percentage_repeated_2-gram_in_summ": 0.06358381502890173,
        "percentage_novel_3-gram": 0.7704918032786885,
        "percentage_repeated_3-gram_in_summ": 0.01092896174863388
    }
}