{
    "DataStats": {
        "coverage": 0.9139344262295082,
        "density": 4.495901639344262,
        "compression": 22.979508196721312,
        "summary_length": 244.0,
        "percentage_novel_1-gram": 0.16521739130434782,
        "percentage_repeated_1-gram_in_summ": 0.3217391304347826,
        "percentage_novel_2-gram": 0.44711538461538464,
        "percentage_repeated_2-gram_in_summ": 0.11538461538461539,
        "percentage_novel_3-gram": 0.6883116883116883,
        "percentage_repeated_3-gram_in_summ": 0.04329004329004329
    }
}