{
    "DataStats": {
        "coverage": 0.8803827751196173,
        "density": 2.8995215311004783,
        "compression": 20.454545454545453,
        "summary_length": 209.0,
        "percentage_novel_1-gram": 0.21568627450980393,
        "percentage_repeated_1-gram_in_summ": 0.3333333333333333,
        "percentage_novel_2-gram": 0.5086705202312138,
        "percentage_repeated_2-gram_in_summ": 0.14450867052023122,
        "percentage_novel_3-gram": 0.7828282828282829,
        "percentage_repeated_3-gram_in_summ": 0.045454545454545456
    }
}