{
    "DataStats": {
        "coverage": 0.8985507246376812,
        "density": 2.3864734299516908,
        "compression": 13.772946859903382,
        "summary_length": 207.0,
        "percentage_novel_1-gram": 0.1746031746031746,
        "percentage_repeated_1-gram_in_summ": 0.2698412698412698,
        "percentage_novel_2-gram": 0.5736040609137056,
        "percentage_repeated_2-gram_in_summ": 0.03553299492385787,
        "percentage_novel_3-gram": 0.8177339901477833,
        "percentage_repeated_3-gram_in_summ": 0.009852216748768473
    }
}