{
    "DataStats": {
        "coverage": 0.890625,
        "density": 1.921875,
        "compression": 44.078125,
        "summary_length": 128.0,
        "percentage_novel_1-gram": 0.16666666666666666,
        "percentage_repeated_1-gram_in_summ": 0.28205128205128205,
        "percentage_novel_2-gram": 0.6,
        "percentage_repeated_2-gram_in_summ": 0.041666666666666664,
        "percentage_novel_3-gram": 0.8571428571428571,
        "percentage_repeated_3-gram_in_summ": 0.0
    }
}