{
    "DataStats": {
        "coverage": 0.8717948717948718,
        "density": 2.4871794871794872,
        "compression": 20.525641025641026,
        "summary_length": 156.0,
        "percentage_novel_1-gram": 0.22580645161290322,
        "percentage_repeated_1-gram_in_summ": 0.23655913978494625,
        "percentage_novel_2-gram": 0.463768115942029,
        "percentage_repeated_2-gram_in_summ": 0.07246376811594203,
        "percentage_novel_3-gram": 0.7066666666666667,
        "percentage_repeated_3-gram_in_summ": 0.02666666666666667
    }
}