{
    "DataStats": {
        "coverage": 0.9124423963133641,
        "density": 3.686635944700461,
        "compression": 19.258064516129032,
        "summary_length": 217.0,
        "percentage_novel_1-gram": 0.1953125,
        "percentage_repeated_1-gram_in_summ": 0.265625,
        "percentage_novel_2-gram": 0.5230769230769231,
        "percentage_repeated_2-gram_in_summ": 0.08205128205128205,
        "percentage_novel_3-gram": 0.7028301886792453,
        "percentage_repeated_3-gram_in_summ": 0.014150943396226415
    }
}