{
    "DataStats": {
        "coverage": 0.8932038834951457,
        "density": 3.3106796116504853,
        "compression": 32.786407766990294,
        "summary_length": 206.0,
        "percentage_novel_1-gram": 0.1951219512195122,
        "percentage_repeated_1-gram_in_summ": 0.2601626016260163,
        "percentage_novel_2-gram": 0.47368421052631576,
        "percentage_repeated_2-gram_in_summ": 0.05789473684210526,
        "percentage_novel_3-gram": 0.6965174129353234,
        "percentage_repeated_3-gram_in_summ": 0.014925373134328358
    }
}