{
    "DataStats": {
        "coverage": 0.8795811518324608,
        "density": 2.7853403141361257,
        "compression": 30.780104712041886,
        "summary_length": 191.0,
        "percentage_novel_1-gram": 0.1896551724137931,
        "percentage_repeated_1-gram_in_summ": 0.25862068965517243,
        "percentage_novel_2-gram": 0.5494505494505495,
        "percentage_repeated_2-gram_in_summ": 0.038461538461538464,
        "percentage_novel_3-gram": 0.7647058823529411,
        "percentage_repeated_3-gram_in_summ": 0.0106951871657754
    }
}