{
    "bert_score": {
        "bert_score_precision": 0.6441664695739746,
        "bert_score_recall": 0.6170328855514526,
        "bert_score_f1": 0.6303077936172485
    }
}