{
    "bert_score": {
        "bert_score_precision": 0.679567813873291,
        "bert_score_recall": 0.5912668704986572,
        "bert_score_f1": 0.6323496699333191
    }
}