{
    "bert_score": {
        "bert_score_precision": 0.6548624038696289,
        "bert_score_recall": 0.6060308218002319,
        "bert_score_f1": 0.6295010447502136
    }
}