{
    "bert_score": {
        "bert_score_precision": 0.7173312902450562,
        "bert_score_recall": 0.6258081197738647,
        "bert_score_f1": 0.6684514880180359
    }
}