{
    "bert_score": {
        "bert_score_precision": 0.708565354347229,
        "bert_score_recall": 0.6741448640823364,
        "bert_score_f1": 0.690926730632782
    }
}