{
    "bert_score": {
        "bert_score_precision": 0.7030670642852783,
        "bert_score_recall": 0.6424559354782104,
        "bert_score_f1": 0.6713963150978088
    }
}