{
    "bert_score": {
        "bert_score_precision": 0.7497696876525879,
        "bert_score_recall": 0.6923718452453613,
        "bert_score_f1": 0.7199285626411438
    }
}