{
    "bert_score": {
        "bert_score_precision": 0.6432309150695801,
        "bert_score_recall": 0.6296044588088989,
        "bert_score_f1": 0.6363447308540344
    }
}