{
    "bert_score": {
        "bert_score_precision": 0.703918993473053,
        "bert_score_recall": 0.6153733730316162,
        "bert_score_f1": 0.6566748023033142
    }
}