{
    "bert_score": {
        "bert_score_precision": 0.738548219203949,
        "bert_score_recall": 0.6480966806411743,
        "bert_score_f1": 0.6903724074363708
    }
}