{
    "bert_score": {
        "bert_score_precision": 0.624072790145874,
        "bert_score_recall": 0.5254856944084167,
        "bert_score_f1": 0.5705517530441284
    }
}