{
    "bert_score": {
        "bert_score_precision": 0.6589942574501038,
        "bert_score_recall": 0.6087906360626221,
        "bert_score_f1": 0.6328984498977661
    }
}