{
    "bert_score": {
        "bert_score_precision": 0.7022957801818848,
        "bert_score_recall": 0.6728726625442505,
        "bert_score_f1": 0.6872694492340088
    }
}