{
    "bert_score": {
        "bert_score_precision": 0.6671339869499207,
        "bert_score_recall": 0.676753580570221,
        "bert_score_f1": 0.6719093322753906
    }
}