{
    "bert_score": {
        "bert_score_precision": 0.6993054151535034,
        "bert_score_recall": 0.6596026420593262,
        "bert_score_f1": 0.6788740158081055
    }
}