{
    "bert_score": {
        "bert_score_precision": 0.731086254119873,
        "bert_score_recall": 0.6802393198013306,
        "bert_score_f1": 0.7047468423843384
    }
}