{
    "bert_score": {
        "bert_score_precision": 0.7570399641990662,
        "bert_score_recall": 0.6140955686569214,
        "bert_score_f1": 0.6781166195869446
    }
}