{
    "bert_score": {
        "bert_score_precision": 0.6891886591911316,
        "bert_score_recall": 0.5658525824546814,
        "bert_score_f1": 0.6214603781700134
    }
}