{
    "bert_score": {
        "bert_score_precision": 0.7182468771934509,
        "bert_score_recall": 0.6179900169372559,
        "bert_score_f1": 0.6643573641777039
    }
}