{
    "bert_score": {
        "bert_score_precision": 0.7012033462524414,
        "bert_score_recall": 0.6654013395309448,
        "bert_score_f1": 0.6828333735466003
    }
}