{
    "bert_score": {
        "bert_score_precision": 0.7292314767837524,
        "bert_score_recall": 0.6534404158592224,
        "bert_score_f1": 0.6892587542533875
    }
}