{
    "bert_score": {
        "bert_score_precision": 0.6950634717941284,
        "bert_score_recall": 0.6186796426773071,
        "bert_score_f1": 0.6546509861946106
    }
}