{
    "bert_score": {
        "bert_score_precision": 0.7549108862876892,
        "bert_score_recall": 0.6691914796829224,
        "bert_score_f1": 0.7094714045524597
    }
}