{
    "bert_score": {
        "bert_score_precision": 0.7042418718338013,
        "bert_score_recall": 0.6576665043830872,
        "bert_score_f1": 0.6801577210426331
    }
}