{
    "bert_score": {
        "bert_score_precision": 0.6195545196533203,
        "bert_score_recall": 0.5793958306312561,
        "bert_score_f1": 0.5988026261329651
    }
}