{
    "bert_score": {
        "bert_score_precision": 0.715459406375885,
        "bert_score_recall": 0.5868694186210632,
        "bert_score_f1": 0.6448160409927368
    }
}