{
    "bert_score": {
        "bert_score_precision": 0.750514805316925,
        "bert_score_recall": 0.6354809403419495,
        "bert_score_f1": 0.6882241368293762
    }
}