{
    "bert_score": {
        "bert_score_precision": 0.7607436776161194,
        "bert_score_recall": 0.6369575262069702,
        "bert_score_f1": 0.6933690905570984
    }
}