{
    "bert_score": {
        "bert_score_precision": 0.6795152425765991,
        "bert_score_recall": 0.6409487724304199,
        "bert_score_f1": 0.6596688032150269
    }
}