{
    "bert_score": {
        "bert_score_precision": 0.7567008137702942,
        "bert_score_recall": 0.6395853757858276,
        "bert_score_f1": 0.693231463432312
    }
}