{
    "bert_score": {
        "bert_score_precision": 0.755262017250061,
        "bert_score_recall": 0.6506650447845459,
        "bert_score_f1": 0.6990726590156555
    }
}