{
    "bert_score": {
        "bert_score_precision": 0.678756594657898,
        "bert_score_recall": 0.6352906227111816,
        "bert_score_f1": 0.6563047170639038
    }
}