{
    "bert_score": {
        "bert_score_precision": 0.7170814275741577,
        "bert_score_recall": 0.6488986015319824,
        "bert_score_f1": 0.6812883615493774
    }
}