{
    "bert_score": {
        "bert_score_precision": 0.7284032702445984,
        "bert_score_recall": 0.7193202972412109,
        "bert_score_f1": 0.7238333225250244
    }
}