{
    "bert_score": {
        "bert_score_precision": 0.7180057764053345,
        "bert_score_recall": 0.6285578012466431,
        "bert_score_f1": 0.670310914516449
    }
}