{
    "bert_score": {
        "bert_score_precision": 0.6910812854766846,
        "bert_score_recall": 0.6573770642280579,
        "bert_score_f1": 0.6738080382347107
    }
}