{
    "bert_score": {
        "bert_score_precision": 0.7288012504577637,
        "bert_score_recall": 0.6345720291137695,
        "bert_score_f1": 0.6784303188323975
    }
}