{
    "bert_score": {
        "bert_score_precision": 0.6530612707138062,
        "bert_score_recall": 0.6480752825737,
        "bert_score_f1": 0.6505587100982666
    }
}