{
    "bert_score": {
        "bert_score_precision": 0.7134519219398499,
        "bert_score_recall": 0.6317926645278931,
        "bert_score_f1": 0.6701438426971436
    }
}