{
    "bert_score": {
        "bert_score_precision": 0.7072426080703735,
        "bert_score_recall": 0.6664351224899292,
        "bert_score_f1": 0.6862327456474304
    }
}