{
    "bert_score": {
        "bert_score_precision": 0.7076376676559448,
        "bert_score_recall": 0.6919931173324585,
        "bert_score_f1": 0.6997279524803162
    }
}