{
    "bert_score": {
        "bert_score_precision": 0.7250610589981079,
        "bert_score_recall": 0.6539740562438965,
        "bert_score_f1": 0.6876853704452515
    }
}