{
    "bert_score": {
        "bert_score_precision": 0.7292067408561707,
        "bert_score_recall": 0.6727491617202759,
        "bert_score_f1": 0.6998412013053894
    }
}