{
    "bert_score": {
        "bert_score_precision": 0.7336904406547546,
        "bert_score_recall": 0.7151899933815002,
        "bert_score_f1": 0.7243220806121826
    }
}