{
    "bert_score": {
        "bert_score_precision": 0.7179567813873291,
        "bert_score_recall": 0.6336957216262817,
        "bert_score_f1": 0.6731998324394226
    }
}