{
    "bert_score": {
        "bert_score_precision": 0.7414449453353882,
        "bert_score_recall": 0.6347918510437012,
        "bert_score_f1": 0.6839858293533325
    }
}