{
    "bert_score": {
        "bert_score_precision": 0.6751332879066467,
        "bert_score_recall": 0.6203333139419556,
        "bert_score_f1": 0.6465741991996765
    }
}