{
    "bert_score": {
        "bert_score_precision": 0.711199164390564,
        "bert_score_recall": 0.6399312019348145,
        "bert_score_f1": 0.673685610294342
    }
}