{
    "bert_score": {
        "bert_score_precision": 0.7278918623924255,
        "bert_score_recall": 0.6709712147712708,
        "bert_score_f1": 0.6982734799385071
    }
}