{
    "bert_score": {
        "bert_score_precision": 0.6873023509979248,
        "bert_score_recall": 0.6112204194068909,
        "bert_score_f1": 0.6470325589179993
    }
}