{
    "bert_score": {
        "bert_score_precision": 0.6933938264846802,
        "bert_score_recall": 0.6277048587799072,
        "bert_score_f1": 0.6589162349700928
    }
}