{
    "bert_score": {
        "bert_score_precision": 0.7328667640686035,
        "bert_score_recall": 0.6306194067001343,
        "bert_score_f1": 0.6779093146324158
    }
}