{
    "bert_score": {
        "bert_score_precision": 0.7160258293151855,
        "bert_score_recall": 0.6742888689041138,
        "bert_score_f1": 0.6945308446884155
    }
}