{
    "bert_score": {
        "bert_score_precision": 0.7194681763648987,
        "bert_score_recall": 0.6033062934875488,
        "bert_score_f1": 0.6562867760658264
    }
}