{
    "bert_score": {
        "bert_score_precision": 0.7148230075836182,
        "bert_score_recall": 0.6153172254562378,
        "bert_score_f1": 0.6613481640815735
    }
}