{
    "bert_score": {
        "bert_score_precision": 0.7333481907844543,
        "bert_score_recall": 0.5988832712173462,
        "bert_score_f1": 0.6593297719955444
    }
}