{
    "bert_score": {
        "bert_score_precision": 0.6922839283943176,
        "bert_score_recall": 0.6228685975074768,
        "bert_score_f1": 0.6557443141937256
    }
}