{
    "bert_score": {
        "bert_score_precision": 0.7655743360519409,
        "bert_score_recall": 0.6042730808258057,
        "bert_score_f1": 0.6754270195960999
    }
}