{
    "bert_score": {
        "bert_score_precision": 0.7090113162994385,
        "bert_score_recall": 0.5745099186897278,
        "bert_score_f1": 0.634713351726532
    }
}