{
    "bert_score": {
        "bert_score_precision": 0.6342284679412842,
        "bert_score_recall": 0.5196410417556763,
        "bert_score_f1": 0.5712450742721558
    }
}