{
    "bert_score": {
        "bert_score_precision": 0.6697198152542114,
        "bert_score_recall": 0.6327990889549255,
        "bert_score_f1": 0.6507362127304077
    }
}