{
    "bert_score": {
        "bert_score_precision": 0.7015657424926758,
        "bert_score_recall": 0.5710230469703674,
        "bert_score_f1": 0.62959885597229
    }
}