{
    "bert_score": {
        "bert_score_precision": 0.7035893201828003,
        "bert_score_recall": 0.6674511432647705,
        "bert_score_f1": 0.68504399061203
    }
}