{
    "bert_score": {
        "bert_score_precision": 0.6497472524642944,
        "bert_score_recall": 0.6074322462081909,
        "bert_score_f1": 0.6278775930404663
    }
}