{
    "bert_score": {
        "bert_score_precision": 0.6668169498443604,
        "bert_score_recall": 0.5797733068466187,
        "bert_score_f1": 0.6202561855316162
    }
}