{
    "bert_score": {
        "bert_score_precision": 0.7083713412284851,
        "bert_score_recall": 0.5956110954284668,
        "bert_score_f1": 0.6471157670021057
    }
}