{
    "bert_score": {
        "bert_score_precision": 0.6566716432571411,
        "bert_score_recall": 0.6075047254562378,
        "bert_score_f1": 0.6311320662498474
    }
}