{
    "bert_score": {
        "bert_score_precision": 0.670948326587677,
        "bert_score_recall": 0.5981821417808533,
        "bert_score_f1": 0.632479190826416
    }
}