{
    "bert_score": {
        "bert_score_precision": 0.7229369878768921,
        "bert_score_recall": 0.6821451783180237,
        "bert_score_f1": 0.7019489407539368
    }
}