{
    "bert_score": {
        "bert_score_precision": 0.6688563823699951,
        "bert_score_recall": 0.617167592048645,
        "bert_score_f1": 0.6419732570648193
    }
}