{
    "bert_score": {
        "bert_score_precision": 0.6931911110877991,
        "bert_score_recall": 0.5726890563964844,
        "bert_score_f1": 0.6272046566009521
    }
}