{
    "bert_score": {
        "bert_score_precision": 0.7611677050590515,
        "bert_score_recall": 0.6740255355834961,
        "bert_score_f1": 0.7149509787559509
    }
}