{
    "bert_score": {
        "bert_score_precision": 0.6681554317474365,
        "bert_score_recall": 0.6438954472541809,
        "bert_score_f1": 0.6558011770248413
    }
}