{
    "bert_score": {
        "bert_score_precision": 0.7286680340766907,
        "bert_score_recall": 0.6458787322044373,
        "bert_score_f1": 0.6847801804542542
    }
}