{
    "bert_score": {
        "bert_score_precision": 0.6624029278755188,
        "bert_score_recall": 0.5870367288589478,
        "bert_score_f1": 0.6224467754364014
    }
}