{
    "bert_score": {
        "bert_score_precision": 0.6392213106155396,
        "bert_score_recall": 0.5760250091552734,
        "bert_score_f1": 0.6059799790382385
    }
}