{
    "bert_score": {
        "bert_score_precision": 0.6993098855018616,
        "bert_score_recall": 0.6626800298690796,
        "bert_score_f1": 0.6805023550987244
    }
}