{
    "bert_score": {
        "bert_score_precision": 0.707658588886261,
        "bert_score_recall": 0.6719765663146973,
        "bert_score_f1": 0.6893562078475952
    }
}