{
    "bert_score": {
        "bert_score_precision": 0.7228834629058838,
        "bert_score_recall": 0.6971320509910583,
        "bert_score_f1": 0.7097742557525635
    }
}