{
    "bert_score": {
        "bert_score_precision": 0.7143827676773071,
        "bert_score_recall": 0.6261630058288574,
        "bert_score_f1": 0.667370080947876
    }
}