{
    "bert_score": {
        "bert_score_precision": 0.6614760160446167,
        "bert_score_recall": 0.5985217094421387,
        "bert_score_f1": 0.6284261345863342
    }
}