{
    "bert_score": {
        "bert_score_precision": 0.713962733745575,
        "bert_score_recall": 0.67194664478302,
        "bert_score_f1": 0.69231778383255
    }
}