{
    "bert_score": {
        "bert_score_precision": 0.635793149471283,
        "bert_score_recall": 0.641364336013794,
        "bert_score_f1": 0.6385665535926819
    }
}