{
    "bert_score": {
        "bert_score_precision": 0.7163001298904419,
        "bert_score_recall": 0.6603527069091797,
        "bert_score_f1": 0.687189519405365
    }
}