{
    "bert_score": {
        "bert_score_precision": 0.7229858636856079,
        "bert_score_recall": 0.5541958212852478,
        "bert_score_f1": 0.6274373531341553
    }
}