{
    "bert_score": {
        "bert_score_precision": 0.6824727058410645,
        "bert_score_recall": 0.681923508644104,
        "bert_score_f1": 0.6821979880332947
    }
}