{
    "bert_score": {
        "bert_score_precision": 0.65262770652771,
        "bert_score_recall": 0.5282698273658752,
        "bert_score_f1": 0.5839008688926697
    }
}