{
    "bert_score": {
        "bert_score_precision": 0.7171804308891296,
        "bert_score_recall": 0.6128607988357544,
        "bert_score_f1": 0.6609295606613159
    }
}