{
    "bert_score": {
        "bert_score_precision": 0.7270920872688293,
        "bert_score_recall": 0.6677683591842651,
        "bert_score_f1": 0.6961686611175537
    }
}