{
    "bert_score": {
        "bert_score_precision": 0.7415279746055603,
        "bert_score_recall": 0.6416193842887878,
        "bert_score_f1": 0.6879653334617615
    }
}