{
    "bert_score": {
        "bert_score_precision": 0.6569046974182129,
        "bert_score_recall": 0.6140895485877991,
        "bert_score_f1": 0.6347759962081909
    }
}