{
    "bert_score": {
        "bert_score_precision": 0.7025657296180725,
        "bert_score_recall": 0.6998839974403381,
        "bert_score_f1": 0.70122230052948
    }
}