{
    "bert_score": {
        "bert_score_precision": 0.7106529474258423,
        "bert_score_recall": 0.6293430328369141,
        "bert_score_f1": 0.6675310730934143
    }
}