{
    "bert_score": {
        "bert_score_precision": 0.6869568228721619,
        "bert_score_recall": 0.6035947203636169,
        "bert_score_f1": 0.642583429813385
    }
}