{
    "bert_score": {
        "bert_score_precision": 0.6263729333877563,
        "bert_score_recall": 0.6182001829147339,
        "bert_score_f1": 0.6222597360610962
    }
}