{
    "bert_score": {
        "bert_score_precision": 0.709345817565918,
        "bert_score_recall": 0.6783681511878967,
        "bert_score_f1": 0.6935113072395325
    }
}