{
    "bert_score": {
        "bert_score_precision": 0.720049262046814,
        "bert_score_recall": 0.6223639249801636,
        "bert_score_f1": 0.667652428150177
    }
}