{
    "bert_score": {
        "bert_score_precision": 0.7233904600143433,
        "bert_score_recall": 0.6386615037918091,
        "bert_score_f1": 0.678390622138977
    }
}