{
    "bert_score": {
        "bert_score_precision": 0.677262544631958,
        "bert_score_recall": 0.6000221967697144,
        "bert_score_f1": 0.636306881904602
    }
}