{
    "bert_score": {
        "bert_score_precision": 0.6652640104293823,
        "bert_score_recall": 0.6363598108291626,
        "bert_score_f1": 0.6504909992218018
    }
}