{
    "bert_score": {
        "bert_score_precision": 0.6732202768325806,
        "bert_score_recall": 0.6182965636253357,
        "bert_score_f1": 0.6445906162261963
    }
}