{
    "bert_score": {
        "bert_score_precision": 0.6639878749847412,
        "bert_score_recall": 0.6069682240486145,
        "bert_score_f1": 0.6341990232467651
    }
}