{
    "bert_score": {
        "bert_score_precision": 0.6480474472045898,
        "bert_score_recall": 0.6541386842727661,
        "bert_score_f1": 0.6510788202285767
    }
}