{
    "bert_score": {
        "bert_score_precision": 0.6641585826873779,
        "bert_score_recall": 0.5947147607803345,
        "bert_score_f1": 0.627521276473999
    }
}