{
    "bert_score": {
        "bert_score_precision": 0.6534846425056458,
        "bert_score_recall": 0.6054426431655884,
        "bert_score_f1": 0.628546953201294
    }
}