{
    "bert_score": {
        "bert_score_precision": 0.6537666320800781,
        "bert_score_recall": 0.6062761545181274,
        "bert_score_f1": 0.6291264295578003
    }
}