{
    "bert_score": {
        "bert_score_precision": 0.6616268157958984,
        "bert_score_recall": 0.6307693719863892,
        "bert_score_f1": 0.6458297371864319
    }
}