{
    "bert_score": {
        "bert_score_precision": 0.7286049127578735,
        "bert_score_recall": 0.6359494924545288,
        "bert_score_f1": 0.6791315078735352
    }
}