{
    "bert_score": {
        "bert_score_precision": 0.6753063201904297,
        "bert_score_recall": 0.6544866561889648,
        "bert_score_f1": 0.6647334694862366
    }
}