{
    "bert_score": {
        "bert_score_precision": 0.658311128616333,
        "bert_score_recall": 0.6578259468078613,
        "bert_score_f1": 0.6580684781074524
    }
}