{
    "bert_score": {
        "bert_score_precision": 0.682814359664917,
        "bert_score_recall": 0.6019407510757446,
        "bert_score_f1": 0.639832079410553
    }
}