{
    "bert_score": {
        "bert_score_precision": 0.6540054082870483,
        "bert_score_recall": 0.5921428203582764,
        "bert_score_f1": 0.6215385794639587
    }
}