{
    "bert_score": {
        "bert_score_precision": 0.6740498542785645,
        "bert_score_recall": 0.625593900680542,
        "bert_score_f1": 0.6489185690879822
    }
}