{
    "bert_score": {
        "bert_score_precision": 0.6938539743423462,
        "bert_score_recall": 0.6710208058357239,
        "bert_score_f1": 0.6822463870048523
    }
}