{
    "bert_score": {
        "bert_score_precision": 0.6875230669975281,
        "bert_score_recall": 0.6148637533187866,
        "bert_score_f1": 0.6491666436195374
    }
}