{
    "bert_score": {
        "bert_score_precision": 0.6915631294250488,
        "bert_score_recall": 0.6735436916351318,
        "bert_score_f1": 0.6824344992637634
    }
}