{
    "bert_score": {
        "bert_score_precision": 0.6195189952850342,
        "bert_score_recall": 0.5074025392532349,
        "bert_score_f1": 0.5578835606575012
    }
}