{
    "bert_score": {
        "bert_score_precision": 0.6817800998687744,
        "bert_score_recall": 0.6372822523117065,
        "bert_score_f1": 0.6587806344032288
    }
}