{
    "bert_score": {
        "bert_score_precision": 0.609417736530304,
        "bert_score_recall": 0.5684329867362976,
        "bert_score_f1": 0.5882123112678528
    }
}