{
    "bert_score": {
        "bert_score_precision": 0.6817470788955688,
        "bert_score_recall": 0.6516708135604858,
        "bert_score_f1": 0.6663697361946106
    }
}