{
    "bert_score": {
        "bert_score_precision": 0.7018277645111084,
        "bert_score_recall": 0.6089881658554077,
        "bert_score_f1": 0.6521202325820923
    }
}