{
    "bert_score": {
        "bert_score_precision": 0.6607088446617126,
        "bert_score_recall": 0.611946702003479,
        "bert_score_f1": 0.6353936195373535
    }
}