{
    "bert_score": {
        "bert_score_precision": 0.6195876598358154,
        "bert_score_recall": 0.5973308682441711,
        "bert_score_f1": 0.6082557439804077
    }
}