{
    "bert_score": {
        "bert_score_precision": 0.6091244220733643,
        "bert_score_recall": 0.6186003684997559,
        "bert_score_f1": 0.613825798034668
    }
}