{
    "bert_score": {
        "bert_score_precision": 0.6635684967041016,
        "bert_score_recall": 0.6458189487457275,
        "bert_score_f1": 0.6545734405517578
    }
}