{
    "bert_score": {
        "bert_score_precision": 0.6553819179534912,
        "bert_score_recall": 0.6521548628807068,
        "bert_score_f1": 0.6537643671035767
    }
}