{
    "bert_score": {
        "bert_score_precision": 0.6663038730621338,
        "bert_score_recall": 0.6355630159378052,
        "bert_score_f1": 0.6505705118179321
    }
}