{
    "bert_score": {
        "bert_score_precision": 0.6631723046302795,
        "bert_score_recall": 0.6738489866256714,
        "bert_score_f1": 0.6684679985046387
    }
}