{
    "bert_score": {
        "bert_score_precision": 0.7130640745162964,
        "bert_score_recall": 0.6556376218795776,
        "bert_score_f1": 0.6831461191177368
    }
}