{
    "bert_score": {
        "bert_score_precision": 0.699289083480835,
        "bert_score_recall": 0.6413359642028809,
        "bert_score_f1": 0.6690599322319031
    }
}