{
    "bert_score": {
        "bert_score_precision": 0.6982898116111755,
        "bert_score_recall": 0.5935665369033813,
        "bert_score_f1": 0.6416835188865662
    }
}