{
    "bert_score": {
        "bert_score_precision": 0.6286261677742004,
        "bert_score_recall": 0.6138750314712524,
        "bert_score_f1": 0.621163010597229
    }
}