{
    "bert_score": {
        "bert_score_precision": 0.7303667068481445,
        "bert_score_recall": 0.6396491527557373,
        "bert_score_f1": 0.6820043921470642
    }
}