{
    "bert_score": {
        "bert_score_precision": 0.6540512442588806,
        "bert_score_recall": 0.5898184776306152,
        "bert_score_f1": 0.6202763915061951
    }
}