{
    "bert_score": {
        "bert_score_precision": 0.6491439342498779,
        "bert_score_recall": 0.6546696424484253,
        "bert_score_f1": 0.6518951058387756
    }
}