{
    "bert_score": {
        "bert_score_precision": 0.6712687015533447,
        "bert_score_recall": 0.6735055446624756,
        "bert_score_f1": 0.6723852753639221
    }
}