{
    "bert_score": {
        "bert_score_precision": 0.7049884796142578,
        "bert_score_recall": 0.6525563597679138,
        "bert_score_f1": 0.6777598261833191
    }
}