{
    "bert_score": {
        "bert_score_precision": 0.6327065229415894,
        "bert_score_recall": 0.5709831118583679,
        "bert_score_f1": 0.6002622842788696
    }
}