{
    "bert_score": {
        "bert_score_precision": 0.7390265464782715,
        "bert_score_recall": 0.7116047739982605,
        "bert_score_f1": 0.7250564694404602
    }
}