{
    "bert_score": {
        "bert_score_precision": 0.7420532703399658,
        "bert_score_recall": 0.6877789497375488,
        "bert_score_f1": 0.7138860821723938
    }
}