{
    "bert_score": {
        "bert_score_precision": 0.7061220407485962,
        "bert_score_recall": 0.7127140164375305,
        "bert_score_f1": 0.7094026803970337
    }
}