{
    "bert_score": {
        "bert_score_precision": 0.6896622180938721,
        "bert_score_recall": 0.6072438955307007,
        "bert_score_f1": 0.64583420753479
    }
}