{
    "bert_score": {
        "bert_score_precision": 0.6254607439041138,
        "bert_score_recall": 0.6201930642127991,
        "bert_score_f1": 0.622815728187561
    }
}