{
    "bert_score": {
        "bert_score_precision": 0.7019414901733398,
        "bert_score_recall": 0.6817823648452759,
        "bert_score_f1": 0.6917150616645813
    }
}