{
    "bert_score": {
        "bert_score_precision": 0.756110429763794,
        "bert_score_recall": 0.7028303742408752,
        "bert_score_f1": 0.7284975647926331
    }
}