{
    "bert_score": {
        "bert_score_precision": 0.6199671030044556,
        "bert_score_recall": 0.6127075552940369,
        "bert_score_f1": 0.6163159608840942
    }
}