{
    "bert_score": {
        "bert_score_precision": 0.6740276217460632,
        "bert_score_recall": 0.6132593154907227,
        "bert_score_f1": 0.6422091126441956
    }
}