{
    "bert_score": {
        "bert_score_precision": 0.6845976114273071,
        "bert_score_recall": 0.5914756655693054,
        "bert_score_f1": 0.6346388459205627
    }
}