{
    "bert_score": {
        "bert_score_precision": 0.6923913359642029,
        "bert_score_recall": 0.6938820481300354,
        "bert_score_f1": 0.6931358575820923
    }
}