{
    "bert_score": {
        "bert_score_precision": 0.6915348768234253,
        "bert_score_recall": 0.7070434093475342,
        "bert_score_f1": 0.6992031931877136
    }
}