{
    "bert_score": {
        "bert_score_precision": 0.6875224709510803,
        "bert_score_recall": 0.6545805931091309,
        "bert_score_f1": 0.6706473231315613
    }
}