{
    "bert_score": {
        "bert_score_precision": 0.6385974287986755,
        "bert_score_recall": 0.6213839054107666,
        "bert_score_f1": 0.6298730373382568
    }
}