{
    "bert_score": {
        "bert_score_precision": 0.6519479155540466,
        "bert_score_recall": 0.47293657064437866,
        "bert_score_f1": 0.5481985211372375
    }
}