{
    "bert_score": {
        "bert_score_precision": 0.6790545582771301,
        "bert_score_recall": 0.6154425144195557,
        "bert_score_f1": 0.645685613155365
    }
}