{
    "bert_score": {
        "bert_score_precision": 0.7196955680847168,
        "bert_score_recall": 0.6970250606536865,
        "bert_score_f1": 0.7081789374351501
    }
}