{
    "bert_score": {
        "bert_score_precision": 0.7145406007766724,
        "bert_score_recall": 0.6964324712753296,
        "bert_score_f1": 0.7053703665733337
    }
}