{
    "bert_score": {
        "bert_score_precision": 0.7086436152458191,
        "bert_score_recall": 0.6776352524757385,
        "bert_score_f1": 0.6927926540374756
    }
}