{
    "bert_score": {
        "bert_score_precision": 0.7076048851013184,
        "bert_score_recall": 0.6513952612876892,
        "bert_score_f1": 0.678337574005127
    }
}