{
    "bert_score": {
        "bert_score_precision": 0.6838897466659546,
        "bert_score_recall": 0.5854910612106323,
        "bert_score_f1": 0.6308766007423401
    }
}