{
    "bert_score": {
        "bert_score_precision": 0.6153223514556885,
        "bert_score_recall": 0.5238023996353149,
        "bert_score_f1": 0.5658859014511108
    }
}