{
    "bert_score": {
        "bert_score_precision": 0.6633908748626709,
        "bert_score_recall": 0.5815708041191101,
        "bert_score_f1": 0.6197921633720398
    }
}