{
    "bert_score": {
        "bert_score_precision": 0.6643283367156982,
        "bert_score_recall": 0.6395894289016724,
        "bert_score_f1": 0.6517241597175598
    }
}