{
    "bert_score": {
        "bert_score_precision": 0.7059518098831177,
        "bert_score_recall": 0.6872022151947021,
        "bert_score_f1": 0.6964508295059204
    }
}