{
    "bert_score": {
        "bert_score_precision": 0.7274377346038818,
        "bert_score_recall": 0.6868308782577515,
        "bert_score_f1": 0.7065513730049133
    }
}