{
    "bert_score": {
        "bert_score_precision": 0.6577425599098206,
        "bert_score_recall": 0.6015307903289795,
        "bert_score_f1": 0.62838214635849
    }
}