{
    "bert_score": {
        "bert_score_precision": 0.6739814877510071,
        "bert_score_recall": 0.6403347253799438,
        "bert_score_f1": 0.6567273736000061
    }
}