{
    "bert_score": {
        "bert_score_precision": 0.691503643989563,
        "bert_score_recall": 0.564130425453186,
        "bert_score_f1": 0.6213566064834595
    }
}