{
    "bert_score": {
        "bert_score_precision": 0.7073277831077576,
        "bert_score_recall": 0.6650241613388062,
        "bert_score_f1": 0.6855239868164062
    }
}