{
    "bert_score": {
        "bert_score_precision": 0.7039555311203003,
        "bert_score_recall": 0.637296199798584,
        "bert_score_f1": 0.6689693927764893
    }
}