{
    "bert_score": {
        "bert_score_precision": 0.7406700253486633,
        "bert_score_recall": 0.6949468851089478,
        "bert_score_f1": 0.717080295085907
    }
}