{
    "bert_score": {
        "bert_score_precision": 0.6758806109428406,
        "bert_score_recall": 0.6484839916229248,
        "bert_score_f1": 0.6618989109992981
    }
}