{
    "bert_score": {
        "bert_score_precision": 0.6457100510597229,
        "bert_score_recall": 0.5226548910140991,
        "bert_score_f1": 0.5777022242546082
    }
}