{
    "bert_score": {
        "bert_score_precision": 0.7054452300071716,
        "bert_score_recall": 0.6045603156089783,
        "bert_score_f1": 0.6511181592941284
    }
}