{
    "bert_score": {
        "bert_score_precision": 0.7138372659683228,
        "bert_score_recall": 0.624146580696106,
        "bert_score_f1": 0.6659857630729675
    }
}