{
    "bert_score": {
        "bert_score_precision": 0.7123715281486511,
        "bert_score_recall": 0.6736284494400024,
        "bert_score_f1": 0.6924585103988647
    }
}