{
    "bert_score": {
        "bert_score_precision": 0.5944341421127319,
        "bert_score_recall": 0.6453084945678711,
        "bert_score_f1": 0.6188274621963501
    }
}