{
    "bert_score": {
        "bert_score_precision": 0.6398328542709351,
        "bert_score_recall": 0.5873837471008301,
        "bert_score_f1": 0.6124875545501709
    }
}