{
    "bert_score": {
        "bert_score_precision": 0.6133517026901245,
        "bert_score_recall": 0.5892355442047119,
        "bert_score_f1": 0.6010518074035645
    }
}