{
    "bert_score": {
        "bert_score_precision": 0.6184695363044739,
        "bert_score_recall": 0.6282262206077576,
        "bert_score_f1": 0.6233096718788147
    }
}