{
    "bert_score": {
        "bert_score_precision": 0.679172694683075,
        "bert_score_recall": 0.609925389289856,
        "bert_score_f1": 0.6426891684532166
    }
}