{
    "bert_score": {
        "bert_score_precision": 0.7128939628601074,
        "bert_score_recall": 0.6538402438163757,
        "bert_score_f1": 0.6820912957191467
    }
}