{
    "bert_score": {
        "bert_score_precision": 0.689578652381897,
        "bert_score_recall": 0.677132248878479,
        "bert_score_f1": 0.6832987666130066
    }
}