{
    "bert_score": {
        "bert_score_precision": 0.6573262214660645,
        "bert_score_recall": 0.6313024759292603,
        "bert_score_f1": 0.6440516114234924
    }
}