{
    "bert_score": {
        "bert_score_precision": 0.62596595287323,
        "bert_score_recall": 0.651831865310669,
        "bert_score_f1": 0.638637125492096
    }
}