{
    "bert_score": {
        "bert_score_precision": 0.6559336185455322,
        "bert_score_recall": 0.6551468372344971,
        "bert_score_f1": 0.6555399894714355
    }
}