{
    "bert_score": {
        "bert_score_precision": 0.6912857294082642,
        "bert_score_recall": 0.6743861436843872,
        "bert_score_f1": 0.6827313899993896
    }
}