{
    "bert_score": {
        "bert_score_precision": 0.648256778717041,
        "bert_score_recall": 0.5825631022453308,
        "bert_score_f1": 0.6136566996574402
    }
}