{
    "bert_score": {
        "bert_score_precision": 0.6413097381591797,
        "bert_score_recall": 0.5712635517120361,
        "bert_score_f1": 0.6042634844779968
    }
}