{
    "DataStats": {
        "coverage": 0.9312977099236641,
        "density": 2.33587786259542,
        "compression": 35.404580152671755,
        "summary_length": 131.0,
        "percentage_novel_1-gram": 0.12345679012345678,
        "percentage_repeated_1-gram_in_summ": 0.2716049382716049,
        "percentage_novel_2-gram": 0.5083333333333333,
        "percentage_repeated_2-gram_in_summ": 0.06666666666666667,
        "percentage_novel_3-gram": 0.8095238095238095,
        "percentage_repeated_3-gram_in_summ": 0.023809523809523808
    }
}