{
    "DataStats": {
        "coverage": 0.9145299145299145,
        "density": 3.1025641025641026,
        "compression": 31.897435897435898,
        "summary_length": 117.0,
        "percentage_novel_1-gram": 0.14864864864864866,
        "percentage_repeated_1-gram_in_summ": 0.2972972972972973,
        "percentage_novel_2-gram": 0.4811320754716981,
        "percentage_repeated_2-gram_in_summ": 0.0660377358490566,
        "percentage_novel_3-gram": 0.7079646017699115,
        "percentage_repeated_3-gram_in_summ": 0.017699115044247787
    }
}