{
    "DataStats": {
        "coverage": 0.9090909090909091,
        "density": 2.1666666666666665,
        "compression": 18.553030303030305,
        "summary_length": 132.0,
        "percentage_novel_1-gram": 0.18181818181818182,
        "percentage_repeated_1-gram_in_summ": 0.2987012987012987,
        "percentage_novel_2-gram": 0.5333333333333333,
        "percentage_repeated_2-gram_in_summ": 0.08333333333333333,
        "percentage_novel_3-gram": 0.7984496124031008,
        "percentage_repeated_3-gram_in_summ": 0.007751937984496124
    }
}