{
    "DataStats": {
        "coverage": 0.9067796610169492,
        "density": 3.3135593220338984,
        "compression": 47.96610169491525,
        "summary_length": 118.0,
        "percentage_novel_1-gram": 0.13333333333333333,
        "percentage_repeated_1-gram_in_summ": 0.25333333333333335,
        "percentage_novel_2-gram": 0.45454545454545453,
        "percentage_repeated_2-gram_in_summ": 0.05454545454545454,
        "percentage_novel_3-gram": 0.6810344827586207,
        "percentage_repeated_3-gram_in_summ": 0.0
    }
}