{
    "DataStats": {
        "coverage": 0.9468599033816425,
        "density": 3.0434782608695654,
        "compression": 16.130434782608695,
        "summary_length": 207.0,
        "percentage_novel_1-gram": 0.0990990990990991,
        "percentage_repeated_1-gram_in_summ": 0.36936936936936937,
        "percentage_novel_2-gram": 0.4180790960451977,
        "percentage_repeated_2-gram_in_summ": 0.12429378531073447,
        "percentage_novel_3-gram": 0.7061855670103093,
        "percentage_repeated_3-gram_in_summ": 0.05154639175257732
    }
}