{
    "DataStats": {
        "coverage": 0.9171974522292994,
        "density": 3.082802547770701,
        "compression": 24.726114649681527,
        "summary_length": 157.0,
        "percentage_novel_1-gram": 0.13,
        "percentage_repeated_1-gram_in_summ": 0.26,
        "percentage_novel_2-gram": 0.45714285714285713,
        "percentage_repeated_2-gram_in_summ": 0.07142857142857142,
        "percentage_novel_3-gram": 0.7066666666666667,
        "percentage_repeated_3-gram_in_summ": 0.02666666666666667
    }
}