{
    "DataStats": {
        "coverage": 0.9642857142857143,
        "density": 5.664285714285715,
        "compression": 38.785714285714285,
        "summary_length": 140.0,
        "percentage_novel_1-gram": 0.07228915662650602,
        "percentage_repeated_1-gram_in_summ": 0.27710843373493976,
        "percentage_novel_2-gram": 0.23622047244094488,
        "percentage_repeated_2-gram_in_summ": 0.07874015748031496,
        "percentage_novel_3-gram": 0.5147058823529411,
        "percentage_repeated_3-gram_in_summ": 0.014705882352941176
    }
}