{
    "DataStats": {
        "coverage": 0.9102564102564102,
        "density": 2.4743589743589745,
        "compression": 16.692307692307693,
        "summary_length": 156.0,
        "percentage_novel_1-gram": 0.16666666666666666,
        "percentage_repeated_1-gram_in_summ": 0.3111111111111111,
        "percentage_novel_2-gram": 0.5416666666666666,
        "percentage_repeated_2-gram_in_summ": 0.0625,
        "percentage_novel_3-gram": 0.7792207792207793,
        "percentage_repeated_3-gram_in_summ": 0.0
    }
}