{
    "DataStats": {
        "coverage": 0.9345794392523364,
        "density": 3.102803738317757,
        "compression": 20.61682242990654,
        "summary_length": 107.0,
        "percentage_novel_1-gram": 0.19696969696969696,
        "percentage_repeated_1-gram_in_summ": 0.25757575757575757,
        "percentage_novel_2-gram": 0.53,
        "percentage_repeated_2-gram_in_summ": 0.06,
        "percentage_novel_3-gram": 0.7714285714285715,
        "percentage_repeated_3-gram_in_summ": 0.0
    }
}