{
    "DataStats": {
        "coverage": 0.8857142857142857,
        "density": 2.414285714285714,
        "compression": 39.32142857142857,
        "summary_length": 140.0,
        "percentage_novel_1-gram": 0.19318181818181818,
        "percentage_repeated_1-gram_in_summ": 0.19318181818181818,
        "percentage_novel_2-gram": 0.5746268656716418,
        "percentage_repeated_2-gram_in_summ": 0.03731343283582089,
        "percentage_novel_3-gram": 0.8333333333333334,
        "percentage_repeated_3-gram_in_summ": 0.0
    }
}