{
    "DataStats": {
        "coverage": 0.8763440860215054,
        "density": 2.9086021505376345,
        "compression": 28.93010752688172,
        "summary_length": 186.0,
        "percentage_novel_1-gram": 0.18292682926829268,
        "percentage_repeated_1-gram_in_summ": 0.35365853658536583,
        "percentage_novel_2-gram": 0.4632352941176471,
        "percentage_repeated_2-gram_in_summ": 0.16911764705882354,
        "percentage_novel_3-gram": 0.7012987012987013,
        "percentage_repeated_3-gram_in_summ": 0.11038961038961038
    }
}