{
    "DataStats": {
        "coverage": 0.8571428571428571,
        "density": 2.319327731092437,
        "compression": 33.529411764705884,
        "summary_length": 119.0,
        "percentage_novel_1-gram": 0.23943661971830985,
        "percentage_repeated_1-gram_in_summ": 0.22535211267605634,
        "percentage_novel_2-gram": 0.5945945945945946,
        "percentage_repeated_2-gram_in_summ": 0.06306306306306306,
        "percentage_novel_3-gram": 0.831858407079646,
        "percentage_repeated_3-gram_in_summ": 0.035398230088495575
    }
}