{
    "DataStats": {
        "coverage": 0.9644970414201184,
        "density": 3.7928994082840237,
        "compression": 35.142011834319526,
        "summary_length": 169.0,
        "percentage_novel_1-gram": 0.09195402298850575,
        "percentage_repeated_1-gram_in_summ": 0.3218390804597701,
        "percentage_novel_2-gram": 0.3466666666666667,
        "percentage_repeated_2-gram_in_summ": 0.08,
        "percentage_novel_3-gram": 0.6219512195121951,
        "percentage_repeated_3-gram_in_summ": 0.018292682926829267
    }
}