{
    "DataStats": {
        "coverage": 0.9012345679012346,
        "density": 3.0617283950617282,
        "compression": 23.376543209876544,
        "summary_length": 162.0,
        "percentage_novel_1-gram": 0.24175824175824176,
        "percentage_repeated_1-gram_in_summ": 0.2967032967032967,
        "percentage_novel_2-gram": 0.5466666666666666,
        "percentage_repeated_2-gram_in_summ": 0.05333333333333334,
        "percentage_novel_3-gram": 0.7579617834394905,
        "percentage_repeated_3-gram_in_summ": 0.012738853503184714
    }
}