{
    "DataStats": {
        "coverage": 0.9135802469135802,
        "density": 4.382716049382716,
        "compression": 24.993827160493826,
        "summary_length": 162.0,
        "percentage_novel_1-gram": 0.14705882352941177,
        "percentage_repeated_1-gram_in_summ": 0.2647058823529412,
        "percentage_novel_2-gram": 0.3945578231292517,
        "percentage_repeated_2-gram_in_summ": 0.06802721088435375,
        "percentage_novel_3-gram": 0.5882352941176471,
        "percentage_repeated_3-gram_in_summ": 0.0392156862745098
    }
}