{
    "DataStats": {
        "coverage": 0.9487179487179487,
        "density": 3.91025641025641,
        "compression": 42.33974358974359,
        "summary_length": 156.0,
        "percentage_novel_1-gram": 0.10638297872340426,
        "percentage_repeated_1-gram_in_summ": 0.24468085106382978,
        "percentage_novel_2-gram": 0.34965034965034963,
        "percentage_repeated_2-gram_in_summ": 0.06993006993006994,
        "percentage_novel_3-gram": 0.5960264900662252,
        "percentage_repeated_3-gram_in_summ": 0.019867549668874173
    }
}