{
    "DataStats": {
        "coverage": 0.9634146341463414,
        "density": 4.560975609756097,
        "compression": 19.963414634146343,
        "summary_length": 164.0,
        "percentage_novel_1-gram": 0.05813953488372093,
        "percentage_repeated_1-gram_in_summ": 0.4069767441860465,
        "percentage_novel_2-gram": 0.2517482517482518,
        "percentage_repeated_2-gram_in_summ": 0.13986013986013987,
        "percentage_novel_3-gram": 0.5,
        "percentage_repeated_3-gram_in_summ": 0.05194805194805195
    }
}