{
    "DataStats": {
        "coverage": 0.935,
        "density": 4.095,
        "compression": 23.345,
        "summary_length": 200.0,
        "percentage_novel_1-gram": 0.13333333333333333,
        "percentage_repeated_1-gram_in_summ": 0.26666666666666666,
        "percentage_novel_2-gram": 0.3592814371257485,
        "percentage_repeated_2-gram_in_summ": 0.1377245508982036,
        "percentage_novel_3-gram": 0.5966850828729282,
        "percentage_repeated_3-gram_in_summ": 0.07734806629834254
    }
}