{
    "DataStats": {
        "coverage": 0.9281045751633987,
        "density": 4.9411764705882355,
        "compression": 35.87581699346405,
        "summary_length": 153.0,
        "percentage_novel_1-gram": 0.1527777777777778,
        "percentage_repeated_1-gram_in_summ": 0.375,
        "percentage_novel_2-gram": 0.34959349593495936,
        "percentage_repeated_2-gram_in_summ": 0.14634146341463414,
        "percentage_novel_3-gram": 0.5606060606060606,
        "percentage_repeated_3-gram_in_summ": 0.09090909090909091
    }
}