{
    "DataStats": {
        "coverage": 0.9154228855721394,
        "density": 3.9800995024875623,
        "compression": 24.199004975124378,
        "summary_length": 201.0,
        "percentage_novel_1-gram": 0.16037735849056603,
        "percentage_repeated_1-gram_in_summ": 0.2830188679245283,
        "percentage_novel_2-gram": 0.436046511627907,
        "percentage_repeated_2-gram_in_summ": 0.11627906976744186,
        "percentage_novel_3-gram": 0.6577540106951871,
        "percentage_repeated_3-gram_in_summ": 0.058823529411764705
    }
}