{
    "DataStats": {
        "coverage": 0.9078947368421053,
        "density": 3.25,
        "compression": 27.49342105263158,
        "summary_length": 152.0,
        "percentage_novel_1-gram": 0.1927710843373494,
        "percentage_repeated_1-gram_in_summ": 0.2289156626506024,
        "percentage_novel_2-gram": 0.5158730158730159,
        "percentage_repeated_2-gram_in_summ": 0.10317460317460317,
        "percentage_novel_3-gram": 0.7338129496402878,
        "percentage_repeated_3-gram_in_summ": 0.04316546762589928
    }
}