{
    "DataStats": {
        "coverage": 0.9,
        "density": 2.3,
        "compression": 52.66923076923077,
        "summary_length": 130.0,
        "percentage_novel_1-gram": 0.16470588235294117,
        "percentage_repeated_1-gram_in_summ": 0.21176470588235294,
        "percentage_novel_2-gram": 0.5128205128205128,
        "percentage_repeated_2-gram_in_summ": 0.06837606837606838,
        "percentage_novel_3-gram": 0.8211382113821138,
        "percentage_repeated_3-gram_in_summ": 0.032520325203252036
    }
}