{
    "DataStats": {
        "coverage": 0.9203539823008849,
        "density": 2.6548672566371683,
        "compression": 30.84070796460177,
        "summary_length": 113.0,
        "percentage_novel_1-gram": 0.1917808219178082,
        "percentage_repeated_1-gram_in_summ": 0.2876712328767123,
        "percentage_novel_2-gram": 0.5,
        "percentage_repeated_2-gram_in_summ": 0.0673076923076923,
        "percentage_novel_3-gram": 0.7727272727272727,
        "percentage_repeated_3-gram_in_summ": 0.00909090909090909
    }
}