{
    "DataStats": {
        "coverage": 0.944954128440367,
        "density": 4.972477064220183,
        "compression": 20.389908256880734,
        "summary_length": 218.0,
        "percentage_novel_1-gram": 0.10185185185185185,
        "percentage_repeated_1-gram_in_summ": 0.37037037037037035,
        "percentage_novel_2-gram": 0.3155080213903743,
        "percentage_repeated_2-gram_in_summ": 0.12299465240641712,
        "percentage_novel_3-gram": 0.5288461538461539,
        "percentage_repeated_3-gram_in_summ": 0.038461538461538464
    }
}