{
    "DataStats": {
        "coverage": 0.9415584415584416,
        "density": 2.6298701298701297,
        "compression": 35.52597402597402,
        "summary_length": 154.0,
        "percentage_novel_1-gram": 0.11235955056179775,
        "percentage_repeated_1-gram_in_summ": 0.34831460674157305,
        "percentage_novel_2-gram": 0.42657342657342656,
        "percentage_repeated_2-gram_in_summ": 0.055944055944055944,
        "percentage_novel_3-gram": 0.7583892617449665,
        "percentage_repeated_3-gram_in_summ": 0.020134228187919462
    }
}