{
    "DataStats": {
        "coverage": 0.905940594059406,
        "density": 2.5693069306930694,
        "compression": 27.683168316831683,
        "summary_length": 202.0,
        "percentage_novel_1-gram": 0.19298245614035087,
        "percentage_repeated_1-gram_in_summ": 0.24561403508771928,
        "percentage_novel_2-gram": 0.5271739130434783,
        "percentage_repeated_2-gram_in_summ": 0.07608695652173914,
        "percentage_novel_3-gram": 0.7868020304568528,
        "percentage_repeated_3-gram_in_summ": 0.015228426395939087
    }
}