{
    "DataStats": {
        "coverage": 0.8757763975155279,
        "density": 2.1180124223602483,
        "compression": 23.36024844720497,
        "summary_length": 161.0,
        "percentage_novel_1-gram": 0.1958762886597938,
        "percentage_repeated_1-gram_in_summ": 0.30927835051546393,
        "percentage_novel_2-gram": 0.5827338129496403,
        "percentage_repeated_2-gram_in_summ": 0.10071942446043165,
        "percentage_novel_3-gram": 0.831081081081081,
        "percentage_repeated_3-gram_in_summ": 0.060810810810810814
    }
}