{
    "DataStats": {
        "coverage": 0.9382239382239382,
        "density": 3.525096525096525,
        "compression": 15.67953667953668,
        "summary_length": 259.0,
        "percentage_novel_1-gram": 0.16666666666666666,
        "percentage_repeated_1-gram_in_summ": 0.3,
        "percentage_novel_2-gram": 0.4567307692307692,
        "percentage_repeated_2-gram_in_summ": 0.125,
        "percentage_novel_3-gram": 0.7056277056277056,
        "percentage_repeated_3-gram_in_summ": 0.07792207792207792
    }
}