{
    "DataStats": {
        "coverage": 0.8780487804878049,
        "density": 2.2113821138211383,
        "compression": 21.48780487804878,
        "summary_length": 123.0,
        "percentage_novel_1-gram": 0.1927710843373494,
        "percentage_repeated_1-gram_in_summ": 0.18072289156626506,
        "percentage_novel_2-gram": 0.5689655172413793,
        "percentage_repeated_2-gram_in_summ": 0.04310344827586207,
        "percentage_novel_3-gram": 0.8083333333333333,
        "percentage_repeated_3-gram_in_summ": 0.008333333333333333
    }
}