{
    "DataStats": {
        "coverage": 0.9044585987261147,
        "density": 3.159235668789809,
        "compression": 20.88535031847134,
        "summary_length": 157.0,
        "percentage_novel_1-gram": 0.20454545454545456,
        "percentage_repeated_1-gram_in_summ": 0.29545454545454547,
        "percentage_novel_2-gram": 0.5492957746478874,
        "percentage_repeated_2-gram_in_summ": 0.07746478873239436,
        "percentage_novel_3-gram": 0.78,
        "percentage_repeated_3-gram_in_summ": 0.03333333333333333
    }
}