{
    "DataStats": {
        "coverage": 0.9101796407185628,
        "density": 4.155688622754491,
        "compression": 40.06586826347306,
        "summary_length": 167.0,
        "percentage_novel_1-gram": 0.16161616161616163,
        "percentage_repeated_1-gram_in_summ": 0.2828282828282828,
        "percentage_novel_2-gram": 0.4966887417218543,
        "percentage_repeated_2-gram_in_summ": 0.07947019867549669,
        "percentage_novel_3-gram": 0.6790123456790124,
        "percentage_repeated_3-gram_in_summ": 0.018518518518518517
    }
}