{
    "DataStats": {
        "coverage": 0.9222222222222223,
        "density": 2.5,
        "compression": 52.67777777777778,
        "summary_length": 90.0,
        "percentage_novel_1-gram": 0.109375,
        "percentage_repeated_1-gram_in_summ": 0.203125,
        "percentage_novel_2-gram": 0.4942528735632184,
        "percentage_repeated_2-gram_in_summ": 0.011494252873563218,
        "percentage_novel_3-gram": 0.7159090909090909,
        "percentage_repeated_3-gram_in_summ": 0.0
    }
}