{
    "DataStats": {
        "coverage": 0.9197530864197531,
        "density": 3.7839506172839505,
        "compression": 37.05555555555556,
        "summary_length": 162.0,
        "percentage_novel_1-gram": 0.14285714285714285,
        "percentage_repeated_1-gram_in_summ": 0.34065934065934067,
        "percentage_novel_2-gram": 0.4195804195804196,
        "percentage_repeated_2-gram_in_summ": 0.1048951048951049,
        "percentage_novel_3-gram": 0.6883116883116883,
        "percentage_repeated_3-gram_in_summ": 0.032467532467532464
    }
}