{
    "DataStats": {
        "coverage": 0.9432624113475178,
        "density": 3.25531914893617,
        "compression": 28.170212765957448,
        "summary_length": 141.0,
        "percentage_novel_1-gram": 0.10126582278481013,
        "percentage_repeated_1-gram_in_summ": 0.35443037974683544,
        "percentage_novel_2-gram": 0.432,
        "percentage_repeated_2-gram_in_summ": 0.088,
        "percentage_novel_3-gram": 0.6917293233082706,
        "percentage_repeated_3-gram_in_summ": 0.03759398496240601
    }
}