{
    "DataStats": {
        "coverage": 0.8978102189781022,
        "density": 2.5328467153284673,
        "compression": 20.62773722627737,
        "summary_length": 137.0,
        "percentage_novel_1-gram": 0.1724137931034483,
        "percentage_repeated_1-gram_in_summ": 0.21839080459770116,
        "percentage_novel_2-gram": 0.5271317829457365,
        "percentage_repeated_2-gram_in_summ": 0.046511627906976744,
        "percentage_novel_3-gram": 0.7744360902255639,
        "percentage_repeated_3-gram_in_summ": 0.015037593984962405
    }
}