{
    "DataStats": {
        "coverage": 0.9702380952380952,
        "density": 3.1607142857142856,
        "compression": 43.160714285714285,
        "summary_length": 168.0,
        "percentage_novel_1-gram": 0.05555555555555555,
        "percentage_repeated_1-gram_in_summ": 0.37777777777777777,
        "percentage_novel_2-gram": 0.32116788321167883,
        "percentage_repeated_2-gram_in_summ": 0.1678832116788321,
        "percentage_novel_3-gram": 0.6114649681528662,
        "percentage_repeated_3-gram_in_summ": 0.05732484076433121
    }
}