{
    "DataStats": {
        "coverage": 0.903448275862069,
        "density": 2.1862068965517243,
        "compression": 38.12413793103448,
        "summary_length": 145.0,
        "percentage_novel_1-gram": 0.17045454545454544,
        "percentage_repeated_1-gram_in_summ": 0.2727272727272727,
        "percentage_novel_2-gram": 0.5671641791044776,
        "percentage_repeated_2-gram_in_summ": 0.07462686567164178,
        "percentage_novel_3-gram": 0.8201438848920863,
        "percentage_repeated_3-gram_in_summ": 0.02877697841726619
    }
}