{
    "DataStats": {
        "coverage": 0.954248366013072,
        "density": 3.0588235294117645,
        "compression": 22.88888888888889,
        "summary_length": 153.0,
        "percentage_novel_1-gram": 0.1111111111111111,
        "percentage_repeated_1-gram_in_summ": 0.5138888888888888,
        "percentage_novel_2-gram": 0.3951612903225806,
        "percentage_repeated_2-gram_in_summ": 0.1935483870967742,
        "percentage_novel_3-gram": 0.6875,
        "percentage_repeated_3-gram_in_summ": 0.04861111111111111
    }
}