{
    "DataStats": {
        "coverage": 0.9166666666666666,
        "density": 4.916666666666667,
        "compression": 23.12878787878788,
        "summary_length": 132.0,
        "percentage_novel_1-gram": 0.16666666666666666,
        "percentage_repeated_1-gram_in_summ": 0.25,
        "percentage_novel_2-gram": 0.4146341463414634,
        "percentage_repeated_2-gram_in_summ": 0.056910569105691054,
        "percentage_novel_3-gram": 0.6046511627906976,
        "percentage_repeated_3-gram_in_summ": 0.007751937984496124
    }
}