{
    "DataStats": {
        "coverage": 0.8963730569948186,
        "density": 3.6010362694300517,
        "compression": 21.44559585492228,
        "summary_length": 193.0,
        "percentage_novel_1-gram": 0.19298245614035087,
        "percentage_repeated_1-gram_in_summ": 0.2543859649122807,
        "percentage_novel_2-gram": 0.5114942528735632,
        "percentage_repeated_2-gram_in_summ": 0.06321839080459771,
        "percentage_novel_3-gram": 0.745945945945946,
        "percentage_repeated_3-gram_in_summ": 0.021621621621621623
    }
}