{
    "DataStats": {
        "coverage": 0.96,
        "density": 3.3714285714285714,
        "compression": 38.45142857142857,
        "summary_length": 175.0,
        "percentage_novel_1-gram": 0.07766990291262135,
        "percentage_repeated_1-gram_in_summ": 0.27184466019417475,
        "percentage_novel_2-gram": 0.3741935483870968,
        "percentage_repeated_2-gram_in_summ": 0.09032258064516129,
        "percentage_novel_3-gram": 0.6407185628742516,
        "percentage_repeated_3-gram_in_summ": 0.029940119760479042
    }
}