{
    "DataStats": {
        "coverage": 0.9150326797385621,
        "density": 2.457516339869281,
        "compression": 26.19607843137255,
        "summary_length": 153.0,
        "percentage_novel_1-gram": 0.14444444444444443,
        "percentage_repeated_1-gram_in_summ": 0.3333333333333333,
        "percentage_novel_2-gram": 0.44680851063829785,
        "percentage_repeated_2-gram_in_summ": 0.07801418439716312,
        "percentage_novel_3-gram": 0.7866666666666666,
        "percentage_repeated_3-gram_in_summ": 0.006666666666666667
    }
}