{
    "DataStats": {
        "coverage": 0.9032258064516129,
        "density": 3.129032258064516,
        "compression": 18.177419354838708,
        "summary_length": 124.0,
        "percentage_novel_1-gram": 0.15730337078651685,
        "percentage_repeated_1-gram_in_summ": 0.1797752808988764,
        "percentage_novel_2-gram": 0.49166666666666664,
        "percentage_repeated_2-gram_in_summ": 0.025,
        "percentage_novel_3-gram": 0.680327868852459,
        "percentage_repeated_3-gram_in_summ": 0.0
    }
}