{
    "DataStats": {
        "coverage": 0.9361702127659575,
        "density": 3.3617021276595747,
        "compression": 30.329787234042552,
        "summary_length": 94.0,
        "percentage_novel_1-gram": 0.08695652173913043,
        "percentage_repeated_1-gram_in_summ": 0.2463768115942029,
        "percentage_novel_2-gram": 0.391304347826087,
        "percentage_repeated_2-gram_in_summ": 0.010869565217391304,
        "percentage_novel_3-gram": 0.6739130434782609,
        "percentage_repeated_3-gram_in_summ": 0.0
    }
}