{
    "DataStats": {
        "coverage": 0.9559748427672956,
        "density": 3.811320754716981,
        "compression": 42.9685534591195,
        "summary_length": 159.0,
        "percentage_novel_1-gram": 0.0967741935483871,
        "percentage_repeated_1-gram_in_summ": 0.26881720430107525,
        "percentage_novel_2-gram": 0.36231884057971014,
        "percentage_repeated_2-gram_in_summ": 0.10144927536231885,
        "percentage_novel_3-gram": 0.625,
        "percentage_repeated_3-gram_in_summ": 0.02631578947368421
    }
}