{
    "DataStats": {
        "coverage": 0.9329268292682927,
        "density": 2.7134146341463414,
        "compression": 28.951219512195124,
        "summary_length": 164.0,
        "percentage_novel_1-gram": 0.13636363636363635,
        "percentage_repeated_1-gram_in_summ": 0.2727272727272727,
        "percentage_novel_2-gram": 0.4236111111111111,
        "percentage_repeated_2-gram_in_summ": 0.09722222222222222,
        "percentage_novel_3-gram": 0.6415094339622641,
        "percentage_repeated_3-gram_in_summ": 0.018867924528301886
    }
}