{
    "DataStats": {
        "coverage": 0.9119496855345912,
        "density": 2.509433962264151,
        "compression": 30.10062893081761,
        "summary_length": 159.0,
        "percentage_novel_1-gram": 0.1326530612244898,
        "percentage_repeated_1-gram_in_summ": 0.23469387755102042,
        "percentage_novel_2-gram": 0.48,
        "percentage_repeated_2-gram_in_summ": 0.04666666666666667,
        "percentage_novel_3-gram": 0.7806451612903226,
        "percentage_repeated_3-gram_in_summ": 0.012903225806451613
    }
}