{
    "DataStats": {
        "coverage": 0.9418604651162791,
        "density": 3.1627906976744184,
        "compression": 40.56976744186046,
        "summary_length": 172.0,
        "percentage_novel_1-gram": 0.10416666666666667,
        "percentage_repeated_1-gram_in_summ": 0.3333333333333333,
        "percentage_novel_2-gram": 0.38666666666666666,
        "percentage_repeated_2-gram_in_summ": 0.10666666666666667,
        "percentage_novel_3-gram": 0.6583850931677019,
        "percentage_repeated_3-gram_in_summ": 0.049689440993788817
    }
}