{
    "DataStats": {
        "coverage": 0.937984496124031,
        "density": 2.24031007751938,
        "compression": 34.31782945736434,
        "summary_length": 129.0,
        "percentage_novel_1-gram": 0.1643835616438356,
        "percentage_repeated_1-gram_in_summ": 0.3287671232876712,
        "percentage_novel_2-gram": 0.5454545454545454,
        "percentage_repeated_2-gram_in_summ": 0.14545454545454545,
        "percentage_novel_3-gram": 0.7903225806451613,
        "percentage_repeated_3-gram_in_summ": 0.024193548387096774
    }
}