{
    "DataStats": {
        "coverage": 0.8958333333333334,
        "density": 3.5347222222222223,
        "compression": 39.11805555555556,
        "summary_length": 144.0,
        "percentage_novel_1-gram": 0.17045454545454544,
        "percentage_repeated_1-gram_in_summ": 0.29545454545454547,
        "percentage_novel_2-gram": 0.4426229508196721,
        "percentage_repeated_2-gram_in_summ": 0.13114754098360656,
        "percentage_novel_3-gram": 0.6742424242424242,
        "percentage_repeated_3-gram_in_summ": 0.06818181818181818
    }
}