{
    "DataStats": {
        "coverage": 0.9358974358974359,
        "density": 7.384615384615385,
        "compression": 22.08974358974359,
        "summary_length": 156.0,
        "percentage_novel_1-gram": 0.11494252873563218,
        "percentage_repeated_1-gram_in_summ": 0.3448275862068966,
        "percentage_novel_2-gram": 0.38686131386861317,
        "percentage_repeated_2-gram_in_summ": 0.11678832116788321,
        "percentage_novel_3-gram": 0.5273972602739726,
        "percentage_repeated_3-gram_in_summ": 0.0547945205479452
    }
}