{
    "DataStats": {
        "coverage": 0.908256880733945,
        "density": 3.091743119266055,
        "compression": 28.18348623853211,
        "summary_length": 109.0,
        "percentage_novel_1-gram": 0.1643835616438356,
        "percentage_repeated_1-gram_in_summ": 0.2328767123287671,
        "percentage_novel_2-gram": 0.4117647058823529,
        "percentage_repeated_2-gram_in_summ": 0.049019607843137254,
        "percentage_novel_3-gram": 0.6261682242990654,
        "percentage_repeated_3-gram_in_summ": 0.0
    }
}