{
    "DataStats": {
        "coverage": 0.8841463414634146,
        "density": 3.6158536585365852,
        "compression": 21.99390243902439,
        "summary_length": 164.0,
        "percentage_novel_1-gram": 0.20952380952380953,
        "percentage_repeated_1-gram_in_summ": 0.2571428571428571,
        "percentage_novel_2-gram": 0.4900662251655629,
        "percentage_repeated_2-gram_in_summ": 0.06622516556291391,
        "percentage_novel_3-gram": 0.7197452229299363,
        "percentage_repeated_3-gram_in_summ": 0.03184713375796178
    }
}