{
    "DataStats": {
        "coverage": 0.9290322580645162,
        "density": 2.4387096774193546,
        "compression": 35.39354838709677,
        "summary_length": 155.0,
        "percentage_novel_1-gram": 0.11702127659574468,
        "percentage_repeated_1-gram_in_summ": 0.22340425531914893,
        "percentage_novel_2-gram": 0.4594594594594595,
        "percentage_repeated_2-gram_in_summ": 0.02702702702702703,
        "percentage_novel_3-gram": 0.7647058823529411,
        "percentage_repeated_3-gram_in_summ": 0.0
    }
}