{
    "DataStats": {
        "coverage": 0.8986486486486487,
        "density": 3.9662162162162162,
        "compression": 20.486486486486488,
        "summary_length": 148.0,
        "percentage_novel_1-gram": 0.17777777777777778,
        "percentage_repeated_1-gram_in_summ": 0.26666666666666666,
        "percentage_novel_2-gram": 0.34558823529411764,
        "percentage_repeated_2-gram_in_summ": 0.051470588235294115,
        "percentage_novel_3-gram": 0.5454545454545454,
        "percentage_repeated_3-gram_in_summ": 0.013986013986013986
    }
}