{
    "DataStats": {
        "coverage": 0.9069767441860465,
        "density": 2.755813953488372,
        "compression": 21.517441860465116,
        "summary_length": 172.0,
        "percentage_novel_1-gram": 0.1935483870967742,
        "percentage_repeated_1-gram_in_summ": 0.27956989247311825,
        "percentage_novel_2-gram": 0.5369127516778524,
        "percentage_repeated_2-gram_in_summ": 0.10067114093959731,
        "percentage_novel_3-gram": 0.74375,
        "percentage_repeated_3-gram_in_summ": 0.05
    }
}