{
    "DataStats": {
        "coverage": 0.9375,
        "density": 3.0,
        "compression": 43.1875,
        "summary_length": 128.0,
        "percentage_novel_1-gram": 0.09876543209876543,
        "percentage_repeated_1-gram_in_summ": 0.2345679012345679,
        "percentage_novel_2-gram": 0.4083333333333333,
        "percentage_repeated_2-gram_in_summ": 0.041666666666666664,
        "percentage_novel_3-gram": 0.656,
        "percentage_repeated_3-gram_in_summ": 0.008
    }
}