{
    "DataStats": {
        "coverage": 0.8688524590163934,
        "density": 2.8852459016393444,
        "compression": 38.057377049180324,
        "summary_length": 122.0,
        "percentage_novel_1-gram": 0.2,
        "percentage_repeated_1-gram_in_summ": 0.25,
        "percentage_novel_2-gram": 0.5357142857142857,
        "percentage_repeated_2-gram_in_summ": 0.0625,
        "percentage_novel_3-gram": 0.7043478260869566,
        "percentage_repeated_3-gram_in_summ": 0.034782608695652174
    }
}