{
    "DataStats": {
        "coverage": 0.96,
        "density": 2.9485714285714284,
        "compression": 35.83428571428571,
        "summary_length": 175.0,
        "percentage_novel_1-gram": 0.07692307692307693,
        "percentage_repeated_1-gram_in_summ": 0.2980769230769231,
        "percentage_novel_2-gram": 0.453416149068323,
        "percentage_repeated_2-gram_in_summ": 0.049689440993788817,
        "percentage_novel_3-gram": 0.7134502923976608,
        "percentage_repeated_3-gram_in_summ": 0.011695906432748537
    }
}