{
    "DataStats": {
        "coverage": 0.9139784946236559,
        "density": 2.7311827956989245,
        "compression": 23.849462365591396,
        "summary_length": 186.0,
        "percentage_novel_1-gram": 0.1827956989247312,
        "percentage_repeated_1-gram_in_summ": 0.3333333333333333,
        "percentage_novel_2-gram": 0.4036144578313253,
        "percentage_repeated_2-gram_in_summ": 0.09036144578313253,
        "percentage_novel_3-gram": 0.6906077348066298,
        "percentage_repeated_3-gram_in_summ": 0.016574585635359115
    }
}