{
    "DataStats": {
        "coverage": 0.8978102189781022,
        "density": 3.3795620437956204,
        "compression": 51.74452554744526,
        "summary_length": 137.0,
        "percentage_novel_1-gram": 0.17333333333333334,
        "percentage_repeated_1-gram_in_summ": 0.29333333333333333,
        "percentage_novel_2-gram": 0.4956521739130435,
        "percentage_repeated_2-gram_in_summ": 0.12173913043478261,
        "percentage_novel_3-gram": 0.703125,
        "percentage_repeated_3-gram_in_summ": 0.0390625
    }
}