{
    "DataStats": {
        "coverage": 0.958041958041958,
        "density": 3.5314685314685317,
        "compression": 23.272727272727273,
        "summary_length": 143.0,
        "percentage_novel_1-gram": 0.07142857142857142,
        "percentage_repeated_1-gram_in_summ": 0.27380952380952384,
        "percentage_novel_2-gram": 0.3178294573643411,
        "percentage_repeated_2-gram_in_summ": 0.08527131782945736,
        "percentage_novel_3-gram": 0.6546762589928058,
        "percentage_repeated_3-gram_in_summ": 0.014388489208633094
    }
}