{
    "DataStats": {
        "coverage": 0.9459459459459459,
        "density": 3.691891891891892,
        "compression": 26.91891891891892,
        "summary_length": 185.0,
        "percentage_novel_1-gram": 0.10204081632653061,
        "percentage_repeated_1-gram_in_summ": 0.2653061224489796,
        "percentage_novel_2-gram": 0.32926829268292684,
        "percentage_repeated_2-gram_in_summ": 0.07926829268292683,
        "percentage_novel_3-gram": 0.6067415730337079,
        "percentage_repeated_3-gram_in_summ": 0.028089887640449437
    }
}