{
    "DataStats": {
        "coverage": 0.8970588235294118,
        "density": 3.1519607843137254,
        "compression": 20.955882352941178,
        "summary_length": 204.0,
        "percentage_novel_1-gram": 0.2268041237113402,
        "percentage_repeated_1-gram_in_summ": 0.36082474226804123,
        "percentage_novel_2-gram": 0.4662576687116564,
        "percentage_repeated_2-gram_in_summ": 0.1411042944785276,
        "percentage_novel_3-gram": 0.6885245901639344,
        "percentage_repeated_3-gram_in_summ": 0.07103825136612021
    }
}