{
    "DataStats": {
        "coverage": 0.9029126213592233,
        "density": 2.320388349514563,
        "compression": 37.262135922330096,
        "summary_length": 103.0,
        "percentage_novel_1-gram": 0.16129032258064516,
        "percentage_repeated_1-gram_in_summ": 0.24193548387096775,
        "percentage_novel_2-gram": 0.48936170212765956,
        "percentage_repeated_2-gram_in_summ": 0.07446808510638298,
        "percentage_novel_3-gram": 0.7653061224489796,
        "percentage_repeated_3-gram_in_summ": 0.030612244897959183
    }
}