{
    "DataStats": {
        "coverage": 0.9,
        "density": 2.5842105263157893,
        "compression": 25.763157894736842,
        "summary_length": 190.0,
        "percentage_novel_1-gram": 0.18269230769230768,
        "percentage_repeated_1-gram_in_summ": 0.17307692307692307,
        "percentage_novel_2-gram": 0.49101796407185627,
        "percentage_repeated_2-gram_in_summ": 0.07784431137724551,
        "percentage_novel_3-gram": 0.7417582417582418,
        "percentage_repeated_3-gram_in_summ": 0.027472527472527472
    }
}