{
    "DataStats": {
        "coverage": 0.9115646258503401,
        "density": 3.496598639455782,
        "compression": 25.0,
        "summary_length": 147.0,
        "percentage_novel_1-gram": 0.1724137931034483,
        "percentage_repeated_1-gram_in_summ": 0.2988505747126437,
        "percentage_novel_2-gram": 0.4566929133858268,
        "percentage_repeated_2-gram_in_summ": 0.12598425196850394,
        "percentage_novel_3-gram": 0.635036496350365,
        "percentage_repeated_3-gram_in_summ": 0.058394160583941604
    }
}