{
    "DataStats": {
        "coverage": 0.8773006134969326,
        "density": 2.5705521472392636,
        "compression": 21.049079754601227,
        "summary_length": 163.0,
        "percentage_novel_1-gram": 0.2,
        "percentage_repeated_1-gram_in_summ": 0.3157894736842105,
        "percentage_novel_2-gram": 0.5416666666666666,
        "percentage_repeated_2-gram_in_summ": 0.05555555555555555,
        "percentage_novel_3-gram": 0.7628205128205128,
        "percentage_repeated_3-gram_in_summ": 0.01282051282051282
    }
}