{
    "DataStats": {
        "coverage": 0.9,
        "density": 3.3625,
        "compression": 26.375,
        "summary_length": 160.0,
        "percentage_novel_1-gram": 0.16494845360824742,
        "percentage_repeated_1-gram_in_summ": 0.29896907216494845,
        "percentage_novel_2-gram": 0.4726027397260274,
        "percentage_repeated_2-gram_in_summ": 0.06164383561643835,
        "percentage_novel_3-gram": 0.7039473684210527,
        "percentage_repeated_3-gram_in_summ": 0.03289473684210526
    }
}