{
    "DataStats": {
        "coverage": 0.9457831325301205,
        "density": 3.0301204819277108,
        "compression": 32.48192771084337,
        "summary_length": 166.0,
        "percentage_novel_1-gram": 0.10309278350515463,
        "percentage_repeated_1-gram_in_summ": 0.30927835051546393,
        "percentage_novel_2-gram": 0.46,
        "percentage_repeated_2-gram_in_summ": 0.08,
        "percentage_novel_3-gram": 0.675,
        "percentage_repeated_3-gram_in_summ": 0.01875
    }
}