{
    "DataStats": {
        "coverage": 0.9289099526066351,
        "density": 3.279620853080569,
        "compression": 26.805687203791468,
        "summary_length": 211.0,
        "percentage_novel_1-gram": 0.11570247933884298,
        "percentage_repeated_1-gram_in_summ": 0.2727272727272727,
        "percentage_novel_2-gram": 0.45901639344262296,
        "percentage_repeated_2-gram_in_summ": 0.09289617486338798,
        "percentage_novel_3-gram": 0.6865671641791045,
        "percentage_repeated_3-gram_in_summ": 0.03482587064676617
    }
}