{
    "DataStats": {
        "coverage": 0.9269662921348315,
        "density": 2.747191011235955,
        "compression": 28.365168539325843,
        "summary_length": 178.0,
        "percentage_novel_1-gram": 0.15463917525773196,
        "percentage_repeated_1-gram_in_summ": 0.29896907216494845,
        "percentage_novel_2-gram": 0.5192307692307693,
        "percentage_repeated_2-gram_in_summ": 0.07692307692307693,
        "percentage_novel_3-gram": 0.7619047619047619,
        "percentage_repeated_3-gram_in_summ": 0.023809523809523808
    }
}