{
    "DataStats": {
        "coverage": 0.9326923076923077,
        "density": 3.2788461538461537,
        "compression": 26.25,
        "summary_length": 208.0,
        "percentage_novel_1-gram": 0.11304347826086956,
        "percentage_repeated_1-gram_in_summ": 0.30434782608695654,
        "percentage_novel_2-gram": 0.33516483516483514,
        "percentage_repeated_2-gram_in_summ": 0.0989010989010989,
        "percentage_novel_3-gram": 0.6173469387755102,
        "percentage_repeated_3-gram_in_summ": 0.04081632653061224
    }
}