{
    "DataStats": {
        "coverage": 0.9096385542168675,
        "density": 2.427710843373494,
        "compression": 20.174698795180724,
        "summary_length": 166.0,
        "percentage_novel_1-gram": 0.1941747572815534,
        "percentage_repeated_1-gram_in_summ": 0.20388349514563106,
        "percentage_novel_2-gram": 0.5098039215686274,
        "percentage_repeated_2-gram_in_summ": 0.06535947712418301,
        "percentage_novel_3-gram": 0.7564102564102564,
        "percentage_repeated_3-gram_in_summ": 0.04487179487179487
    }
}