{
    "DataStats": {
        "coverage": 0.8923076923076924,
        "density": 2.7487179487179487,
        "compression": 21.43076923076923,
        "summary_length": 195.0,
        "percentage_novel_1-gram": 0.21495327102803738,
        "percentage_repeated_1-gram_in_summ": 0.2336448598130841,
        "percentage_novel_2-gram": 0.577639751552795,
        "percentage_repeated_2-gram_in_summ": 0.11180124223602485,
        "percentage_novel_3-gram": 0.7727272727272727,
        "percentage_repeated_3-gram_in_summ": 0.056818181818181816
    }
}