{
    "DataStats": {
        "coverage": 0.8835616438356164,
        "density": 2.5547945205479454,
        "compression": 25.383561643835616,
        "summary_length": 292.0,
        "percentage_novel_1-gram": 0.20833333333333334,
        "percentage_repeated_1-gram_in_summ": 0.43333333333333335,
        "percentage_novel_2-gram": 0.5525114155251142,
        "percentage_repeated_2-gram_in_summ": 0.1872146118721461,
        "percentage_novel_3-gram": 0.7596899224806202,
        "percentage_repeated_3-gram_in_summ": 0.08527131782945736
    }
}