{
    "DataStats": {
        "coverage": 0.8930817610062893,
        "density": 2.2641509433962264,
        "compression": 41.943396226415096,
        "summary_length": 159.0,
        "percentage_novel_1-gram": 0.20212765957446807,
        "percentage_repeated_1-gram_in_summ": 0.26595744680851063,
        "percentage_novel_2-gram": 0.6197183098591549,
        "percentage_repeated_2-gram_in_summ": 0.09154929577464789,
        "percentage_novel_3-gram": 0.8496732026143791,
        "percentage_repeated_3-gram_in_summ": 0.026143790849673203
    }
}