{
    "DataStats": {
        "coverage": 0.8833333333333333,
        "density": 2.9944444444444445,
        "compression": 37.894444444444446,
        "summary_length": 180.0,
        "percentage_novel_1-gram": 0.1743119266055046,
        "percentage_repeated_1-gram_in_summ": 0.3119266055045872,
        "percentage_novel_2-gram": 0.4880952380952381,
        "percentage_repeated_2-gram_in_summ": 0.047619047619047616,
        "percentage_novel_3-gram": 0.7272727272727273,
        "percentage_repeated_3-gram_in_summ": 0.011363636363636364
    }
}