{
    "DataStats": {
        "coverage": 0.8409090909090909,
        "density": 1.6136363636363635,
        "compression": 22.636363636363637,
        "summary_length": 132.0,
        "percentage_novel_1-gram": 0.2558139534883721,
        "percentage_repeated_1-gram_in_summ": 0.22093023255813954,
        "percentage_novel_2-gram": 0.696,
        "percentage_repeated_2-gram_in_summ": 0.048,
        "percentage_novel_3-gram": 0.8837209302325582,
        "percentage_repeated_3-gram_in_summ": 0.007751937984496124
    }
}