{
    "DataStats": {
        "coverage": 0.8933333333333333,
        "density": 1.6133333333333333,
        "compression": 18.22,
        "summary_length": 150.0,
        "percentage_novel_1-gram": 0.20202020202020202,
        "percentage_repeated_1-gram_in_summ": 0.24242424242424243,
        "percentage_novel_2-gram": 0.7379310344827587,
        "percentage_repeated_2-gram_in_summ": 0.027586206896551724,
        "percentage_novel_3-gram": 0.9115646258503401,
        "percentage_repeated_3-gram_in_summ": 0.006802721088435374
    }
}