{
    "DataStats": {
        "coverage": 0.8769230769230769,
        "density": 2.2153846153846155,
        "compression": 34.15384615384615,
        "summary_length": 130.0,
        "percentage_novel_1-gram": 0.20987654320987653,
        "percentage_repeated_1-gram_in_summ": 0.2962962962962963,
        "percentage_novel_2-gram": 0.625,
        "percentage_repeated_2-gram_in_summ": 0.05,
        "percentage_novel_3-gram": 0.873015873015873,
        "percentage_repeated_3-gram_in_summ": 0.007936507936507936
    }
}