{
    "DataStats": {
        "coverage": 0.9240506329113924,
        "density": 2.3586497890295357,
        "compression": 22.91561181434599,
        "summary_length": 237.0,
        "percentage_novel_1-gram": 0.1590909090909091,
        "percentage_repeated_1-gram_in_summ": 0.29545454545454547,
        "percentage_novel_2-gram": 0.5688073394495413,
        "percentage_repeated_2-gram_in_summ": 0.05963302752293578,
        "percentage_novel_3-gram": 0.8008658008658008,
        "percentage_repeated_3-gram_in_summ": 0.012987012987012988
    }
}