{
    "DataStats": {
        "coverage": 0.9523809523809523,
        "density": 4.796536796536796,
        "compression": 20.017316017316016,
        "summary_length": 231.0,
        "percentage_novel_1-gram": 0.10236220472440945,
        "percentage_repeated_1-gram_in_summ": 0.2755905511811024,
        "percentage_novel_2-gram": 0.37,
        "percentage_repeated_2-gram_in_summ": 0.11,
        "percentage_novel_3-gram": 0.6,
        "percentage_repeated_3-gram_in_summ": 0.05581395348837209
    }
}