{
    "DataStats": {
        "coverage": 0.9277777777777778,
        "density": 3.183333333333333,
        "compression": 18.488888888888887,
        "summary_length": 180.0,
        "percentage_novel_1-gram": 0.1346153846153846,
        "percentage_repeated_1-gram_in_summ": 0.2980769230769231,
        "percentage_novel_2-gram": 0.509090909090909,
        "percentage_repeated_2-gram_in_summ": 0.06060606060606061,
        "percentage_novel_3-gram": 0.7272727272727273,
        "percentage_repeated_3-gram_in_summ": 0.011363636363636364
    }
}