{
    "DataStats": {
        "coverage": 0.9113300492610837,
        "density": 3.7881773399014778,
        "compression": 14.935960591133005,
        "summary_length": 203.0,
        "percentage_novel_1-gram": 0.19827586206896552,
        "percentage_repeated_1-gram_in_summ": 0.29310344827586204,
        "percentage_novel_2-gram": 0.4838709677419355,
        "percentage_repeated_2-gram_in_summ": 0.06989247311827956,
        "percentage_novel_3-gram": 0.7222222222222222,
        "percentage_repeated_3-gram_in_summ": 0.015151515151515152
    }
}