{
    "DataStats": {
        "coverage": 0.8961038961038961,
        "density": 2.3376623376623376,
        "compression": 31.415584415584416,
        "summary_length": 154.0,
        "percentage_novel_1-gram": 0.1935483870967742,
        "percentage_repeated_1-gram_in_summ": 0.24731182795698925,
        "percentage_novel_2-gram": 0.4857142857142857,
        "percentage_repeated_2-gram_in_summ": 0.07142857142857142,
        "percentage_novel_3-gram": 0.777027027027027,
        "percentage_repeated_3-gram_in_summ": 0.02702702702702703
    }
}