{
    "DataStats": {
        "coverage": 0.8883248730964467,
        "density": 2.7258883248730963,
        "compression": 26.32994923857868,
        "summary_length": 197.0,
        "percentage_novel_1-gram": 0.20535714285714285,
        "percentage_repeated_1-gram_in_summ": 0.2767857142857143,
        "percentage_novel_2-gram": 0.5469613259668509,
        "percentage_repeated_2-gram_in_summ": 0.06077348066298342,
        "percentage_novel_3-gram": 0.7564766839378239,
        "percentage_repeated_3-gram_in_summ": 0.010362694300518135
    }
}