{
    "DataStats": {
        "coverage": 0.90625,
        "density": 2.375,
        "compression": 19.869791666666668,
        "summary_length": 192.0,
        "percentage_novel_1-gram": 0.17307692307692307,
        "percentage_repeated_1-gram_in_summ": 0.3173076923076923,
        "percentage_novel_2-gram": 0.5333333333333333,
        "percentage_repeated_2-gram_in_summ": 0.11515151515151516,
        "percentage_novel_3-gram": 0.8033707865168539,
        "percentage_repeated_3-gram_in_summ": 0.056179775280898875
    }
}