{
    "DataStats": {
        "coverage": 0.8582375478927203,
        "density": 2.8735632183908044,
        "compression": 16.628352490421456,
        "summary_length": 261.0,
        "percentage_novel_1-gram": 0.22058823529411764,
        "percentage_repeated_1-gram_in_summ": 0.27941176470588236,
        "percentage_novel_2-gram": 0.5394736842105263,
        "percentage_repeated_2-gram_in_summ": 0.09210526315789473,
        "percentage_novel_3-gram": 0.764,
        "percentage_repeated_3-gram_in_summ": 0.032
    }
}