{
    "DataStats": {
        "coverage": 0.9130434782608695,
        "density": 2.489130434782609,
        "compression": 34.83152173913044,
        "summary_length": 184.0,
        "percentage_novel_1-gram": 0.15789473684210525,
        "percentage_repeated_1-gram_in_summ": 0.21929824561403508,
        "percentage_novel_2-gram": 0.5260115606936416,
        "percentage_repeated_2-gram_in_summ": 0.04046242774566474,
        "percentage_novel_3-gram": 0.7821229050279329,
        "percentage_repeated_3-gram_in_summ": 0.0111731843575419
    }
}