{
    "DataStats": {
        "coverage": 0.8943661971830986,
        "density": 2.316901408450704,
        "compression": 32.69718309859155,
        "summary_length": 142.0,
        "percentage_novel_1-gram": 0.17777777777777778,
        "percentage_repeated_1-gram_in_summ": 0.26666666666666666,
        "percentage_novel_2-gram": 0.5153846153846153,
        "percentage_repeated_2-gram_in_summ": 0.08461538461538462,
        "percentage_novel_3-gram": 0.7851851851851852,
        "percentage_repeated_3-gram_in_summ": 0.037037037037037035
    }
}