{
    "DataStats": {
        "coverage": 0.9523809523809523,
        "density": 3.7698412698412698,
        "compression": 23.654761904761905,
        "summary_length": 252.0,
        "percentage_novel_1-gram": 0.10218978102189781,
        "percentage_repeated_1-gram_in_summ": 0.34306569343065696,
        "percentage_novel_2-gram": 0.42410714285714285,
        "percentage_repeated_2-gram_in_summ": 0.09375,
        "percentage_novel_3-gram": 0.6487603305785123,
        "percentage_repeated_3-gram_in_summ": 0.028925619834710745
    }
}