{
    "DataStats": {
        "coverage": 0.9300699300699301,
        "density": 2.8461538461538463,
        "compression": 29.55944055944056,
        "summary_length": 143.0,
        "percentage_novel_1-gram": 0.11956521739130435,
        "percentage_repeated_1-gram_in_summ": 0.2717391304347826,
        "percentage_novel_2-gram": 0.47058823529411764,
        "percentage_repeated_2-gram_in_summ": 0.03676470588235294,
        "percentage_novel_3-gram": 0.7214285714285714,
        "percentage_repeated_3-gram_in_summ": 0.007142857142857143
    }
}