{
    "DataStats": {
        "coverage": 0.8780487804878049,
        "density": 1.7073170731707317,
        "compression": 44.53658536585366,
        "summary_length": 123.0,
        "percentage_novel_1-gram": 0.18518518518518517,
        "percentage_repeated_1-gram_in_summ": 0.24691358024691357,
        "percentage_novel_2-gram": 0.6371681415929203,
        "percentage_repeated_2-gram_in_summ": 0.061946902654867256,
        "percentage_novel_3-gram": 0.9067796610169492,
        "percentage_repeated_3-gram_in_summ": 0.025423728813559324
    }
}