{
    "DataStats": {
        "coverage": 0.9528301886792453,
        "density": 2.481132075471698,
        "compression": 20.81132075471698,
        "summary_length": 106.0,
        "percentage_novel_1-gram": 0.1527777777777778,
        "percentage_repeated_1-gram_in_summ": 0.18055555555555555,
        "percentage_novel_2-gram": 0.5247524752475248,
        "percentage_repeated_2-gram_in_summ": 0.0297029702970297,
        "percentage_novel_3-gram": 0.8269230769230769,
        "percentage_repeated_3-gram_in_summ": 0.0
    }
}