{
    "DataStats": {
        "coverage": 0.9081081081081082,
        "density": 2.4756756756756757,
        "compression": 33.74054054054054,
        "summary_length": 185.0,
        "percentage_novel_1-gram": 0.19801980198019803,
        "percentage_repeated_1-gram_in_summ": 0.27722772277227725,
        "percentage_novel_2-gram": 0.5660377358490566,
        "percentage_repeated_2-gram_in_summ": 0.09433962264150944,
        "percentage_novel_3-gram": 0.7784090909090909,
        "percentage_repeated_3-gram_in_summ": 0.028409090909090908
    }
}