{
    "DataStats": {
        "coverage": 0.8804347826086957,
        "density": 1.7717391304347827,
        "compression": 38.42934782608695,
        "summary_length": 184.0,
        "percentage_novel_1-gram": 0.19658119658119658,
        "percentage_repeated_1-gram_in_summ": 0.2222222222222222,
        "percentage_novel_2-gram": 0.6627218934911243,
        "percentage_repeated_2-gram_in_summ": 0.05325443786982249,
        "percentage_novel_3-gram": 0.898876404494382,
        "percentage_repeated_3-gram_in_summ": 0.02247191011235955
    }
}