{
    "DataStats": {
        "coverage": 0.8484848484848485,
        "density": 1.9757575757575758,
        "compression": 23.26060606060606,
        "summary_length": 165.0,
        "percentage_novel_1-gram": 0.2891566265060241,
        "percentage_repeated_1-gram_in_summ": 0.3253012048192771,
        "percentage_novel_2-gram": 0.5845070422535211,
        "percentage_repeated_2-gram_in_summ": 0.1267605633802817,
        "percentage_novel_3-gram": 0.8176100628930818,
        "percentage_repeated_3-gram_in_summ": 0.025157232704402517
    }
}