{
    "DataStats": {
        "coverage": 0.9025974025974026,
        "density": 2.383116883116883,
        "compression": 14.662337662337663,
        "summary_length": 154.0,
        "percentage_novel_1-gram": 0.1553398058252427,
        "percentage_repeated_1-gram_in_summ": 0.2524271844660194,
        "percentage_novel_2-gram": 0.5103448275862069,
        "percentage_repeated_2-gram_in_summ": 0.04827586206896552,
        "percentage_novel_3-gram": 0.7733333333333333,
        "percentage_repeated_3-gram_in_summ": 0.013333333333333334
    }
}