{
    "DataStats": {
        "coverage": 0.933852140077821,
        "density": 4.22568093385214,
        "compression": 25.700389105058367,
        "summary_length": 257.0,
        "percentage_novel_1-gram": 0.15625,
        "percentage_repeated_1-gram_in_summ": 0.3203125,
        "percentage_novel_2-gram": 0.44298245614035087,
        "percentage_repeated_2-gram_in_summ": 0.10087719298245613,
        "percentage_novel_3-gram": 0.6626506024096386,
        "percentage_repeated_3-gram_in_summ": 0.020080321285140562
    }
}