{
    "DataStats": {
        "coverage": 0.8714859437751004,
        "density": 3.2329317269076303,
        "compression": 14.835341365461847,
        "summary_length": 249.0,
        "percentage_novel_1-gram": 0.2,
        "percentage_repeated_1-gram_in_summ": 0.3333333333333333,
        "percentage_novel_2-gram": 0.5068493150684932,
        "percentage_repeated_2-gram_in_summ": 0.0821917808219178,
        "percentage_novel_3-gram": 0.7063829787234043,
        "percentage_repeated_3-gram_in_summ": 0.0425531914893617
    }
}