{
    "DataStats": {
        "coverage": 0.889344262295082,
        "density": 2.471311475409836,
        "compression": 16.610655737704917,
        "summary_length": 244.0,
        "percentage_novel_1-gram": 0.19117647058823528,
        "percentage_repeated_1-gram_in_summ": 0.29411764705882354,
        "percentage_novel_2-gram": 0.46788990825688076,
        "percentage_repeated_2-gram_in_summ": 0.07339449541284404,
        "percentage_novel_3-gram": 0.7361702127659574,
        "percentage_repeated_3-gram_in_summ": 0.01702127659574468
    }
}