{
    "DataStats": {
        "coverage": 0.8995215311004785,
        "density": 3.3684210526315788,
        "compression": 19.215311004784688,
        "summary_length": 209.0,
        "percentage_novel_1-gram": 0.1981981981981982,
        "percentage_repeated_1-gram_in_summ": 0.2882882882882883,
        "percentage_novel_2-gram": 0.5055555555555555,
        "percentage_repeated_2-gram_in_summ": 0.10555555555555556,
        "percentage_novel_3-gram": 0.7055837563451777,
        "percentage_repeated_3-gram_in_summ": 0.03553299492385787
    }
}