{
    "DataStats": {
        "coverage": 0.9111111111111111,
        "density": 4.037037037037037,
        "compression": 22.614814814814814,
        "summary_length": 135.0,
        "percentage_novel_1-gram": 0.1625,
        "percentage_repeated_1-gram_in_summ": 0.3125,
        "percentage_novel_2-gram": 0.42857142857142855,
        "percentage_repeated_2-gram_in_summ": 0.1092436974789916,
        "percentage_novel_3-gram": 0.6384615384615384,
        "percentage_repeated_3-gram_in_summ": 0.023076923076923078
    }
}