{
    "DataStats": {
        "coverage": 0.84,
        "density": 2.1066666666666665,
        "compression": 21.14,
        "summary_length": 150.0,
        "percentage_novel_1-gram": 0.27472527472527475,
        "percentage_repeated_1-gram_in_summ": 0.2857142857142857,
        "percentage_novel_2-gram": 0.6159420289855072,
        "percentage_repeated_2-gram_in_summ": 0.057971014492753624,
        "percentage_novel_3-gram": 0.8775510204081632,
        "percentage_repeated_3-gram_in_summ": 0.006802721088435374
    }
}