{
    "DataStats": {
        "coverage": 0.8205128205128205,
        "density": 2.0256410256410255,
        "compression": 33.006410256410255,
        "summary_length": 156.0,
        "percentage_novel_1-gram": 0.2765957446808511,
        "percentage_repeated_1-gram_in_summ": 0.2872340425531915,
        "percentage_novel_2-gram": 0.6041666666666666,
        "percentage_repeated_2-gram_in_summ": 0.06944444444444445,
        "percentage_novel_3-gram": 0.8366013071895425,
        "percentage_repeated_3-gram_in_summ": 0.006535947712418301
    }
}