{
    "DataStats": {
        "coverage": 0.9116022099447514,
        "density": 3.022099447513812,
        "compression": 15.05524861878453,
        "summary_length": 181.0,
        "percentage_novel_1-gram": 0.17894736842105263,
        "percentage_repeated_1-gram_in_summ": 0.3263157894736842,
        "percentage_novel_2-gram": 0.487012987012987,
        "percentage_repeated_2-gram_in_summ": 0.12337662337662338,
        "percentage_novel_3-gram": 0.6900584795321637,
        "percentage_repeated_3-gram_in_summ": 0.04093567251461988
    }
}