{
    "DataStats": {
        "coverage": 0.9281437125748503,
        "density": 4.029940119760479,
        "compression": 28.832335329341316,
        "summary_length": 167.0,
        "percentage_novel_1-gram": 0.11458333333333333,
        "percentage_repeated_1-gram_in_summ": 0.34375,
        "percentage_novel_2-gram": 0.4090909090909091,
        "percentage_repeated_2-gram_in_summ": 0.07142857142857142,
        "percentage_novel_3-gram": 0.6585365853658537,
        "percentage_repeated_3-gram_in_summ": 0.006097560975609756
    }
}