{
    "DataStats": {
        "coverage": 0.9320987654320988,
        "density": 3.3395061728395063,
        "compression": 20.061728395061728,
        "summary_length": 162.0,
        "percentage_novel_1-gram": 0.11764705882352941,
        "percentage_repeated_1-gram_in_summ": 0.23529411764705882,
        "percentage_novel_2-gram": 0.40268456375838924,
        "percentage_repeated_2-gram_in_summ": 0.06040268456375839,
        "percentage_novel_3-gram": 0.6474358974358975,
        "percentage_repeated_3-gram_in_summ": 0.02564102564102564
    }
}