{
    "DataStats": {
        "coverage": 0.8774703557312253,
        "density": 2.600790513833992,
        "compression": 23.83399209486166,
        "summary_length": 253.0,
        "percentage_novel_1-gram": 0.20149253731343283,
        "percentage_repeated_1-gram_in_summ": 0.26865671641791045,
        "percentage_novel_2-gram": 0.5181818181818182,
        "percentage_repeated_2-gram_in_summ": 0.09545454545454546,
        "percentage_novel_3-gram": 0.7325102880658436,
        "percentage_repeated_3-gram_in_summ": 0.03292181069958848
    }
}