{
    "DataStats": {
        "coverage": 0.8680555555555556,
        "density": 1.8958333333333333,
        "compression": 38.229166666666664,
        "summary_length": 144.0,
        "percentage_novel_1-gram": 0.18292682926829268,
        "percentage_repeated_1-gram_in_summ": 0.2926829268292683,
        "percentage_novel_2-gram": 0.6744186046511628,
        "percentage_repeated_2-gram_in_summ": 0.08527131782945736,
        "percentage_novel_3-gram": 0.8768115942028986,
        "percentage_repeated_3-gram_in_summ": 0.021739130434782608
    }
}