{
    "DataStats": {
        "coverage": 0.9441624365482234,
        "density": 4.182741116751269,
        "compression": 20.04568527918782,
        "summary_length": 197.0,
        "percentage_novel_1-gram": 0.10256410256410256,
        "percentage_repeated_1-gram_in_summ": 0.2222222222222222,
        "percentage_novel_2-gram": 0.4207650273224044,
        "percentage_repeated_2-gram_in_summ": 0.04918032786885246,
        "percentage_novel_3-gram": 0.6770833333333334,
        "percentage_repeated_3-gram_in_summ": 0.015625
    }
}