{
    "DataStats": {
        "coverage": 0.8523489932885906,
        "density": 2.12751677852349,
        "compression": 35.22147651006711,
        "summary_length": 149.0,
        "percentage_novel_1-gram": 0.22826086956521738,
        "percentage_repeated_1-gram_in_summ": 0.2826086956521739,
        "percentage_novel_2-gram": 0.553030303030303,
        "percentage_repeated_2-gram_in_summ": 0.10606060606060606,
        "percentage_novel_3-gram": 0.8098591549295775,
        "percentage_repeated_3-gram_in_summ": 0.035211267605633804
    }
}