{
    "DataStats": {
        "coverage": 0.9366197183098591,
        "density": 3.316901408450704,
        "compression": 38.23943661971831,
        "summary_length": 142.0,
        "percentage_novel_1-gram": 0.09302325581395349,
        "percentage_repeated_1-gram_in_summ": 0.32558139534883723,
        "percentage_novel_2-gram": 0.4153846153846154,
        "percentage_repeated_2-gram_in_summ": 0.08461538461538462,
        "percentage_novel_3-gram": 0.6764705882352942,
        "percentage_repeated_3-gram_in_summ": 0.029411764705882353
    }
}