{
    "DataStats": {
        "coverage": 0.9148936170212766,
        "density": 2.971631205673759,
        "compression": 39.205673758865245,
        "summary_length": 141.0,
        "percentage_novel_1-gram": 0.1375,
        "percentage_repeated_1-gram_in_summ": 0.325,
        "percentage_novel_2-gram": 0.5040650406504065,
        "percentage_repeated_2-gram_in_summ": 0.11382113821138211,
        "percentage_novel_3-gram": 0.7299270072992701,
        "percentage_repeated_3-gram_in_summ": 0.014598540145985401
    }
}