{
    "DataStats": {
        "coverage": 0.8807947019867549,
        "density": 1.728476821192053,
        "compression": 17.24503311258278,
        "summary_length": 151.0,
        "percentage_novel_1-gram": 0.23076923076923078,
        "percentage_repeated_1-gram_in_summ": 0.25274725274725274,
        "percentage_novel_2-gram": 0.6466165413533834,
        "percentage_repeated_2-gram_in_summ": 0.09774436090225563,
        "percentage_novel_3-gram": 0.8958333333333334,
        "percentage_repeated_3-gram_in_summ": 0.034722222222222224
    }
}