{
    "DataStats": {
        "coverage": 0.8430232558139535,
        "density": 1.8430232558139534,
        "compression": 22.86627906976744,
        "summary_length": 172.0,
        "percentage_novel_1-gram": 0.25806451612903225,
        "percentage_repeated_1-gram_in_summ": 0.34408602150537637,
        "percentage_novel_2-gram": 0.62,
        "percentage_repeated_2-gram_in_summ": 0.10666666666666667,
        "percentage_novel_3-gram": 0.875,
        "percentage_repeated_3-gram_in_summ": 0.011904761904761904
    }
}