{
    "DataStats": {
        "coverage": 0.9285714285714286,
        "density": 3.1373626373626373,
        "compression": 19.060439560439562,
        "summary_length": 182.0,
        "percentage_novel_1-gram": 0.13333333333333333,
        "percentage_repeated_1-gram_in_summ": 0.2857142857142857,
        "percentage_novel_2-gram": 0.4634146341463415,
        "percentage_repeated_2-gram_in_summ": 0.07926829268292683,
        "percentage_novel_3-gram": 0.7175141242937854,
        "percentage_repeated_3-gram_in_summ": 0.01694915254237288
    }
}