{
    "DataStats": {
        "coverage": 0.8535353535353535,
        "density": 2.196969696969697,
        "compression": 18.994949494949495,
        "summary_length": 198.0,
        "percentage_novel_1-gram": 0.2440944881889764,
        "percentage_repeated_1-gram_in_summ": 0.2125984251968504,
        "percentage_novel_2-gram": 0.6032608695652174,
        "percentage_repeated_2-gram_in_summ": 0.03260869565217391,
        "percentage_novel_3-gram": 0.8272251308900523,
        "percentage_repeated_3-gram_in_summ": 0.015706806282722512
    }
}