{
    "DataStats": {
        "coverage": 0.9223744292237442,
        "density": 2.7579908675799087,
        "compression": 32.178082191780824,
        "summary_length": 219.0,
        "percentage_novel_1-gram": 0.1349206349206349,
        "percentage_repeated_1-gram_in_summ": 0.2857142857142857,
        "percentage_novel_2-gram": 0.49,
        "percentage_repeated_2-gram_in_summ": 0.08,
        "percentage_novel_3-gram": 0.7655502392344498,
        "percentage_repeated_3-gram_in_summ": 0.03827751196172249
    }
}