{
    "DataStats": {
        "coverage": 0.905829596412556,
        "density": 2.3587443946188342,
        "compression": 30.63677130044843,
        "summary_length": 223.0,
        "percentage_novel_1-gram": 0.1440677966101695,
        "percentage_repeated_1-gram_in_summ": 0.3220338983050847,
        "percentage_novel_2-gram": 0.517948717948718,
        "percentage_repeated_2-gram_in_summ": 0.11794871794871795,
        "percentage_novel_3-gram": 0.7906976744186046,
        "percentage_repeated_3-gram_in_summ": 0.027906976744186046
    }
}