{
    "DataStats": {
        "coverage": 0.9105691056910569,
        "density": 3.3252032520325203,
        "compression": 20.24390243902439,
        "summary_length": 246.0,
        "percentage_novel_1-gram": 0.16666666666666666,
        "percentage_repeated_1-gram_in_summ": 0.2826086956521739,
        "percentage_novel_2-gram": 0.4666666666666667,
        "percentage_repeated_2-gram_in_summ": 0.05333333333333334,
        "percentage_novel_3-gram": 0.7058823529411765,
        "percentage_repeated_3-gram_in_summ": 0.02100840336134454
    }
}