{
    "DataStats": {
        "coverage": 0.8662420382165605,
        "density": 2.484076433121019,
        "compression": 30.980891719745223,
        "summary_length": 157.0,
        "percentage_novel_1-gram": 0.25252525252525254,
        "percentage_repeated_1-gram_in_summ": 0.32323232323232326,
        "percentage_novel_2-gram": 0.5625,
        "percentage_repeated_2-gram_in_summ": 0.0763888888888889,
        "percentage_novel_3-gram": 0.7483443708609272,
        "percentage_repeated_3-gram_in_summ": 0.026490066225165563
    }
}