{
    "DataStats": {
        "coverage": 0.8369098712446352,
        "density": 2.0815450643776825,
        "compression": 30.433476394849784,
        "summary_length": 233.0,
        "percentage_novel_1-gram": 0.28448275862068967,
        "percentage_repeated_1-gram_in_summ": 0.3103448275862069,
        "percentage_novel_2-gram": 0.6358974358974359,
        "percentage_repeated_2-gram_in_summ": 0.12307692307692308,
        "percentage_novel_3-gram": 0.8761467889908257,
        "percentage_repeated_3-gram_in_summ": 0.04128440366972477
    }
}