{
    "DataStats": {
        "coverage": 0.8707865168539326,
        "density": 3.455056179775281,
        "compression": 18.668539325842698,
        "summary_length": 178.0,
        "percentage_novel_1-gram": 0.24742268041237114,
        "percentage_repeated_1-gram_in_summ": 0.29896907216494845,
        "percentage_novel_2-gram": 0.54,
        "percentage_repeated_2-gram_in_summ": 0.12,
        "percentage_novel_3-gram": 0.7305389221556886,
        "percentage_repeated_3-gram_in_summ": 0.04790419161676647
    }
}