{
    "DataStats": {
        "coverage": 0.8974358974358975,
        "density": 3.3205128205128207,
        "compression": 38.46153846153846,
        "summary_length": 156.0,
        "percentage_novel_1-gram": 0.17777777777777778,
        "percentage_repeated_1-gram_in_summ": 0.3333333333333333,
        "percentage_novel_2-gram": 0.5071428571428571,
        "percentage_repeated_2-gram_in_summ": 0.07142857142857142,
        "percentage_novel_3-gram": 0.7046979865771812,
        "percentage_repeated_3-gram_in_summ": 0.026845637583892617
    }
}