{
    "DataStats": {
        "coverage": 0.9523809523809523,
        "density": 3.5510204081632653,
        "compression": 23.289115646258505,
        "summary_length": 294.0,
        "percentage_novel_1-gram": 0.11347517730496454,
        "percentage_repeated_1-gram_in_summ": 0.3333333333333333,
        "percentage_novel_2-gram": 0.4166666666666667,
        "percentage_repeated_2-gram_in_summ": 0.125,
        "percentage_novel_3-gram": 0.6367041198501873,
        "percentage_repeated_3-gram_in_summ": 0.06741573033707865
    }
}