{
    "DataStats": {
        "coverage": 0.9352941176470588,
        "density": 1.8176470588235294,
        "compression": 32.27058823529412,
        "summary_length": 170.0,
        "percentage_novel_1-gram": 0.10101010101010101,
        "percentage_repeated_1-gram_in_summ": 0.2222222222222222,
        "percentage_novel_2-gram": 0.6,
        "percentage_repeated_2-gram_in_summ": 0.05806451612903226,
        "percentage_novel_3-gram": 0.8802395209580839,
        "percentage_repeated_3-gram_in_summ": 0.005988023952095809
    }
}