{
    "DataStats": {
        "coverage": 0.9409090909090909,
        "density": 3.2227272727272727,
        "compression": 24.818181818181817,
        "summary_length": 220.0,
        "percentage_novel_1-gram": 0.12173913043478261,
        "percentage_repeated_1-gram_in_summ": 0.26956521739130435,
        "percentage_novel_2-gram": 0.4603174603174603,
        "percentage_repeated_2-gram_in_summ": 0.10052910052910052,
        "percentage_novel_3-gram": 0.7246376811594203,
        "percentage_repeated_3-gram_in_summ": 0.04830917874396135
    }
}