{
    "DataStats": {
        "coverage": 0.9130434782608695,
        "density": 1.8840579710144927,
        "compression": 33.608695652173914,
        "summary_length": 138.0,
        "percentage_novel_1-gram": 0.16304347826086957,
        "percentage_repeated_1-gram_in_summ": 0.25,
        "percentage_novel_2-gram": 0.5789473684210527,
        "percentage_repeated_2-gram_in_summ": 0.022556390977443608,
        "percentage_novel_3-gram": 0.8382352941176471,
        "percentage_repeated_3-gram_in_summ": 0.0
    }
}