{
    "DataStats": {
        "coverage": 0.9416058394160584,
        "density": 2.897810218978102,
        "compression": 34.08029197080292,
        "summary_length": 137.0,
        "percentage_novel_1-gram": 0.10256410256410256,
        "percentage_repeated_1-gram_in_summ": 0.3076923076923077,
        "percentage_novel_2-gram": 0.3445378151260504,
        "percentage_repeated_2-gram_in_summ": 0.1092436974789916,
        "percentage_novel_3-gram": 0.703125,
        "percentage_repeated_3-gram_in_summ": 0.046875
    }
}