{
    "DataStats": {
        "coverage": 0.8791666666666667,
        "density": 3.2375,
        "compression": 22.870833333333334,
        "summary_length": 240.0,
        "percentage_novel_1-gram": 0.24742268041237114,
        "percentage_repeated_1-gram_in_summ": 0.32989690721649484,
        "percentage_novel_2-gram": 0.5581395348837209,
        "percentage_repeated_2-gram_in_summ": 0.19186046511627908,
        "percentage_novel_3-gram": 0.785,
        "percentage_repeated_3-gram_in_summ": 0.1
    }
}