{
    "DataStats": {
        "coverage": 0.953416149068323,
        "density": 4.1521739130434785,
        "compression": 10.369565217391305,
        "summary_length": 322.0,
        "percentage_novel_1-gram": 0.09467455621301775,
        "percentage_repeated_1-gram_in_summ": 0.33136094674556216,
        "percentage_novel_2-gram": 0.37543859649122807,
        "percentage_repeated_2-gram_in_summ": 0.09824561403508772,
        "percentage_novel_3-gram": 0.6213592233009708,
        "percentage_repeated_3-gram_in_summ": 0.03559870550161812
    }
}