{
    "DataStats": {
        "coverage": 0.9090909090909091,
        "density": 3.1298701298701297,
        "compression": 22.27922077922078,
        "summary_length": 154.0,
        "percentage_novel_1-gram": 0.16494845360824742,
        "percentage_repeated_1-gram_in_summ": 0.24742268041237114,
        "percentage_novel_2-gram": 0.48175182481751827,
        "percentage_repeated_2-gram_in_summ": 0.08029197080291971,
        "percentage_novel_3-gram": 0.7062937062937062,
        "percentage_repeated_3-gram_in_summ": 0.04895104895104895
    }
}