{
    "DataStats": {
        "coverage": 0.8944954128440367,
        "density": 2.022935779816514,
        "compression": 27.03669724770642,
        "summary_length": 218.0,
        "percentage_novel_1-gram": 0.1794871794871795,
        "percentage_repeated_1-gram_in_summ": 0.3333333333333333,
        "percentage_novel_2-gram": 0.5487179487179488,
        "percentage_repeated_2-gram_in_summ": 0.08205128205128205,
        "percentage_novel_3-gram": 0.8199052132701422,
        "percentage_repeated_3-gram_in_summ": 0.018957345971563982
    }
}