{
    "DataStats": {
        "coverage": 0.8716577540106952,
        "density": 2.2620320855614975,
        "compression": 33.41711229946524,
        "summary_length": 187.0,
        "percentage_novel_1-gram": 0.25,
        "percentage_repeated_1-gram_in_summ": 0.3020833333333333,
        "percentage_novel_2-gram": 0.5705521472392638,
        "percentage_repeated_2-gram_in_summ": 0.10429447852760736,
        "percentage_novel_3-gram": 0.8228571428571428,
        "percentage_repeated_3-gram_in_summ": 0.045714285714285714
    }
}