{
    "DataStats": {
        "coverage": 0.8736842105263158,
        "density": 2.3157894736842106,
        "compression": 14.2,
        "summary_length": 190.0,
        "percentage_novel_1-gram": 0.21311475409836064,
        "percentage_repeated_1-gram_in_summ": 0.21311475409836064,
        "percentage_novel_2-gram": 0.6408839779005525,
        "percentage_repeated_2-gram_in_summ": 0.027624309392265192,
        "percentage_novel_3-gram": 0.8387096774193549,
        "percentage_repeated_3-gram_in_summ": 0.010752688172043012
    }
}