{
    "DataStats": {
        "coverage": 0.9098360655737705,
        "density": 3.4672131147540983,
        "compression": 26.87704918032787,
        "summary_length": 122.0,
        "percentage_novel_1-gram": 0.17647058823529413,
        "percentage_repeated_1-gram_in_summ": 0.36764705882352944,
        "percentage_novel_2-gram": 0.42452830188679247,
        "percentage_repeated_2-gram_in_summ": 0.11320754716981132,
        "percentage_novel_3-gram": 0.6842105263157895,
        "percentage_repeated_3-gram_in_summ": 0.05263157894736842
    }
}