{
    "DataStats": {
        "coverage": 0.847457627118644,
        "density": 2.406779661016949,
        "compression": 24.152542372881356,
        "summary_length": 177.0,
        "percentage_novel_1-gram": 0.25252525252525254,
        "percentage_repeated_1-gram_in_summ": 0.31313131313131315,
        "percentage_novel_2-gram": 0.554140127388535,
        "percentage_repeated_2-gram_in_summ": 0.10191082802547771,
        "percentage_novel_3-gram": 0.7529411764705882,
        "percentage_repeated_3-gram_in_summ": 0.029411764705882353
    }
}