{
    "DataStats": {
        "coverage": 0.90625,
        "density": 2.9895833333333335,
        "compression": 14.71875,
        "summary_length": 192.0,
        "percentage_novel_1-gram": 0.18421052631578946,
        "percentage_repeated_1-gram_in_summ": 0.2543859649122807,
        "percentage_novel_2-gram": 0.5139664804469274,
        "percentage_repeated_2-gram_in_summ": 0.05027932960893855,
        "percentage_novel_3-gram": 0.7340425531914894,
        "percentage_repeated_3-gram_in_summ": 0.010638297872340425
    }
}