{
    "DataStats": {
        "coverage": 0.8894472361809045,
        "density": 2.7185929648241207,
        "compression": 20.407035175879397,
        "summary_length": 199.0,
        "percentage_novel_1-gram": 0.21153846153846154,
        "percentage_repeated_1-gram_in_summ": 0.2980769230769231,
        "percentage_novel_2-gram": 0.573170731707317,
        "percentage_repeated_2-gram_in_summ": 0.1402439024390244,
        "percentage_novel_3-gram": 0.8033707865168539,
        "percentage_repeated_3-gram_in_summ": 0.0898876404494382
    }
}