{
    "DataStats": {
        "coverage": 0.7857142857142857,
        "density": 1.7714285714285714,
        "compression": 30.142857142857142,
        "summary_length": 140.0,
        "percentage_novel_1-gram": 0.29213483146067415,
        "percentage_repeated_1-gram_in_summ": 0.3146067415730337,
        "percentage_novel_2-gram": 0.689922480620155,
        "percentage_repeated_2-gram_in_summ": 0.06976744186046512,
        "percentage_novel_3-gram": 0.8731343283582089,
        "percentage_repeated_3-gram_in_summ": 0.029850746268656716
    }
}