{
    "DataStats": {
        "coverage": 0.8957055214723927,
        "density": 2.6503067484662575,
        "compression": 17.7239263803681,
        "summary_length": 163.0,
        "percentage_novel_1-gram": 0.19607843137254902,
        "percentage_repeated_1-gram_in_summ": 0.2647058823529412,
        "percentage_novel_2-gram": 0.609271523178808,
        "percentage_repeated_2-gram_in_summ": 0.06622516556291391,
        "percentage_novel_3-gram": 0.7756410256410257,
        "percentage_repeated_3-gram_in_summ": 0.03205128205128205
    }
}