{
    "DataStats": {
        "coverage": 0.9032258064516129,
        "density": 3.109677419354839,
        "compression": 22.73548387096774,
        "summary_length": 155.0,
        "percentage_novel_1-gram": 0.15217391304347827,
        "percentage_repeated_1-gram_in_summ": 0.30434782608695654,
        "percentage_novel_2-gram": 0.43661971830985913,
        "percentage_repeated_2-gram_in_summ": 0.06338028169014084,
        "percentage_novel_3-gram": 0.668918918918919,
        "percentage_repeated_3-gram_in_summ": 0.02702702702702703
    }
}