{
    "DataStats": {
        "coverage": 0.9235294117647059,
        "density": 2.5823529411764707,
        "compression": 29.235294117647058,
        "summary_length": 170.0,
        "percentage_novel_1-gram": 0.14,
        "percentage_repeated_1-gram_in_summ": 0.29,
        "percentage_novel_2-gram": 0.5294117647058824,
        "percentage_repeated_2-gram_in_summ": 0.0784313725490196,
        "percentage_novel_3-gram": 0.7625,
        "percentage_repeated_3-gram_in_summ": 0.0375
    }
}