{
    "DataStats": {
        "coverage": 0.8469387755102041,
        "density": 2.336734693877551,
        "compression": 20.397959183673468,
        "summary_length": 196.0,
        "percentage_novel_1-gram": 0.2727272727272727,
        "percentage_repeated_1-gram_in_summ": 0.3333333333333333,
        "percentage_novel_2-gram": 0.5657142857142857,
        "percentage_repeated_2-gram_in_summ": 0.09142857142857143,
        "percentage_novel_3-gram": 0.7853403141361257,
        "percentage_repeated_3-gram_in_summ": 0.015706806282722512
    }
}