{
    "DataStats": {
        "coverage": 0.8846153846153846,
        "density": 1.7692307692307692,
        "compression": 19.525641025641026,
        "summary_length": 156.0,
        "percentage_novel_1-gram": 0.18811881188118812,
        "percentage_repeated_1-gram_in_summ": 0.19801980198019803,
        "percentage_novel_2-gram": 0.5944055944055944,
        "percentage_repeated_2-gram_in_summ": 0.06993006993006994,
        "percentage_novel_3-gram": 0.881578947368421,
        "percentage_repeated_3-gram_in_summ": 0.013157894736842105
    }
}