{
    "DataStats": {
        "coverage": 0.8757062146892656,
        "density": 2.231638418079096,
        "compression": 36.152542372881356,
        "summary_length": 177.0,
        "percentage_novel_1-gram": 0.21296296296296297,
        "percentage_repeated_1-gram_in_summ": 0.24074074074074073,
        "percentage_novel_2-gram": 0.5849056603773585,
        "percentage_repeated_2-gram_in_summ": 0.06918238993710692,
        "percentage_novel_3-gram": 0.8095238095238095,
        "percentage_repeated_3-gram_in_summ": 0.02976190476190476
    }
}