{
    "DataStats": {
        "coverage": 0.9052631578947369,
        "density": 2.1578947368421053,
        "compression": 26.42105263157895,
        "summary_length": 190.0,
        "percentage_novel_1-gram": 0.17525773195876287,
        "percentage_repeated_1-gram_in_summ": 0.35051546391752575,
        "percentage_novel_2-gram": 0.5493827160493827,
        "percentage_repeated_2-gram_in_summ": 0.13580246913580246,
        "percentage_novel_3-gram": 0.8314606741573034,
        "percentage_repeated_3-gram_in_summ": 0.0449438202247191
    }
}