{
    "DataStats": {
        "coverage": 0.8551724137931035,
        "density": 2.6620689655172414,
        "compression": 22.93103448275862,
        "summary_length": 290.0,
        "percentage_novel_1-gram": 0.2857142857142857,
        "percentage_repeated_1-gram_in_summ": 0.2932330827067669,
        "percentage_novel_2-gram": 0.5864978902953587,
        "percentage_repeated_2-gram_in_summ": 0.1350210970464135,
        "percentage_novel_3-gram": 0.7703703703703704,
        "percentage_repeated_3-gram_in_summ": 0.04814814814814815
    }
}