{
    "DataStats": {
        "coverage": 0.8838383838383839,
        "density": 1.9747474747474747,
        "compression": 35.803030303030305,
        "summary_length": 198.0,
        "percentage_novel_1-gram": 0.20175438596491227,
        "percentage_repeated_1-gram_in_summ": 0.24561403508771928,
        "percentage_novel_2-gram": 0.6571428571428571,
        "percentage_repeated_2-gram_in_summ": 0.09142857142857143,
        "percentage_novel_3-gram": 0.8835978835978836,
        "percentage_repeated_3-gram_in_summ": 0.037037037037037035
    }
}