{
    "DataStats": {
        "coverage": 0.8858695652173914,
        "density": 3.2010869565217392,
        "compression": 23.690217391304348,
        "summary_length": 184.0,
        "percentage_novel_1-gram": 0.15447154471544716,
        "percentage_repeated_1-gram_in_summ": 0.1951219512195122,
        "percentage_novel_2-gram": 0.49142857142857144,
        "percentage_repeated_2-gram_in_summ": 0.04,
        "percentage_novel_3-gram": 0.6833333333333333,
        "percentage_repeated_3-gram_in_summ": 0.011111111111111112
    }
}