{
    "DataStats": {
        "coverage": 0.9282511210762332,
        "density": 2.9103139013452917,
        "compression": 13.67713004484305,
        "summary_length": 223.0,
        "percentage_novel_1-gram": 0.13636363636363635,
        "percentage_repeated_1-gram_in_summ": 0.22727272727272727,
        "percentage_novel_2-gram": 0.4951923076923077,
        "percentage_repeated_2-gram_in_summ": 0.052884615384615384,
        "percentage_novel_3-gram": 0.7660550458715596,
        "percentage_repeated_3-gram_in_summ": 0.013761467889908258
    }
}