{
    "DataStats": {
        "coverage": 0.8967391304347826,
        "density": 3.027173913043478,
        "compression": 18.53804347826087,
        "summary_length": 184.0,
        "percentage_novel_1-gram": 0.1864406779661017,
        "percentage_repeated_1-gram_in_summ": 0.2288135593220339,
        "percentage_novel_2-gram": 0.5470588235294118,
        "percentage_repeated_2-gram_in_summ": 0.058823529411764705,
        "percentage_novel_3-gram": 0.7582417582417582,
        "percentage_repeated_3-gram_in_summ": 0.0
    }
}