{
    "DataStats": {
        "coverage": 0.9558823529411765,
        "density": 3.0558823529411763,
        "compression": 17.855882352941176,
        "summary_length": 340.0,
        "percentage_novel_1-gram": 0.09090909090909091,
        "percentage_repeated_1-gram_in_summ": 0.34545454545454546,
        "percentage_novel_2-gram": 0.3917525773195876,
        "percentage_repeated_2-gram_in_summ": 0.10996563573883161,
        "percentage_novel_3-gram": 0.6996904024767802,
        "percentage_repeated_3-gram_in_summ": 0.04643962848297214
    }
}