{
    "DataStats": {
        "coverage": 0.889344262295082,
        "density": 2.5450819672131146,
        "compression": 17.12704918032787,
        "summary_length": 244.0,
        "percentage_novel_1-gram": 0.24242424242424243,
        "percentage_repeated_1-gram_in_summ": 0.2727272727272727,
        "percentage_novel_2-gram": 0.4909090909090909,
        "percentage_repeated_2-gram_in_summ": 0.06363636363636363,
        "percentage_novel_3-gram": 0.7352941176470589,
        "percentage_repeated_3-gram_in_summ": 0.012605042016806723
    }
}