{
    "DataStats": {
        "coverage": 0.934156378600823,
        "density": 2.843621399176955,
        "compression": 28.93415637860082,
        "summary_length": 243.0,
        "percentage_novel_1-gram": 0.11428571428571428,
        "percentage_repeated_1-gram_in_summ": 0.24285714285714285,
        "percentage_novel_2-gram": 0.5066079295154186,
        "percentage_repeated_2-gram_in_summ": 0.05726872246696035,
        "percentage_novel_3-gram": 0.7531380753138075,
        "percentage_repeated_3-gram_in_summ": 0.008368200836820083
    }
}