{
    "bert_score": {
        "bert_score_precision": 0.6872745752334595,
        "bert_score_recall": 0.5989705324172974,
        "bert_score_f1": 0.6400914192199707
    }
}