{
    "bert_score": {
        "bert_score_precision": 0.6260846853256226,
        "bert_score_recall": 0.5206362009048462,
        "bert_score_f1": 0.5685121417045593
    }
}