{
    "bert_score": {
        "bert_score_precision": 0.7648032307624817,
        "bert_score_recall": 0.6898151636123657,
        "bert_score_f1": 0.725376307964325
    }
}