{
    "bert_score": {
        "bert_score_precision": 0.7544788122177124,
        "bert_score_recall": 0.6698451042175293,
        "bert_score_f1": 0.709647536277771
    }
}