{
    "bert_score": {
        "bert_score_precision": 0.7008193135261536,
        "bert_score_recall": 0.6174733638763428,
        "bert_score_f1": 0.6565117239952087
    }
}