{
    "bert_score": {
        "bert_score_precision": 0.6684665083885193,
        "bert_score_recall": 0.6058589220046997,
        "bert_score_f1": 0.6356247663497925
    }
}