{
    "bert_score": {
        "bert_score_precision": 0.7536967396736145,
        "bert_score_recall": 0.6750209331512451,
        "bert_score_f1": 0.7121925950050354
    }
}