{
    "bert_score": {
        "bert_score_precision": 0.7444703578948975,
        "bert_score_recall": 0.6383712291717529,
        "bert_score_f1": 0.6873505115509033
    }
}