{
    "bert_score": {
        "bert_score_precision": 0.7523274421691895,
        "bert_score_recall": 0.6252408623695374,
        "bert_score_f1": 0.6829220056533813
    }
}