{
    "bert_score": {
        "bert_score_precision": 0.6874240636825562,
        "bert_score_recall": 0.6553227305412292,
        "bert_score_f1": 0.6709896922111511
    }
}