{
    "bert_score": {
        "bert_score_precision": 0.6406281590461731,
        "bert_score_recall": 0.6256140470504761,
        "bert_score_f1": 0.6330320835113525
    }
}