{
    "bert_score": {
        "bert_score_precision": 0.7220354080200195,
        "bert_score_recall": 0.6300051808357239,
        "bert_score_f1": 0.6728881597518921
    }
}