{
    "bert_score": {
        "bert_score_precision": 0.6643205285072327,
        "bert_score_recall": 0.6743045449256897,
        "bert_score_f1": 0.6692752838134766
    }
}