{
    "bert_score": {
        "bert_score_precision": 0.7246938347816467,
        "bert_score_recall": 0.6504163146018982,
        "bert_score_f1": 0.6855490207672119
    }
}