{
    "bert_score": {
        "bert_score_precision": 0.7179441452026367,
        "bert_score_recall": 0.5938490629196167,
        "bert_score_f1": 0.6500269174575806
    }
}