{
    "bert_score": {
        "bert_score_precision": 0.6913318037986755,
        "bert_score_recall": 0.6237614750862122,
        "bert_score_f1": 0.6558107137680054
    }
}