{
    "bert_score": {
        "bert_score_precision": 0.6896733641624451,
        "bert_score_recall": 0.6352779865264893,
        "bert_score_f1": 0.6613590717315674
    }
}