{
    "bert_score": {
        "bert_score_precision": 0.7332929968833923,
        "bert_score_recall": 0.6654806733131409,
        "bert_score_f1": 0.6977430582046509
    }
}