{
    "bert_score": {
        "bert_score_precision": 0.691643476486206,
        "bert_score_recall": 0.6298894286155701,
        "bert_score_f1": 0.6593235731124878
    }
}