{
    "bert_score": {
        "bert_score_precision": 0.7508202791213989,
        "bert_score_recall": 0.6544118523597717,
        "bert_score_f1": 0.6993089318275452
    }
}