{
    "bert_score": {
        "bert_score_precision": 0.6817138195037842,
        "bert_score_recall": 0.6685445308685303,
        "bert_score_f1": 0.6750649213790894
    }
}