{
    "bert_score": {
        "bert_score_precision": 0.7486142516136169,
        "bert_score_recall": 0.6312843561172485,
        "bert_score_f1": 0.684961199760437
    }
}