{
    "bert_score": {
        "bert_score_precision": 0.7132859826087952,
        "bert_score_recall": 0.6163243055343628,
        "bert_score_f1": 0.6612696647644043
    }
}