{
    "bert_score": {
        "bert_score_precision": 0.5891461372375488,
        "bert_score_recall": 0.5992551445960999,
        "bert_score_f1": 0.5941576957702637
    }
}