{
    "bert_score": {
        "bert_score_precision": 0.6897045373916626,
        "bert_score_recall": 0.6155409812927246,
        "bert_score_f1": 0.6505157947540283
    }
}