{
    "bert_score": {
        "bert_score_precision": 0.688944935798645,
        "bert_score_recall": 0.6036081910133362,
        "bert_score_f1": 0.6434594988822937
    }
}