{
    "bert_score": {
        "bert_score_precision": 0.7083280682563782,
        "bert_score_recall": 0.6263676285743713,
        "bert_score_f1": 0.6648313403129578
    }
}