{
    "bert_score": {
        "bert_score_precision": 0.6459057331085205,
        "bert_score_recall": 0.628399133682251,
        "bert_score_f1": 0.637032151222229
    }
}