{
    "bert_score": {
        "bert_score_precision": 0.7382338047027588,
        "bert_score_recall": 0.7413978576660156,
        "bert_score_f1": 0.739812433719635
    }
}