{
    "bert_score": {
        "bert_score_precision": 0.6769405007362366,
        "bert_score_recall": 0.5706897974014282,
        "bert_score_f1": 0.619290828704834
    }
}