{
    "bert_score": {
        "bert_score_precision": 0.6151061058044434,
        "bert_score_recall": 0.6028668284416199,
        "bert_score_f1": 0.6089249849319458
    }
}