{
    "bert_score": {
        "bert_score_precision": 0.6989398002624512,
        "bert_score_recall": 0.6959702372550964,
        "bert_score_f1": 0.6974518299102783
    }
}