{
    "bert_score": {
        "bert_score_precision": 0.6970534324645996,
        "bert_score_recall": 0.595514714717865,
        "bert_score_f1": 0.6422958374023438
    }
}