{
    "bert_score": {
        "bert_score_precision": 0.6351262331008911,
        "bert_score_recall": 0.5825545191764832,
        "bert_score_f1": 0.6077055335044861
    }
}