{
    "bert_score": {
        "bert_score_precision": 0.6966797113418579,
        "bert_score_recall": 0.6777942776679993,
        "bert_score_f1": 0.6871072053909302
    }
}