{
    "bert_score": {
        "bert_score_precision": 0.7265951633453369,
        "bert_score_recall": 0.562868595123291,
        "bert_score_f1": 0.6343374848365784
    }
}