{
    "bert_score": {
        "bert_score_precision": 0.7224807143211365,
        "bert_score_recall": 0.6371462345123291,
        "bert_score_f1": 0.6771355271339417
    }
}