{
    "bert_score": {
        "bert_score_precision": 0.6994703412055969,
        "bert_score_recall": 0.6391130089759827,
        "bert_score_f1": 0.6679309010505676
    }
}