{
    "bert_score": {
        "bert_score_precision": 0.6978728771209717,
        "bert_score_recall": 0.6302133798599243,
        "bert_score_f1": 0.6623196601867676
    }
}