{
    "bert_score": {
        "bert_score_precision": 0.6883922815322876,
        "bert_score_recall": 0.5442931652069092,
        "bert_score_f1": 0.607920229434967
    }
}