{
    "bert_score": {
        "bert_score_precision": 0.7432504892349243,
        "bert_score_recall": 0.6393759250640869,
        "bert_score_f1": 0.6874112486839294
    }
}