{
    "bert_score": {
        "bert_score_precision": 0.6767370104789734,
        "bert_score_recall": 0.5469143390655518,
        "bert_score_f1": 0.6049389243125916
    }
}