{
    "bert_score": {
        "bert_score_precision": 0.7025935649871826,
        "bert_score_recall": 0.7418251037597656,
        "bert_score_f1": 0.7216765880584717
    }
}