{
    "bert_score": {
        "bert_score_precision": 0.7089592218399048,
        "bert_score_recall": 0.587522029876709,
        "bert_score_f1": 0.6425532698631287
    }
}