{
    "bert_score": {
        "bert_score_precision": 0.7059458494186401,
        "bert_score_recall": 0.5510107278823853,
        "bert_score_f1": 0.6189294457435608
    }
}