{
    "bert_score": {
        "bert_score_precision": 0.7198612689971924,
        "bert_score_recall": 0.6323266625404358,
        "bert_score_f1": 0.6732606887817383
    }
}