{
    "bert_score": {
        "bert_score_precision": 0.6886470317840576,
        "bert_score_recall": 0.5856214165687561,
        "bert_score_f1": 0.6329694390296936
    }
}