{
    "bert_score": {
        "bert_score_precision": 0.6823610663414001,
        "bert_score_recall": 0.5996845960617065,
        "bert_score_f1": 0.6383570432662964
    }
}