{
    "bert_score": {
        "bert_score_precision": 0.7590333223342896,
        "bert_score_recall": 0.6856470108032227,
        "bert_score_f1": 0.7204762697219849
    }
}