{
    "bert_score": {
        "bert_score_precision": 0.7202558517456055,
        "bert_score_recall": 0.6570464372634888,
        "bert_score_f1": 0.687200665473938
    }
}