{
    "bert_score": {
        "bert_score_precision": 0.7139370441436768,
        "bert_score_recall": 0.6548293828964233,
        "bert_score_f1": 0.6831069588661194
    }
}