{
    "bert_score": {
        "bert_score_precision": 0.7010151743888855,
        "bert_score_recall": 0.6416574716567993,
        "bert_score_f1": 0.6700243353843689
    }
}