{
    "bert_score": {
        "bert_score_precision": 0.7506726384162903,
        "bert_score_recall": 0.6054649353027344,
        "bert_score_f1": 0.6702947616577148
    }
}