{
    "bert_score": {
        "bert_score_precision": 0.6982249021530151,
        "bert_score_recall": 0.6271643042564392,
        "bert_score_f1": 0.6607896685600281
    }
}