{
    "bert_score": {
        "bert_score_precision": 0.7114773988723755,
        "bert_score_recall": 0.6355952024459839,
        "bert_score_f1": 0.6713990569114685
    }
}