{
    "bert_score": {
        "bert_score_precision": 0.6930882930755615,
        "bert_score_recall": 0.6688266396522522,
        "bert_score_f1": 0.6807413697242737
    }
}