{
    "bert_score": {
        "bert_score_precision": 0.6929482817649841,
        "bert_score_recall": 0.5790024399757385,
        "bert_score_f1": 0.6308715343475342
    }
}