{
    "bert_score": {
        "bert_score_precision": 0.7306981682777405,
        "bert_score_recall": 0.6399524211883545,
        "bert_score_f1": 0.6823213696479797
    }
}