{
    "bert_score": {
        "bert_score_precision": 0.715715229511261,
        "bert_score_recall": 0.6605782508850098,
        "bert_score_f1": 0.6870423555374146
    }
}