{
    "bert_score": {
        "bert_score_precision": 0.6831257343292236,
        "bert_score_recall": 0.6505589485168457,
        "bert_score_f1": 0.666444718837738
    }
}