{
    "bert_score": {
        "bert_score_precision": 0.6696009635925293,
        "bert_score_recall": 0.6207557320594788,
        "bert_score_f1": 0.6442538499832153
    }
}