{
    "bert_score": {
        "bert_score_precision": 0.6982614398002625,
        "bert_score_recall": 0.6071281433105469,
        "bert_score_f1": 0.6495136022567749
    }
}