{
    "bert_score": {
        "bert_score_precision": 0.7172372937202454,
        "bert_score_recall": 0.6843224167823792,
        "bert_score_f1": 0.7003933787345886
    }
}