{
    "bert_score": {
        "bert_score_precision": 0.6855481266975403,
        "bert_score_recall": 0.6394227743148804,
        "bert_score_f1": 0.6616825461387634
    }
}