{
    "bert_score": {
        "bert_score_precision": 0.6714314818382263,
        "bert_score_recall": 0.6285174489021301,
        "bert_score_f1": 0.6492661237716675
    }
}