{
    "bert_score": {
        "bert_score_precision": 0.7378793358802795,
        "bert_score_recall": 0.6253490447998047,
        "bert_score_f1": 0.6769697070121765
    }
}