{
    "bert_score": {
        "bert_score_precision": 0.653738796710968,
        "bert_score_recall": 0.559882402420044,
        "bert_score_f1": 0.6031813621520996
    }
}