{
    "bert_score": {
        "bert_score_precision": 0.7541157007217407,
        "bert_score_recall": 0.6576840877532959,
        "bert_score_f1": 0.7026065587997437
    }
}