{
    "bert_score": {
        "bert_score_precision": 0.7186310887336731,
        "bert_score_recall": 0.6596754789352417,
        "bert_score_f1": 0.6878923773765564
    }
}