{
    "bert_score": {
        "bert_score_precision": 0.6567002534866333,
        "bert_score_recall": 0.5969499349594116,
        "bert_score_f1": 0.6254012584686279
    }
}