{
    "bert_score": {
        "bert_score_precision": 0.7010345458984375,
        "bert_score_recall": 0.6717473268508911,
        "bert_score_f1": 0.6860785484313965
    }
}