{
    "bert_score": {
        "bert_score_precision": 0.6961531639099121,
        "bert_score_recall": 0.6788557767868042,
        "bert_score_f1": 0.6873956322669983
    }
}