{
    "bert_score": {
        "bert_score_precision": 0.7168598175048828,
        "bert_score_recall": 0.6959776878356934,
        "bert_score_f1": 0.7062644362449646
    }
}