{
    "bert_score": {
        "bert_score_precision": 0.741776704788208,
        "bert_score_recall": 0.6347354650497437,
        "bert_score_f1": 0.6840941905975342
    }
}