{
    "bert_score": {
        "bert_score_precision": 0.5719024538993835,
        "bert_score_recall": 0.6092395782470703,
        "bert_score_f1": 0.5899808406829834
    }
}