{
    "bert_score": {
        "bert_score_precision": 0.6302472352981567,
        "bert_score_recall": 0.5520147085189819,
        "bert_score_f1": 0.5885425806045532
    }
}