{
    "bert_score": {
        "bert_score_precision": 0.756339967250824,
        "bert_score_recall": 0.6789681911468506,
        "bert_score_f1": 0.7155686616897583
    }
}