{
    "bert_score": {
        "bert_score_precision": 0.7299495935440063,
        "bert_score_recall": 0.6284946203231812,
        "bert_score_f1": 0.6754335165023804
    }
}