{
    "bert_score": {
        "bert_score_precision": 0.673031210899353,
        "bert_score_recall": 0.6695279479026794,
        "bert_score_f1": 0.6712750196456909
    }
}