{
    "bert_score": {
        "bert_score_precision": 0.7155899405479431,
        "bert_score_recall": 0.649247407913208,
        "bert_score_f1": 0.6808062195777893
    }
}