{
    "bert_score": {
        "bert_score_precision": 0.6850438714027405,
        "bert_score_recall": 0.5844904184341431,
        "bert_score_f1": 0.6307849884033203
    }
}