{
    "bert_score": {
        "bert_score_precision": 0.6697883605957031,
        "bert_score_recall": 0.576578676700592,
        "bert_score_f1": 0.619698166847229
    }
}