{
    "bert_score": {
        "bert_score_precision": 0.7044177055358887,
        "bert_score_recall": 0.6112760901451111,
        "bert_score_f1": 0.6545500159263611
    }
}