{
    "bert_score": {
        "bert_score_precision": 0.7229945063591003,
        "bert_score_recall": 0.6945613026618958,
        "bert_score_f1": 0.7084927558898926
    }
}