{
    "bert_score": {
        "bert_score_precision": 0.6760942339897156,
        "bert_score_recall": 0.6635941863059998,
        "bert_score_f1": 0.6697859168052673
    }
}