{
    "bert_score": {
        "bert_score_precision": 0.6871565580368042,
        "bert_score_recall": 0.6046503782272339,
        "bert_score_f1": 0.6432686448097229
    }
}