{
    "bert_score": {
        "bert_score_precision": 0.7821927070617676,
        "bert_score_recall": 0.677884578704834,
        "bert_score_f1": 0.7263127565383911
    }
}