{
    "bert_score": {
        "bert_score_precision": 0.6379128694534302,
        "bert_score_recall": 0.6110481023788452,
        "bert_score_f1": 0.6241915822029114
    }
}