{
    "bert_score": {
        "bert_score_precision": 0.66411292552948,
        "bert_score_recall": 0.6354246735572815,
        "bert_score_f1": 0.6494520902633667
    }
}