{
    "bert_score": {
        "bert_score_precision": 0.6912447214126587,
        "bert_score_recall": 0.5684814453125,
        "bert_score_f1": 0.6238812804222107
    }
}