{
    "bert_score": {
        "bert_score_precision": 0.6887236833572388,
        "bert_score_recall": 0.6181524991989136,
        "bert_score_f1": 0.6515327095985413
    }
}