{
    "bert_score": {
        "bert_score_precision": 0.6219585537910461,
        "bert_score_recall": 0.5650757551193237,
        "bert_score_f1": 0.5921542048454285
    }
}