{
    "bert_score": {
        "bert_score_precision": 0.6960436701774597,
        "bert_score_recall": 0.6365119814872742,
        "bert_score_f1": 0.664948046207428
    }
}