{
    "bert_score": {
        "bert_score_precision": 0.6807888746261597,
        "bert_score_recall": 0.5676851868629456,
        "bert_score_f1": 0.6191137433052063
    }
}