{
    "bert_score": {
        "bert_score_precision": 0.6546976566314697,
        "bert_score_recall": 0.6431592702865601,
        "bert_score_f1": 0.6488771438598633
    }
}