{
    "bert_score": {
        "bert_score_precision": 0.662201464176178,
        "bert_score_recall": 0.595561683177948,
        "bert_score_f1": 0.6271162033081055
    }
}