{
    "bert_score": {
        "bert_score_precision": 0.6869731545448303,
        "bert_score_recall": 0.6266951560974121,
        "bert_score_f1": 0.655451238155365
    }
}