{
    "bert_score": {
        "bert_score_precision": 0.7411746978759766,
        "bert_score_recall": 0.6731342077255249,
        "bert_score_f1": 0.7055177688598633
    }
}