{
    "bert_score": {
        "bert_score_precision": 0.6764293909072876,
        "bert_score_recall": 0.6806472539901733,
        "bert_score_f1": 0.6785317659378052
    }
}