{
    "bert_score": {
        "bert_score_precision": 0.6552411317825317,
        "bert_score_recall": 0.6234774589538574,
        "bert_score_f1": 0.638964831829071
    }
}