{
    "bert_score": {
        "bert_score_precision": 0.6653217077255249,
        "bert_score_recall": 0.6469419002532959,
        "bert_score_f1": 0.6560030579566956
    }
}