{
    "bert_score": {
        "bert_score_precision": 0.6384357213973999,
        "bert_score_recall": 0.6122161746025085,
        "bert_score_f1": 0.6250511407852173
    }
}