{
    "bert_score": {
        "bert_score_precision": 0.6773017048835754,
        "bert_score_recall": 0.5931423902511597,
        "bert_score_f1": 0.6324344873428345
    }
}