{
    "bert_score": {
        "bert_score_precision": 0.6694124341011047,
        "bert_score_recall": 0.5679399967193604,
        "bert_score_f1": 0.614515483379364
    }
}