{
    "bert_score": {
        "bert_score_precision": 0.6765277981758118,
        "bert_score_recall": 0.6713597774505615,
        "bert_score_f1": 0.6739339232444763
    }
}