{
    "bert_score": {
        "bert_score_precision": 0.7040685415267944,
        "bert_score_recall": 0.6357214450836182,
        "bert_score_f1": 0.6681517362594604
    }
}