{
    "bert_score": {
        "bert_score_precision": 0.6813414096832275,
        "bert_score_recall": 0.6260464191436768,
        "bert_score_f1": 0.6525245904922485
    }
}