{
    "bert_score": {
        "bert_score_precision": 0.6420922875404358,
        "bert_score_recall": 0.6404154300689697,
        "bert_score_f1": 0.6412527561187744
    }
}