{
    "bert_score": {
        "bert_score_precision": 0.6280166506767273,
        "bert_score_recall": 0.6207311749458313,
        "bert_score_f1": 0.6243526935577393
    }
}