{
    "bert_score": {
        "bert_score_precision": 0.6835192441940308,
        "bert_score_recall": 0.6322938799858093,
        "bert_score_f1": 0.6569094657897949
    }
}