{
    "bert_score": {
        "bert_score_precision": 0.6414099931716919,
        "bert_score_recall": 0.5406631827354431,
        "bert_score_f1": 0.5867433547973633
    }
}