{
    "bert_score": {
        "bert_score_precision": 0.65754234790802,
        "bert_score_recall": 0.6434462070465088,
        "bert_score_f1": 0.6504179239273071
    }
}