{
    "bert_score": {
        "bert_score_precision": 0.6863363981246948,
        "bert_score_recall": 0.6933259963989258,
        "bert_score_f1": 0.689813494682312
    }
}