{
    "bert_score": {
        "bert_score_precision": 0.7005271911621094,
        "bert_score_recall": 0.6504736542701721,
        "bert_score_f1": 0.6745731830596924
    }
}