{
    "bert_score": {
        "bert_score_precision": 0.6758430004119873,
        "bert_score_recall": 0.6331565380096436,
        "bert_score_f1": 0.6538037657737732
    }
}