{
    "bert_score": {
        "bert_score_precision": 0.7096312046051025,
        "bert_score_recall": 0.58622145652771,
        "bert_score_f1": 0.6420499086380005
    }
}