{
    "bert_score": {
        "bert_score_precision": 0.6750879287719727,
        "bert_score_recall": 0.7115430235862732,
        "bert_score_f1": 0.6928362250328064
    }
}