{
    "bert_score": {
        "bert_score_precision": 0.6611025929450989,
        "bert_score_recall": 0.6302464008331299,
        "bert_score_f1": 0.645305871963501
    }
}