{
    "bert_score": {
        "bert_score_precision": 0.6689931750297546,
        "bert_score_recall": 0.6187788248062134,
        "bert_score_f1": 0.6429070234298706
    }
}