{
    "bert_score": {
        "bert_score_precision": 0.6489599347114563,
        "bert_score_recall": 0.5388859510421753,
        "bert_score_f1": 0.5888227820396423
    }
}