{
    "bert_score": {
        "bert_score_precision": 0.7143218517303467,
        "bert_score_recall": 0.6705920696258545,
        "bert_score_f1": 0.6917665600776672
    }
}