{
    "bert_score": {
        "bert_score_precision": 0.6995298862457275,
        "bert_score_recall": 0.6784577369689941,
        "bert_score_f1": 0.688832700252533
    }
}