{
    "bert_score": {
        "bert_score_precision": 0.69077467918396,
        "bert_score_recall": 0.6065806150436401,
        "bert_score_f1": 0.64594566822052
    }
}