{
    "bert_score": {
        "bert_score_precision": 0.6879786252975464,
        "bert_score_recall": 0.6344411373138428,
        "bert_score_f1": 0.6601261496543884
    }
}