{
    "bert_score": {
        "bert_score_precision": 0.6728638410568237,
        "bert_score_recall": 0.6208356618881226,
        "bert_score_f1": 0.6458035707473755
    }
}