{
    "bert_score": {
        "bert_score_precision": 0.7032560110092163,
        "bert_score_recall": 0.645426869392395,
        "bert_score_f1": 0.6731016635894775
    }
}