{
    "bert_score": {
        "bert_score_precision": 0.6881608963012695,
        "bert_score_recall": 0.5962178111076355,
        "bert_score_f1": 0.6388984322547913
    }
}