{
    "bert_score": {
        "bert_score_precision": 0.6310787200927734,
        "bert_score_recall": 0.6127802729606628,
        "bert_score_f1": 0.6217948794364929
    }
}