{
    "bert_score": {
        "bert_score_precision": 0.7067715525627136,
        "bert_score_recall": 0.6565314531326294,
        "bert_score_f1": 0.6807258129119873
    }
}