{
    "bert_score": {
        "bert_score_precision": 0.7433502674102783,
        "bert_score_recall": 0.6570928692817688,
        "bert_score_f1": 0.6975651979446411
    }
}