{
    "bert_score": {
        "bert_score_precision": 0.6756225824356079,
        "bert_score_recall": 0.6674521565437317,
        "bert_score_f1": 0.6715124845504761
    }
}