{
    "bert_score": {
        "bert_score_precision": 0.7230184078216553,
        "bert_score_recall": 0.661343514919281,
        "bert_score_f1": 0.6908071041107178
    }
}