{
    "bert_score": {
        "bert_score_precision": 0.7303408980369568,
        "bert_score_recall": 0.6073835492134094,
        "bert_score_f1": 0.6632114052772522
    }
}