{
    "bert_score": {
        "bert_score_precision": 0.7136647701263428,
        "bert_score_recall": 0.6857150793075562,
        "bert_score_f1": 0.6994107961654663
    }
}