{
    "bert_score": {
        "bert_score_precision": 0.7277814149856567,
        "bert_score_recall": 0.5739250183105469,
        "bert_score_f1": 0.6417606472969055
    }
}