{
    "bert_score": {
        "bert_score_precision": 0.6974397897720337,
        "bert_score_recall": 0.6431565284729004,
        "bert_score_f1": 0.6691991090774536
    }
}