{
    "bert_score": {
        "bert_score_precision": 0.726176381111145,
        "bert_score_recall": 0.6490833759307861,
        "bert_score_f1": 0.6854690909385681
    }
}