{
    "bert_score": {
        "bert_score_precision": 0.6723329424858093,
        "bert_score_recall": 0.6370927691459656,
        "bert_score_f1": 0.6542386412620544
    }
}