{
    "bert_score": {
        "bert_score_precision": 0.6378631591796875,
        "bert_score_recall": 0.5849525928497314,
        "bert_score_f1": 0.6102631688117981
    }
}