{
    "bert_score": {
        "bert_score_precision": 0.6740493774414062,
        "bert_score_recall": 0.6897411346435547,
        "bert_score_f1": 0.6818050146102905
    }
}