{
    "bert_score": {
        "bert_score_precision": 0.6910946369171143,
        "bert_score_recall": 0.6952239274978638,
        "bert_score_f1": 0.6931531429290771
    }
}