{
    "bert_score": {
        "bert_score_precision": 0.6600608229637146,
        "bert_score_recall": 0.6307815909385681,
        "bert_score_f1": 0.6450891494750977
    }
}