{
    "bert_score": {
        "bert_score_precision": 0.6714354753494263,
        "bert_score_recall": 0.6105245351791382,
        "bert_score_f1": 0.6395329833030701
    }
}