{
    "bert_score": {
        "bert_score_precision": 0.6345077157020569,
        "bert_score_recall": 0.5831809639930725,
        "bert_score_f1": 0.6077625751495361
    }
}