{
    "bert_score": {
        "bert_score_precision": 0.5936137437820435,
        "bert_score_recall": 0.649401068687439,
        "bert_score_f1": 0.6202555298805237
    }
}