{
    "bert_score": {
        "bert_score_precision": 0.7048039436340332,
        "bert_score_recall": 0.6771163940429688,
        "bert_score_f1": 0.6906828284263611
    }
}