{
    "bert_score": {
        "bert_score_precision": 0.666492223739624,
        "bert_score_recall": 0.6126564741134644,
        "bert_score_f1": 0.6384414434432983
    }
}