{
    "bert_score": {
        "bert_score_precision": 0.6277897953987122,
        "bert_score_recall": 0.6107549667358398,
        "bert_score_f1": 0.6191552877426147
    }
}