{
    "bert_score": {
        "bert_score_precision": 0.6335022449493408,
        "bert_score_recall": 0.6342252492904663,
        "bert_score_f1": 0.6338635087013245
    }
}