{
    "bert_score": {
        "bert_score_precision": 0.7143406271934509,
        "bert_score_recall": 0.6509016156196594,
        "bert_score_f1": 0.6811472177505493
    }
}