{
    "bert_score": {
        "bert_score_precision": 0.6763157844543457,
        "bert_score_recall": 0.6515865325927734,
        "bert_score_f1": 0.6637209057807922
    }
}