{
    "bert_score": {
        "bert_score_precision": 0.6765339374542236,
        "bert_score_recall": 0.6075262427330017,
        "bert_score_f1": 0.6401757597923279
    }
}