{
    "bert_score": {
        "bert_score_precision": 0.6946810483932495,
        "bert_score_recall": 0.666251540184021,
        "bert_score_f1": 0.6801693439483643
    }
}