{
    "bert_score": {
        "bert_score_precision": 0.6513282060623169,
        "bert_score_recall": 0.6262632608413696,
        "bert_score_f1": 0.6385498642921448
    }
}