{
    "bert_score": {
        "bert_score_precision": 0.7312372326850891,
        "bert_score_recall": 0.6253412961959839,
        "bert_score_f1": 0.6741560697555542
    }
}