{
    "bert_score": {
        "bert_score_precision": 0.697690486907959,
        "bert_score_recall": 0.681857705116272,
        "bert_score_f1": 0.689683198928833
    }
}