{
    "bert_score": {
        "bert_score_precision": 0.6798321008682251,
        "bert_score_recall": 0.6410611271858215,
        "bert_score_f1": 0.659877598285675
    }
}