{
    "bert_score": {
        "bert_score_precision": 0.6597447991371155,
        "bert_score_recall": 0.5758041739463806,
        "bert_score_f1": 0.6149230599403381
    }
}