{
    "bert_score": {
        "bert_score_precision": 0.6870757341384888,
        "bert_score_recall": 0.6812365651130676,
        "bert_score_f1": 0.6841436624526978
    }
}