{
    "bert_score": {
        "bert_score_precision": 0.714652419090271,
        "bert_score_recall": 0.6933562159538269,
        "bert_score_f1": 0.7038432955741882
    }
}