{
    "bert_score": {
        "bert_score_precision": 0.7056950330734253,
        "bert_score_recall": 0.6858850717544556,
        "bert_score_f1": 0.6956490278244019
    }
}