{
    "bert_score": {
        "bert_score_precision": 0.7178130745887756,
        "bert_score_recall": 0.6863276958465576,
        "bert_score_f1": 0.7017173767089844
    }
}