{
    "bert_score": {
        "bert_score_precision": 0.6789344549179077,
        "bert_score_recall": 0.6211726665496826,
        "bert_score_f1": 0.6487704515457153
    }
}