{
    "bert_score": {
        "bert_score_precision": 0.6625131368637085,
        "bert_score_recall": 0.6055585145950317,
        "bert_score_f1": 0.632756769657135
    }
}