{
    "bert_score": {
        "bert_score_precision": 0.6471843719482422,
        "bert_score_recall": 0.5174547433853149,
        "bert_score_f1": 0.5750942826271057
    }
}