{
    "bert_score": {
        "bert_score_precision": 0.7316773533821106,
        "bert_score_recall": 0.6603838205337524,
        "bert_score_f1": 0.6942049264907837
    }
}