{
    "bert_score": {
        "bert_score_precision": 0.6936978101730347,
        "bert_score_recall": 0.6067698001861572,
        "bert_score_f1": 0.6473284959793091
    }
}