{
    "bert_score": {
        "bert_score_precision": 0.7178875207901001,
        "bert_score_recall": 0.6803812980651855,
        "bert_score_f1": 0.6986314058303833
    }
}