{
    "bert_score": {
        "bert_score_precision": 0.7111692428588867,
        "bert_score_recall": 0.6696357727050781,
        "bert_score_f1": 0.6897778511047363
    }
}