{
    "bert_score": {
        "bert_score_precision": 0.6554536819458008,
        "bert_score_recall": 0.5739747285842896,
        "bert_score_f1": 0.6120142340660095
    }
}