{
    "bert_score": {
        "bert_score_precision": 0.7244765758514404,
        "bert_score_recall": 0.6426569223403931,
        "bert_score_f1": 0.681118369102478
    }
}