{
    "bert_score": {
        "bert_score_precision": 0.7016847133636475,
        "bert_score_recall": 0.6912835836410522,
        "bert_score_f1": 0.6964453458786011
    }
}