{
    "bert_score": {
        "bert_score_precision": 0.6526039838790894,
        "bert_score_recall": 0.6562944650650024,
        "bert_score_f1": 0.6544440388679504
    }
}