{
    "bert_score": {
        "bert_score_precision": 0.6778204441070557,
        "bert_score_recall": 0.6343048810958862,
        "bert_score_f1": 0.6553410887718201
    }
}