{
    "bert_score": {
        "bert_score_precision": 0.69687819480896,
        "bert_score_recall": 0.6241707801818848,
        "bert_score_f1": 0.658523678779602
    }
}