{
    "bert_score": {
        "bert_score_precision": 0.6890376806259155,
        "bert_score_recall": 0.5903081297874451,
        "bert_score_f1": 0.6358633637428284
    }
}