{
    "bert_score": {
        "bert_score_precision": 0.6491924524307251,
        "bert_score_recall": 0.5895809531211853,
        "bert_score_f1": 0.6179524064064026
    }
}