{
    "bert_score": {
        "bert_score_precision": 0.7007571458816528,
        "bert_score_recall": 0.6149336099624634,
        "bert_score_f1": 0.6550461649894714
    }
}