{
    "bert_score": {
        "bert_score_precision": 0.7241377830505371,
        "bert_score_recall": 0.6182699799537659,
        "bert_score_f1": 0.6670293211936951
    }
}