{
    "bert_score": {
        "bert_score_precision": 0.6836143732070923,
        "bert_score_recall": 0.6211633682250977,
        "bert_score_f1": 0.6508943438529968
    }
}