{
    "bert_score": {
        "bert_score_precision": 0.7471195459365845,
        "bert_score_recall": 0.6632654666900635,
        "bert_score_f1": 0.7026997208595276
    }
}