{
    "bert_score": {
        "bert_score_precision": 0.7036371231079102,
        "bert_score_recall": 0.6370238661766052,
        "bert_score_f1": 0.6686755418777466
    }
}