{
    "bert_score": {
        "bert_score_precision": 0.7705013155937195,
        "bert_score_recall": 0.6858983039855957,
        "bert_score_f1": 0.7257424592971802
    }
}