{
    "bert_score": {
        "bert_score_precision": 0.7004358768463135,
        "bert_score_recall": 0.6861807703971863,
        "bert_score_f1": 0.6932350397109985
    }
}