{
    "bert_score": {
        "bert_score_precision": 0.707141637802124,
        "bert_score_recall": 0.6020976305007935,
        "bert_score_f1": 0.6504056453704834
    }
}