{
    "bert_score": {
        "bert_score_precision": 0.7412245273590088,
        "bert_score_recall": 0.6661565899848938,
        "bert_score_f1": 0.7016885876655579
    }
}