{
    "bert_score": {
        "bert_score_precision": 0.715895414352417,
        "bert_score_recall": 0.6311068534851074,
        "bert_score_f1": 0.6708325743675232
    }
}