{
    "bert_score": {
        "bert_score_precision": 0.7613992691040039,
        "bert_score_recall": 0.6169977188110352,
        "bert_score_f1": 0.6816347241401672
    }
}