{
    "bert_score": {
        "bert_score_precision": 0.7531536817550659,
        "bert_score_recall": 0.6867929697036743,
        "bert_score_f1": 0.7184442281723022
    }
}