{
    "bert_score": {
        "bert_score_precision": 0.7392175197601318,
        "bert_score_recall": 0.5964828133583069,
        "bert_score_f1": 0.6602237820625305
    }
}