{
    "bert_score": {
        "bert_score_precision": 0.6457782983779907,
        "bert_score_recall": 0.5917210578918457,
        "bert_score_f1": 0.6175689697265625
    }
}