{
    "bert_score": {
        "bert_score_precision": 0.7406879663467407,
        "bert_score_recall": 0.6204832792282104,
        "bert_score_f1": 0.6752780079841614
    }
}