{
    "bert_score": {
        "bert_score_precision": 0.708732008934021,
        "bert_score_recall": 0.6603002548217773,
        "bert_score_f1": 0.6836594343185425
    }
}