{
    "bert_score": {
        "bert_score_precision": 0.6960635781288147,
        "bert_score_recall": 0.6197764873504639,
        "bert_score_f1": 0.6557086706161499
    }
}