{
    "bert_score": {
        "bert_score_precision": 0.6658953428268433,
        "bert_score_recall": 0.6010990738868713,
        "bert_score_f1": 0.6318402886390686
    }
}