{
    "bert_score": {
        "bert_score_precision": 0.6737764477729797,
        "bert_score_recall": 0.6333212852478027,
        "bert_score_f1": 0.6529228091239929
    }
}