{
    "bert_score": {
        "bert_score_precision": 0.7067118883132935,
        "bert_score_recall": 0.627303421497345,
        "bert_score_f1": 0.664644181728363
    }
}