{
    "bert_score": {
        "bert_score_precision": 0.7190232872962952,
        "bert_score_recall": 0.6168686747550964,
        "bert_score_f1": 0.6640400886535645
    }
}