{
    "bert_score": {
        "bert_score_precision": 0.66145920753479,
        "bert_score_recall": 0.6488301753997803,
        "bert_score_f1": 0.6550838351249695
    }
}