{
    "bert_score": {
        "bert_score_precision": 0.6425689458847046,
        "bert_score_recall": 0.5130778551101685,
        "bert_score_f1": 0.5705686211585999
    }
}