{
    "bert_score": {
        "bert_score_precision": 0.7286598682403564,
        "bert_score_recall": 0.6585509777069092,
        "bert_score_f1": 0.6918337941169739
    }
}