{
    "bert_score": {
        "bert_score_precision": 0.7118527293205261,
        "bert_score_recall": 0.5423470735549927,
        "bert_score_f1": 0.6156455278396606
    }
}