{
    "bert_score": {
        "bert_score_precision": 0.6334617137908936,
        "bert_score_recall": 0.5017855167388916,
        "bert_score_f1": 0.5599871277809143
    }
}