{
    "bert_score": {
        "bert_score_precision": 0.7738451957702637,
        "bert_score_recall": 0.6675337553024292,
        "bert_score_f1": 0.7167688608169556
    }
}