{
    "bert_score": {
        "bert_score_precision": 0.70109623670578,
        "bert_score_recall": 0.6170190572738647,
        "bert_score_f1": 0.6563761830329895
    }
}