{
    "bert_score": {
        "bert_score_precision": 0.6904045343399048,
        "bert_score_recall": 0.5790677070617676,
        "bert_score_f1": 0.6298538446426392
    }
}