{
    "bert_score": {
        "bert_score_precision": 0.7327525615692139,
        "bert_score_recall": 0.6673247218132019,
        "bert_score_f1": 0.6985098123550415
    }
}