{
    "bert_score": {
        "bert_score_precision": 0.675335168838501,
        "bert_score_recall": 0.6566765904426575,
        "bert_score_f1": 0.665875256061554
    }
}