{
    "bert_score": {
        "bert_score_precision": 0.6820003986358643,
        "bert_score_recall": 0.6482240557670593,
        "bert_score_f1": 0.6646833419799805
    }
}