{
    "bert_score": {
        "bert_score_precision": 0.6992186903953552,
        "bert_score_recall": 0.6349639892578125,
        "bert_score_f1": 0.6655440330505371
    }
}