{
    "bert_score": {
        "bert_score_precision": 0.6762270331382751,
        "bert_score_recall": 0.5989915132522583,
        "bert_score_f1": 0.635270357131958
    }
}