{
    "bert_score": {
        "bert_score_precision": 0.7094713449478149,
        "bert_score_recall": 0.5926514863967896,
        "bert_score_f1": 0.6458211541175842
    }
}