{
    "bert_score": {
        "bert_score_precision": 0.6739548444747925,
        "bert_score_recall": 0.641615629196167,
        "bert_score_f1": 0.6573877334594727
    }
}