{
    "bert_score": {
        "bert_score_precision": 0.7092915773391724,
        "bert_score_recall": 0.6560314297676086,
        "bert_score_f1": 0.6816226840019226
    }
}