{
    "bert_score": {
        "bert_score_precision": 0.6806848049163818,
        "bert_score_recall": 0.6123842000961304,
        "bert_score_f1": 0.6447306275367737
    }
}