{
    "bert_score": {
        "bert_score_precision": 0.6745021343231201,
        "bert_score_recall": 0.6228257417678833,
        "bert_score_f1": 0.647634744644165
    }
}