{
    "bert_score": {
        "bert_score_precision": 0.6809191703796387,
        "bert_score_recall": 0.638248085975647,
        "bert_score_f1": 0.6588934659957886
    }
}