{
    "bert_score": {
        "bert_score_precision": 0.7174944281578064,
        "bert_score_recall": 0.6440057754516602,
        "bert_score_f1": 0.6787667274475098
    }
}