{
    "bert_score": {
        "bert_score_precision": 0.7507261037826538,
        "bert_score_recall": 0.7394542098045349,
        "bert_score_f1": 0.7450475096702576
    }
}