{
    "bert_score": {
        "bert_score_precision": 0.6368487477302551,
        "bert_score_recall": 0.5367438793182373,
        "bert_score_f1": 0.5825269818305969
    }
}