{
    "bert_score": {
        "bert_score_precision": 0.7727964520454407,
        "bert_score_recall": 0.6539846658706665,
        "bert_score_f1": 0.7084436416625977
    }
}