{
    "bert_score": {
        "bert_score_precision": 0.7467818856239319,
        "bert_score_recall": 0.618407666683197,
        "bert_score_f1": 0.6765590310096741
    }
}