{
    "bert_score": {
        "bert_score_precision": 0.6299329400062561,
        "bert_score_recall": 0.6285580992698669,
        "bert_score_f1": 0.6292447447776794
    }
}