{
    "bert_score": {
        "bert_score_precision": 0.6578763127326965,
        "bert_score_recall": 0.5601230263710022,
        "bert_score_f1": 0.6050769686698914
    }
}