{
    "bert_score": {
        "bert_score_precision": 0.7227640748023987,
        "bert_score_recall": 0.6991129517555237,
        "bert_score_f1": 0.7107418179512024
    }
}