{
    "bert_score": {
        "bert_score_precision": 0.6763043999671936,
        "bert_score_recall": 0.6251899003982544,
        "bert_score_f1": 0.6497434377670288
    }
}