{
    "bert_score": {
        "bert_score_precision": 0.6951441764831543,
        "bert_score_recall": 0.5367817878723145,
        "bert_score_f1": 0.6057843565940857
    }
}