{
    "bert_score": {
        "bert_score_precision": 0.7551931142807007,
        "bert_score_recall": 0.6798475980758667,
        "bert_score_f1": 0.7155423760414124
    }
}