{
    "bert_score": {
        "bert_score_precision": 0.6815131902694702,
        "bert_score_recall": 0.6719179153442383,
        "bert_score_f1": 0.6766815185546875
    }
}