{
    "bert_score": {
        "bert_score_precision": 0.6918772459030151,
        "bert_score_recall": 0.6284458637237549,
        "bert_score_f1": 0.6586378812789917
    }
}