{
    "bert_score": {
        "bert_score_precision": 0.7078399658203125,
        "bert_score_recall": 0.6751506328582764,
        "bert_score_f1": 0.6911089420318604
    }
}