{
    "bert_score": {
        "bert_score_precision": 0.659812331199646,
        "bert_score_recall": 0.5953812599182129,
        "bert_score_f1": 0.625943124294281
    }
}