{
    "bert_score": {
        "bert_score_precision": 0.6992101669311523,
        "bert_score_recall": 0.6057184934616089,
        "bert_score_f1": 0.6491152048110962
    }
}