{
    "bert_score": {
        "bert_score_precision": 0.6998047828674316,
        "bert_score_recall": 0.6385315656661987,
        "bert_score_f1": 0.6677654981613159
    }
}