{
    "bert_score": {
        "bert_score_precision": 0.7450573444366455,
        "bert_score_recall": 0.6818224191665649,
        "bert_score_f1": 0.7120386958122253
    }
}