{
    "bert_score": {
        "bert_score_precision": 0.6719828248023987,
        "bert_score_recall": 0.5488300323486328,
        "bert_score_f1": 0.6041947603225708
    }
}