{
    "bert_score": {
        "bert_score_precision": 0.6867251992225647,
        "bert_score_recall": 0.6067414283752441,
        "bert_score_f1": 0.6442604064941406
    }
}