{
    "bert_score": {
        "bert_score_precision": 0.7467325925827026,
        "bert_score_recall": 0.6543407440185547,
        "bert_score_f1": 0.6974903345108032
    }
}