{
    "bert_score": {
        "bert_score_precision": 0.7330280542373657,
        "bert_score_recall": 0.6647758483886719,
        "bert_score_f1": 0.697235643863678
    }
}