{
    "bert_score": {
        "bert_score_precision": 0.6747407913208008,
        "bert_score_recall": 0.6322644352912903,
        "bert_score_f1": 0.6528124213218689
    }
}