{
    "bert_score": {
        "bert_score_precision": 0.7147585153579712,
        "bert_score_recall": 0.6217101812362671,
        "bert_score_f1": 0.6649952530860901
    }
}