{
    "bert_score": {
        "bert_score_precision": 0.7410283088684082,
        "bert_score_recall": 0.7446062564849854,
        "bert_score_f1": 0.742812991142273
    }
}