{
    "bert_score": {
        "bert_score_precision": 0.6824871897697449,
        "bert_score_recall": 0.5673415660858154,
        "bert_score_f1": 0.6196102499961853
    }
}