{
    "bert_score": {
        "bert_score_precision": 0.7128832936286926,
        "bert_score_recall": 0.6143540143966675,
        "bert_score_f1": 0.6599614024162292
    }
}