{
    "bert_score": {
        "bert_score_precision": 0.6829132437705994,
        "bert_score_recall": 0.6139721870422363,
        "bert_score_f1": 0.6466102600097656
    }
}