{
    "bert_score": {
        "bert_score_precision": 0.6678755283355713,
        "bert_score_recall": 0.563738226890564,
        "bert_score_f1": 0.611404299736023
    }
}