{
    "bert_score": {
        "bert_score_precision": 0.7325291633605957,
        "bert_score_recall": 0.592530369758606,
        "bert_score_f1": 0.6551339626312256
    }
}