{
    "bert_score": {
        "bert_score_precision": 0.6679350733757019,
        "bert_score_recall": 0.6776940226554871,
        "bert_score_f1": 0.6727791428565979
    }
}