{
    "bert_score": {
        "bert_score_precision": 0.710983157157898,
        "bert_score_recall": 0.6085209250450134,
        "bert_score_f1": 0.6557738780975342
    }
}