{
    "bert_score": {
        "bert_score_precision": 0.7024190425872803,
        "bert_score_recall": 0.6323378086090088,
        "bert_score_f1": 0.6655386090278625
    }
}