{
    "bert_score": {
        "bert_score_precision": 0.7398859262466431,
        "bert_score_recall": 0.6557786464691162,
        "bert_score_f1": 0.6952980160713196
    }
}