{
    "bert_score": {
        "bert_score_precision": 0.6930825710296631,
        "bert_score_recall": 0.6352177858352661,
        "bert_score_f1": 0.6628897786140442
    }
}