{
    "bert_score": {
        "bert_score_precision": 0.6468959450721741,
        "bert_score_recall": 0.5934360027313232,
        "bert_score_f1": 0.6190139055252075
    }
}