{
    "bert_score": {
        "bert_score_precision": 0.6363429427146912,
        "bert_score_recall": 0.6175850033760071,
        "bert_score_f1": 0.6268236637115479
    }
}