{
    "bert_score": {
        "bert_score_precision": 0.6932983994483948,
        "bert_score_recall": 0.6622850894927979,
        "bert_score_f1": 0.6774370074272156
    }
}