{
    "bert_score": {
        "bert_score_precision": 0.7319225668907166,
        "bert_score_recall": 0.6485353708267212,
        "bert_score_f1": 0.6877104640007019
    }
}