{
    "bert_score": {
        "bert_score_precision": 0.7476907968521118,
        "bert_score_recall": 0.649215817451477,
        "bert_score_f1": 0.6949822902679443
    }
}