{
    "bert_score": {
        "bert_score_precision": 0.6832153797149658,
        "bert_score_recall": 0.6119575500488281,
        "bert_score_f1": 0.6456262469291687
    }
}