{
    "bert_score": {
        "bert_score_precision": 0.7337455749511719,
        "bert_score_recall": 0.6674351692199707,
        "bert_score_f1": 0.6990213394165039
    }
}