{
    "bert_score": {
        "bert_score_precision": 0.7679334282875061,
        "bert_score_recall": 0.6424411535263062,
        "bert_score_f1": 0.6996042132377625
    }
}