{
    "bert_score": {
        "bert_score_precision": 0.7369832396507263,
        "bert_score_recall": 0.6123783588409424,
        "bert_score_f1": 0.6689275503158569
    }
}