{
    "bert_score": {
        "bert_score_precision": 0.7808752655982971,
        "bert_score_recall": 0.6347147822380066,
        "bert_score_f1": 0.700249433517456
    }
}