{
    "bert_score": {
        "bert_score_precision": 0.7207045555114746,
        "bert_score_recall": 0.6767365336418152,
        "bert_score_f1": 0.6980288028717041
    }
}