{
    "bert_score": {
        "bert_score_precision": 0.6747781038284302,
        "bert_score_recall": 0.5382784605026245,
        "bert_score_f1": 0.5988484621047974
    }
}