{
    "bert_score": {
        "bert_score_precision": 0.6387937664985657,
        "bert_score_recall": 0.6208634972572327,
        "bert_score_f1": 0.6297010183334351
    }
}