{
    "bert_score": {
        "bert_score_precision": 0.7032182812690735,
        "bert_score_recall": 0.7007663249969482,
        "bert_score_f1": 0.7019901871681213
    }
}