{
    "bert_score": {
        "bert_score_precision": 0.6658365726470947,
        "bert_score_recall": 0.641669750213623,
        "bert_score_f1": 0.6535298228263855
    }
}