{
    "bert_score": {
        "bert_score_precision": 0.6934596300125122,
        "bert_score_recall": 0.6629881858825684,
        "bert_score_f1": 0.67788165807724
    }
}