{
    "bert_score": {
        "bert_score_precision": 0.6988798379898071,
        "bert_score_recall": 0.6628547310829163,
        "bert_score_f1": 0.6803907155990601
    }
}