{
    "bert_score": {
        "bert_score_precision": 0.6837124228477478,
        "bert_score_recall": 0.6707752346992493,
        "bert_score_f1": 0.6771820187568665
    }
}