{
    "bert_score": {
        "bert_score_precision": 0.6601071357727051,
        "bert_score_recall": 0.5937914848327637,
        "bert_score_f1": 0.6251956820487976
    }
}