{
    "bert_score": {
        "bert_score_precision": 0.734793484210968,
        "bert_score_recall": 0.7115136384963989,
        "bert_score_f1": 0.722966194152832
    }
}