{
    "bert_score": {
        "bert_score_precision": 0.63507080078125,
        "bert_score_recall": 0.6112514734268188,
        "bert_score_f1": 0.622933566570282
    }
}