{
    "bert_score": {
        "bert_score_precision": 0.6809840202331543,
        "bert_score_recall": 0.6705763339996338,
        "bert_score_f1": 0.675740122795105
    }
}