{
    "bert_score": {
        "bert_score_precision": 0.6728338003158569,
        "bert_score_recall": 0.6220495700836182,
        "bert_score_f1": 0.6464458107948303
    }
}