{
    "bert_score": {
        "bert_score_precision": 0.6472817659378052,
        "bert_score_recall": 0.6378281116485596,
        "bert_score_f1": 0.6425201296806335
    }
}