{
    "bert_score": {
        "bert_score_precision": 0.5285125970840454,
        "bert_score_recall": 0.5204447507858276,
        "bert_score_f1": 0.5244476199150085
    }
}