{
    "bert_score": {
        "bert_score_precision": 0.6331285238265991,
        "bert_score_recall": 0.6634828448295593,
        "bert_score_f1": 0.6479504108428955
    }
}