{
    "bert_score": {
        "bert_score_precision": 0.6654585003852844,
        "bert_score_recall": 0.6439523696899414,
        "bert_score_f1": 0.6545288562774658
    }
}