{
    "bert_score": {
        "bert_score_precision": 0.6915655136108398,
        "bert_score_recall": 0.6087968349456787,
        "bert_score_f1": 0.6475470066070557
    }
}