{
    "bert_score": {
        "bert_score_precision": 0.6577147841453552,
        "bert_score_recall": 0.6529878377914429,
        "bert_score_f1": 0.6553428173065186
    }
}