{
    "bert_score": {
        "bert_score_precision": 0.6651328802108765,
        "bert_score_recall": 0.602292001247406,
        "bert_score_f1": 0.6321545839309692
    }
}