{
    "bert_score": {
        "bert_score_precision": 0.711273193359375,
        "bert_score_recall": 0.6421420574188232,
        "bert_score_f1": 0.6749420762062073
    }
}