{
    "bert_score": {
        "bert_score_precision": 0.7095640897750854,
        "bert_score_recall": 0.6338363885879517,
        "bert_score_f1": 0.6695658564567566
    }
}