{
    "bert_score": {
        "bert_score_precision": 0.6382834315299988,
        "bert_score_recall": 0.6365336179733276,
        "bert_score_f1": 0.6374073624610901
    }
}