{
    "bert_score": {
        "bert_score_precision": 0.6143033504486084,
        "bert_score_recall": 0.6013447046279907,
        "bert_score_f1": 0.6077549457550049
    }
}