{
    "bert_score": {
        "bert_score_precision": 0.686966061592102,
        "bert_score_recall": 0.6897681951522827,
        "bert_score_f1": 0.6883642673492432
    }
}