{
    "bert_score": {
        "bert_score_precision": 0.7322647571563721,
        "bert_score_recall": 0.6797744035720825,
        "bert_score_f1": 0.7050439715385437
    }
}