{
    "bert_score": {
        "bert_score_precision": 0.6498321890830994,
        "bert_score_recall": 0.6329936981201172,
        "bert_score_f1": 0.6413024067878723
    }
}