{
    "bert_score": {
        "bert_score_precision": 0.6653364300727844,
        "bert_score_recall": 0.6151121854782104,
        "bert_score_f1": 0.6392393112182617
    }
}