{
    "bert_score": {
        "bert_score_precision": 0.6736359000205994,
        "bert_score_recall": 0.5697517395019531,
        "bert_score_f1": 0.6173540353775024
    }
}