{
    "bert_score": {
        "bert_score_precision": 0.6393868327140808,
        "bert_score_recall": 0.6089644432067871,
        "bert_score_f1": 0.6238049268722534
    }
}