{
    "bert_score": {
        "bert_score_precision": 0.6366434097290039,
        "bert_score_recall": 0.4758721888065338,
        "bert_score_f1": 0.5446411967277527
    }
}