{
    "bert_score": {
        "bert_score_precision": 0.6817277669906616,
        "bert_score_recall": 0.6154724955558777,
        "bert_score_f1": 0.646908164024353
    }
}