{
    "bert_score": {
        "bert_score_precision": 0.729702353477478,
        "bert_score_recall": 0.6852563619613647,
        "bert_score_f1": 0.7067813277244568
    }
}