{
    "bert_score": {
        "bert_score_precision": 0.7101528644561768,
        "bert_score_recall": 0.6961215734481812,
        "bert_score_f1": 0.7030672430992126
    }
}