{
    "bert_score": {
        "bert_score_precision": 0.6492596864700317,
        "bert_score_recall": 0.6111378073692322,
        "bert_score_f1": 0.6296222805976868
    }
}