{
    "bert_score": {
        "bert_score_precision": 0.678027868270874,
        "bert_score_recall": 0.6737291812896729,
        "bert_score_f1": 0.6758716702461243
    }
}