{
    "bert_score": {
        "bert_score_precision": 0.6493913531303406,
        "bert_score_recall": 0.6210157871246338,
        "bert_score_f1": 0.634886622428894
    }
}