{
    "bert_score": {
        "bert_score_precision": 0.662273645401001,
        "bert_score_recall": 0.6454877853393555,
        "bert_score_f1": 0.6537730097770691
    }
}