{
    "bert_score": {
        "bert_score_precision": 0.6240030527114868,
        "bert_score_recall": 0.5589318871498108,
        "bert_score_f1": 0.5896777510643005
    }
}