{
    "bert_score": {
        "bert_score_precision": 0.7125093936920166,
        "bert_score_recall": 0.6638683676719666,
        "bert_score_f1": 0.6873293519020081
    }
}