{
    "bert_score": {
        "bert_score_precision": 0.6839927434921265,
        "bert_score_recall": 0.6664205193519592,
        "bert_score_f1": 0.6750922799110413
    }
}