{
    "bert_score": {
        "bert_score_precision": 0.7190973162651062,
        "bert_score_recall": 0.6400367617607117,
        "bert_score_f1": 0.6772675514221191
    }
}