{
    "bert_score": {
        "bert_score_precision": 0.6998940706253052,
        "bert_score_recall": 0.6716039180755615,
        "bert_score_f1": 0.6854572296142578
    }
}