{
    "bert_score": {
        "bert_score_precision": 0.6716574430465698,
        "bert_score_recall": 0.5816264152526855,
        "bert_score_f1": 0.6234081983566284
    }
}