{
    "bert_score": {
        "bert_score_precision": 0.7432653903961182,
        "bert_score_recall": 0.6818404197692871,
        "bert_score_f1": 0.711229145526886
    }
}