{
    "bert_score": {
        "bert_score_precision": 0.6715472936630249,
        "bert_score_recall": 0.6681531667709351,
        "bert_score_f1": 0.6698459386825562
    }
}