{
    "bert_score": {
        "bert_score_precision": 0.6644548177719116,
        "bert_score_recall": 0.6655356287956238,
        "bert_score_f1": 0.6649948358535767
    }
}