{
    "bert_score": {
        "bert_score_precision": 0.6841625571250916,
        "bert_score_recall": 0.6324549913406372,
        "bert_score_f1": 0.657293438911438
    }
}