{
    "bert_score": {
        "bert_score_precision": 0.714800238609314,
        "bert_score_recall": 0.6920784115791321,
        "bert_score_f1": 0.703255832195282
    }
}