{
    "bert_score": {
        "bert_score_precision": 0.6735979318618774,
        "bert_score_recall": 0.6594299077987671,
        "bert_score_f1": 0.666438639163971
    }
}