{
    "bert_score": {
        "bert_score_precision": 0.7228187322616577,
        "bert_score_recall": 0.6823214292526245,
        "bert_score_f1": 0.7019864916801453
    }
}