{
    "bert_score": {
        "bert_score_precision": 0.6898539066314697,
        "bert_score_recall": 0.6362829208374023,
        "bert_score_f1": 0.6619863510131836
    }
}