{
    "bert_score": {
        "bert_score_precision": 0.7035257816314697,
        "bert_score_recall": 0.6892437934875488,
        "bert_score_f1": 0.6963115334510803
    }
}