{
    "bert_score": {
        "bert_score_precision": 0.690894603729248,
        "bert_score_recall": 0.6409204006195068,
        "bert_score_f1": 0.6649699211120605
    }
}