{
    "bert_score": {
        "bert_score_precision": 0.6331740617752075,
        "bert_score_recall": 0.6172103881835938,
        "bert_score_f1": 0.6250903010368347
    }
}