{
    "bert_score": {
        "bert_score_precision": 0.6304531097412109,
        "bert_score_recall": 0.6092158555984497,
        "bert_score_f1": 0.6196525692939758
    }
}