{
    "bert_score": {
        "bert_score_precision": 0.6803171634674072,
        "bert_score_recall": 0.6353971362113953,
        "bert_score_f1": 0.6570903062820435
    }
}