{
    "bert_score": {
        "bert_score_precision": 0.6759986877441406,
        "bert_score_recall": 0.6074146032333374,
        "bert_score_f1": 0.6398741006851196
    }
}