{
    "bert_score": {
        "bert_score_precision": 0.6390812993049622,
        "bert_score_recall": 0.6170920133590698,
        "bert_score_f1": 0.6278941631317139
    }
}