{
    "bert_score": {
        "bert_score_precision": 0.6828576326370239,
        "bert_score_recall": 0.6326697468757629,
        "bert_score_f1": 0.6568063497543335
    }
}