{
    "bert_score": {
        "bert_score_precision": 0.6875650882720947,
        "bert_score_recall": 0.6976388692855835,
        "bert_score_f1": 0.692565381526947
    }
}