{
    "bert_score": {
        "bert_score_precision": 0.6688438653945923,
        "bert_score_recall": 0.5534838438034058,
        "bert_score_f1": 0.6057201623916626
    }
}