{
    "bert_score": {
        "bert_score_precision": 0.7270466089248657,
        "bert_score_recall": 0.7023144960403442,
        "bert_score_f1": 0.7144665718078613
    }
}