{
    "bert_score": {
        "bert_score_precision": 0.6767779588699341,
        "bert_score_recall": 0.5739468336105347,
        "bert_score_f1": 0.6211351156234741
    }
}