{
    "bert_score": {
        "bert_score_precision": 0.7139956951141357,
        "bert_score_recall": 0.6355148553848267,
        "bert_score_f1": 0.6724732518196106
    }
}