{
    "bert_score": {
        "bert_score_precision": 0.654967725276947,
        "bert_score_recall": 0.6162338256835938,
        "bert_score_f1": 0.6350106596946716
    }
}