{
    "bert_score": {
        "bert_score_precision": 0.6877938508987427,
        "bert_score_recall": 0.6793701648712158,
        "bert_score_f1": 0.683556079864502
    }
}