{
    "bert_score": {
        "bert_score_precision": 0.6212946176528931,
        "bert_score_recall": 0.6597661972045898,
        "bert_score_f1": 0.6399527192115784
    }
}