{
    "bert_score": {
        "bert_score_precision": 0.7113896012306213,
        "bert_score_recall": 0.6241030097007751,
        "bert_score_f1": 0.6648938059806824
    }
}