{
    "bert_score": {
        "bert_score_precision": 0.6859533190727234,
        "bert_score_recall": 0.6515692472457886,
        "bert_score_f1": 0.6683193445205688
    }
}