{
    "bert_score": {
        "bert_score_precision": 0.6390233039855957,
        "bert_score_recall": 0.5570862293243408,
        "bert_score_f1": 0.5952483415603638
    }
}