{
    "bert_score": {
        "bert_score_precision": 0.6770704984664917,
        "bert_score_recall": 0.6094866991043091,
        "bert_score_f1": 0.6415034532546997
    }
}