{
    "bert_score": {
        "bert_score_precision": 0.6125959753990173,
        "bert_score_recall": 0.5317760705947876,
        "bert_score_f1": 0.5693321228027344
    }
}