{
    "bert_score": {
        "bert_score_precision": 0.720569372177124,
        "bert_score_recall": 0.6856546998023987,
        "bert_score_f1": 0.7026786208152771
    }
}