{
    "bert_score": {
        "bert_score_precision": 0.7046812176704407,
        "bert_score_recall": 0.6562578678131104,
        "bert_score_f1": 0.6796081066131592
    }
}