{
    "bert_score": {
        "bert_score_precision": 0.6888507008552551,
        "bert_score_recall": 0.6154741644859314,
        "bert_score_f1": 0.6500985026359558
    }
}