{
    "bert_score": {
        "bert_score_precision": 0.6385799050331116,
        "bert_score_recall": 0.6198750734329224,
        "bert_score_f1": 0.6290884017944336
    }
}