{
    "bert_score": {
        "bert_score_precision": 0.7024227976799011,
        "bert_score_recall": 0.6258000135421753,
        "bert_score_f1": 0.6619013547897339
    }
}