{
    "bert_score": {
        "bert_score_precision": 0.6607086658477783,
        "bert_score_recall": 0.6333059668540955,
        "bert_score_f1": 0.6467171311378479
    }
}