{
    "bert_score": {
        "bert_score_precision": 0.6415467262268066,
        "bert_score_recall": 0.6238566637039185,
        "bert_score_f1": 0.6325780749320984
    }
}