{
    "bert_score": {
        "bert_score_precision": 0.7073931694030762,
        "bert_score_recall": 0.6855007410049438,
        "bert_score_f1": 0.6962748765945435
    }
}