{
    "bert_score": {
        "bert_score_precision": 0.6644660234451294,
        "bert_score_recall": 0.5401050448417664,
        "bert_score_f1": 0.5958659648895264
    }
}