{
    "bert_score": {
        "bert_score_precision": 0.7020841240882874,
        "bert_score_recall": 0.6093875169754028,
        "bert_score_f1": 0.6524598598480225
    }
}