{
    "bert_score": {
        "bert_score_precision": 0.6778286099433899,
        "bert_score_recall": 0.6806375980377197,
        "bert_score_f1": 0.6792302131652832
    }
}