{
    "bert_score": {
        "bert_score_precision": 0.6898995041847229,
        "bert_score_recall": 0.6285306215286255,
        "bert_score_f1": 0.6577867269515991
    }
}