{
    "bert_score": {
        "bert_score_precision": 0.6634352803230286,
        "bert_score_recall": 0.6217702627182007,
        "bert_score_f1": 0.6419273614883423
    }
}