{
    "bert_score": {
        "bert_score_precision": 0.6973336935043335,
        "bert_score_recall": 0.6722536087036133,
        "bert_score_f1": 0.6845639944076538
    }
}