{
    "bert_score": {
        "bert_score_precision": 0.644870936870575,
        "bert_score_recall": 0.6326473951339722,
        "bert_score_f1": 0.6387007236480713
    }
}