{
    "bert_score": {
        "bert_score_precision": 0.6504033803939819,
        "bert_score_recall": 0.6317892670631409,
        "bert_score_f1": 0.6409611701965332
    }
}