{
    "bert_score": {
        "bert_score_precision": 0.6431515216827393,
        "bert_score_recall": 0.6387208700180054,
        "bert_score_f1": 0.6409285068511963
    }
}