{
    "bert_score": {
        "bert_score_precision": 0.7360116839408875,
        "bert_score_recall": 0.631456732749939,
        "bert_score_f1": 0.6797371506690979
    }
}