{
    "bert_score": {
        "bert_score_precision": 0.7104329466819763,
        "bert_score_recall": 0.6302555799484253,
        "bert_score_f1": 0.6679468750953674
    }
}