{
    "bert_score": {
        "bert_score_precision": 0.6945255994796753,
        "bert_score_recall": 0.6436867713928223,
        "bert_score_f1": 0.6681405305862427
    }
}