{
    "bert_score": {
        "bert_score_precision": 0.633031964302063,
        "bert_score_recall": 0.6606775522232056,
        "bert_score_f1": 0.6465593576431274
    }
}