{
    "bert_score": {
        "bert_score_precision": 0.6958228349685669,
        "bert_score_recall": 0.5507300496101379,
        "bert_score_f1": 0.61483234167099
    }
}