{
    "summa_qa": {
        "summaqa_avg_prob": 0.09641291572600186,
        "summaqa_avg_fscore": 8.618832148243914e-05
    }
}