{
    "summa_qa": {
        "summaqa_avg_prob": 0.03089693216759166,
        "summaqa_avg_fscore": 0.009616426192540745
    }
}