{
    "summa_qa": {
        "summaqa_avg_prob": 0.0679679373908642,
        "summaqa_avg_fscore": 0.005736625514403292
    }
}