{
    "summa_qa": {
        "summaqa_avg_prob": 0.05711446710939974,
        "summaqa_avg_fscore": 0.004797441364605543
    }
}