{
    "summa_qa": {
        "summaqa_avg_prob": 0.028072110153152606,
        "summaqa_avg_fscore": 0.004202633133194168
    }
}