{
    "summa_qa": {
        "summaqa_avg_prob": 0.0501680105070894,
        "summaqa_avg_fscore": 0.056790123456790124
    }
}