{
    "summa_qa": {
        "summaqa_avg_prob": 0.041712168518902866,
        "summaqa_avg_fscore": 0.0005051027098486917
    }
}