{
    "summa_qa": {
        "summaqa_avg_prob": 0.048623019291226866,
        "summaqa_avg_fscore": 0.0024741340530814214
    }
}