{
    "summa_qa": {
        "summaqa_avg_prob": 0.08469444450635749,
        "summaqa_avg_fscore": 0.013342490842490843
    }
}