{
    "summa_qa": {
        "summaqa_avg_prob": 0.07798887437975997,
        "summaqa_avg_fscore": 0.000919393393916519
    }
}