{
    "summa_qa": {
        "summaqa_avg_prob": 0.03136246086871207,
        "summaqa_avg_fscore": 0.0006422018403966027
    }
}