{
    "summa_qa": {
        "summaqa_avg_prob": 0.06509040477479956,
        "summaqa_avg_fscore": 0.000686106346483705
    }
}