{
    "summa_qa": {
        "summaqa_avg_prob": 0.07175846231707218,
        "summaqa_avg_fscore": 0.019571865443425075
    }
}