{
    "summa_qa": {
        "summaqa_avg_prob": 0.08403446298954706,
        "summaqa_avg_fscore": 0.007816178547885865
    }
}