{
    "summa_qa": {
        "summaqa_avg_prob": 0.09223548809454601,
        "summaqa_avg_fscore": 0.0010490960007445197
    }
}