{
    "summa_qa": {
        "summaqa_avg_prob": 0.04227092282666785,
        "summaqa_avg_fscore": 0.002468747283661347
    }
}