{
    "summa_qa": {
        "summaqa_avg_prob": 0.05914091120283077,
        "summaqa_avg_fscore": 0.004594160791104765
    }
}