{
    "summa_qa": {
        "summaqa_avg_prob": 0.03297541702300118,
        "summaqa_avg_fscore": 0.0026833107902400027
    }
}