{
    "summa_qa": {
        "summaqa_avg_prob": 0.050766480189035144,
        "summaqa_avg_fscore": 0.00037174721189591083
    }
}