{
    "summa_qa": {
        "summaqa_avg_prob": 0.10546151275329839,
        "summaqa_avg_fscore": 0.0007835269857613583
    }
}