{
    "summa_qa": {
        "summaqa_avg_prob": 0.07005315227545666,
        "summaqa_avg_fscore": 0.052813928778721486
    }
}