{
    "summa_qa": {
        "summaqa_avg_prob": 0.03587975050817051,
        "summaqa_avg_fscore": 0.010553476379231732
    }
}