{
    "summa_qa": {
        "summaqa_avg_prob": 0.045978864057442656,
        "summaqa_avg_fscore": 0.0001924109302164889
    }
}