{
    "summa_qa": {
        "summaqa_avg_prob": 0.03579146255548208,
        "summaqa_avg_fscore": 0.014376423560569914
    }
}