{
    "summa_qa": {
        "summaqa_avg_prob": 0.032205665083402356,
        "summaqa_avg_fscore": 0.03986079990711099
    }
}