{
    "summa_qa": {
        "summaqa_avg_prob": 0.042885155908270675,
        "summaqa_avg_fscore": 0.013464857265565552
    }
}