{
    "summa_qa": {
        "summaqa_avg_prob": 0.04057983353286226,
        "summaqa_avg_fscore": 0.0033603069256719514
    }
}