{
    "summa_qa": {
        "summaqa_avg_prob": 0.028173792242121746,
        "summaqa_avg_fscore": 0.015716250019167446
    }
}