{
    "summa_qa": {
        "summaqa_avg_prob": 0.039046575346737285,
        "summaqa_avg_fscore": 5.9171336344889406e-05
    }
}