{
    "summa_qa": {
        "summaqa_avg_prob": 0.08112842554124901,
        "summaqa_avg_fscore": 0.005880194357762954
    }
}