{
    "summa_qa": {
        "summaqa_avg_prob": 0.09985668698515694,
        "summaqa_avg_fscore": 0.012533126222769265
    }
}