{
    "summa_qa": {
        "summaqa_avg_prob": 0.07960959662583393,
        "summaqa_avg_fscore": 9.266259750318095e-05
    }
}