{
    "summa_qa": {
        "summaqa_avg_prob": 0.05241505508492306,
        "summaqa_avg_fscore": 0.0071791685674518334
    }
}