{
    "summa_qa": {
        "summaqa_avg_prob": 0.05735977041071062,
        "summaqa_avg_fscore": 0.003457617046617261
    }
}