{
    "summa_qa": {
        "summaqa_avg_prob": 0.08148857127702763,
        "summaqa_avg_fscore": 0.00042941492216854533
    }
}