{
    "summa_qa": {
        "summaqa_avg_prob": 0.05392447448851142,
        "summaqa_avg_fscore": 9.398496240601504e-05
    }
}