{
    "summa_qa": {
        "summaqa_avg_prob": 0.051693489858550705,
        "summaqa_avg_fscore": 0.05231925918309481
    }
}