{
    "summa_qa": {
        "summaqa_avg_prob": 0.07761770814267548,
        "summaqa_avg_fscore": 3.419563321763811e-05
    }
}