{
    "summa_qa": {
        "summaqa_avg_prob": 0.07490687365079793,
        "summaqa_avg_fscore": 0.0038335738335738335
    }
}