{
    "summa_qa": {
        "summaqa_avg_prob": 0.05053005993646697,
        "summaqa_avg_fscore": 0.00661197776582392
    }
}