{
    "summa_qa": {
        "summaqa_avg_prob": 0.09069704617390437,
        "summaqa_avg_fscore": 0.0018375411302673274
    }
}