{
    "summa_qa": {
        "summaqa_avg_prob": 0.0741344175914123,
        "summaqa_avg_fscore": 0.017654857437303047
    }
}