{
    "summa_qa": {
        "summaqa_avg_prob": 0.019702838955610612,
        "summaqa_avg_fscore": 0.019977991196478587
    }
}