{
    "summa_qa": {
        "summaqa_avg_prob": 0.0827319719085794,
        "summaqa_avg_fscore": 0.013589502706809658
    }
}