{
    "summa_qa": {
        "summaqa_avg_prob": 0.05262007024329557,
        "summaqa_avg_fscore": 0.009088893815118598
    }
}