{
    "summa_qa": {
        "summaqa_avg_prob": 0.05782600685499556,
        "summaqa_avg_fscore": 0.005299053233821317
    }
}