{
    "summa_qa": {
        "summaqa_avg_prob": 0.03932327528403414,
        "summaqa_avg_fscore": 0.0020034878036346913
    }
}