{
    "summa_qa": {
        "summaqa_avg_prob": 0.03920134286054235,
        "summaqa_avg_fscore": 5.165289256198347e-05
    }
}