{
    "summa_qa": {
        "summaqa_avg_prob": 0.007377283062430066,
        "summaqa_avg_fscore": 0.0051516436670498295
    }
}