{
    "summa_qa": {
        "summaqa_avg_prob": 0.0799510976245165,
        "summaqa_avg_fscore": 0.004855329732856341
    }
}