{
    "summa_qa": {
        "summaqa_avg_prob": 0.02386855562405151,
        "summaqa_avg_fscore": 0.0003040437823046519
    }
}