{
    "summa_qa": {
        "summaqa_avg_prob": 0.06284316320749125,
        "summaqa_avg_fscore": 0.014602480050285457
    }
}