{
    "summa_qa": {
        "summaqa_avg_prob": 0.061055954919386625,
        "summaqa_avg_fscore": 0.00047066131335029443
    }
}