{
    "summa_qa": {
        "summaqa_avg_prob": 0.02009024997145023,
        "summaqa_avg_fscore": 0.014729064323986735
    }
}