{
    "summa_qa": {
        "summaqa_avg_prob": 0.055613256352800323,
        "summaqa_avg_fscore": 0.032815293219332936
    }
}