{
    "summa_qa": {
        "summaqa_avg_prob": 0.0439765605608152,
        "summaqa_avg_fscore": 0.05992959635961665
    }
}