{
    "summa_qa": {
        "summaqa_avg_prob": 0.07227155541473883,
        "summaqa_avg_fscore": 0.00685557571208497
    }
}