{
    "summa_qa": {
        "summaqa_avg_prob": 0.02432118870370671,
        "summaqa_avg_fscore": 0.005411973533140253
    }
}