{
    "summa_qa": {
        "summaqa_avg_prob": 0.042630261409253335,
        "summaqa_avg_fscore": 0.0051023703416650515
    }
}