{
    "summa_qa": {
        "summaqa_avg_prob": 0.08126179757965658,
        "summaqa_avg_fscore": 0.007377466221945842
    }
}