{
    "summa_qa": {
        "summaqa_avg_prob": 0.05708658140129088,
        "summaqa_avg_fscore": 0.0018874183557503778
    }
}