{
    "summa_qa": {
        "summaqa_avg_prob": 0.09066317825611127,
        "summaqa_avg_fscore": 0.021378108083310397
    }
}