{
    "summa_qa": {
        "summaqa_avg_prob": 0.04078273970023638,
        "summaqa_avg_fscore": 0.00048487941814469825
    }
}