{
    "summa_qa": {
        "summaqa_avg_prob": 0.03845780245378174,
        "summaqa_avg_fscore": 0.0048520976747181655
    }
}