{
    "summa_qa": {
        "summaqa_avg_prob": 0.05320899543381369,
        "summaqa_avg_fscore": 0.011179300459660278
    }
}