{
    "summa_qa": {
        "summaqa_avg_prob": 0.07704128970988931,
        "summaqa_avg_fscore": 0.013887087989560466
    }
}