{
    "summa_qa": {
        "summaqa_avg_prob": 0.05492886603434811,
        "summaqa_avg_fscore": 0.006151087091034871
    }
}