{
    "summa_qa": {
        "summaqa_avg_prob": 0.057258586964723614,
        "summaqa_avg_fscore": 0.007550460090290892
    }
}