{
    "summa_qa": {
        "summaqa_avg_prob": 0.03429009811684099,
        "summaqa_avg_fscore": 0.016369638393039745
    }
}