{
    "summa_qa": {
        "summaqa_avg_prob": 0.046090005120918105,
        "summaqa_avg_fscore": 0.01561449610648695
    }
}