{
    "summa_qa": {
        "summaqa_avg_prob": 0.08258639053595872,
        "summaqa_avg_fscore": 0.009136519672564035
    }
}