{
    "summa_qa": {
        "summaqa_avg_prob": 0.08516293848270176,
        "summaqa_avg_fscore": 0.02251082251082251
    }
}