{
    "summa_qa": {
        "summaqa_avg_prob": 0.07291580077144638,
        "summaqa_avg_fscore": 0.000584596323150887
    }
}