{
    "summa_qa": {
        "summaqa_avg_prob": 0.02328547687673624,
        "summaqa_avg_fscore": 0.003325350621415712
    }
}