{
    "summa_qa": {
        "summaqa_avg_prob": 0.06089419700431389,
        "summaqa_avg_fscore": 0.0013358354671624167
    }
}