{
    "summa_qa": {
        "summaqa_avg_prob": 0.03620875501507786,
        "summaqa_avg_fscore": 0.010992215137957218
    }
}