{
    "summa_qa": {
        "summaqa_avg_prob": 0.026313456757941413,
        "summaqa_avg_fscore": 0.002530423442541683
    }
}