{
    "summa_qa": {
        "summaqa_avg_prob": 0.03925459561127626,
        "summaqa_avg_fscore": 0.01112524159684139
    }
}