{
    "summa_qa": {
        "summaqa_avg_prob": 0.019315547031609162,
        "summaqa_avg_fscore": 0.003485318691811888
    }
}