{
    "summa_qa": {
        "summaqa_avg_prob": 0.0761980866322495,
        "summaqa_avg_fscore": 0.0004941932295527551
    }
}