{
    "summa_qa": {
        "summaqa_avg_prob": 0.07489093556625044,
        "summaqa_avg_fscore": 0.03639171233027442
    }
}