{
    "summa_qa": {
        "summaqa_avg_prob": 0.08832208080232438,
        "summaqa_avg_fscore": 0.0024632792184974346
    }
}