{
    "summa_qa": {
        "summaqa_avg_prob": 0.07109768192844504,
        "summaqa_avg_fscore": 0.005177626606198035
    }
}