{
    "summa_qa": {
        "summaqa_avg_prob": 0.03360415011162868,
        "summaqa_avg_fscore": 0.0061014771997430954
    }
}