{
    "summa_qa": {
        "summaqa_avg_prob": 0.048621870189366624,
        "summaqa_avg_fscore": 0.014566147039180974
    }
}