{
    "summa_qa": {
        "summaqa_avg_prob": 0.04024775024672001,
        "summaqa_avg_fscore": 7.17772035601493e-05
    }
}