{
    "summa_qa": {
        "summaqa_avg_prob": 0.04389843138930397,
        "summaqa_avg_fscore": 0.05918097845165086
    }
}