{
    "summa_qa": {
        "summaqa_avg_prob": 0.09945683535188436,
        "summaqa_avg_fscore": 0.009151921903599756
    }
}