{
    "summa_qa": {
        "summaqa_avg_prob": 0.07148125455322663,
        "summaqa_avg_fscore": 0.007365024998360333
    }
}