{
    "summa_qa": {
        "summaqa_avg_prob": 0.07000368848411727,
        "summaqa_avg_fscore": 5.0020008003201284e-05
    }
}