{
    "summa_qa": {
        "summaqa_avg_prob": 0.05539935398290096,
        "summaqa_avg_fscore": 0.0052384820372507945
    }
}