{
    "summa_qa": {
        "summaqa_avg_prob": 0.08656046081856184,
        "summaqa_avg_fscore": 0.000125517760763148
    }
}