{
    "summa_qa": {
        "summaqa_avg_prob": 0.08405174443670026,
        "summaqa_avg_fscore": 0.0009208495909730958
    }
}