{
    "summa_qa": {
        "summaqa_avg_prob": 0.04685329688130966,
        "summaqa_avg_fscore": 0.0013320746800923014
    }
}