{
    "summa_qa": {
        "summaqa_avg_prob": 0.03218831538891352,
        "summaqa_avg_fscore": 0.005086859305125559
    }
}