{
    "summa_qa": {
        "summaqa_avg_prob": 0.08789323903620243,
        "summaqa_avg_fscore": 0.001476575288347065
    }
}