{
    "summa_qa": {
        "summaqa_avg_prob": 0.05273243030313036,
        "summaqa_avg_fscore": 0.041861507287039204
    }
}