{
    "summa_qa": {
        "summaqa_avg_prob": 0.043238936496062245,
        "summaqa_avg_fscore": 0.017841167038501457
    }
}