{
    "summa_qa": {
        "summaqa_avg_prob": 0.04151629541983222,
        "summaqa_avg_fscore": 0.001956237991390283
    }
}