{
    "summa_qa": {
        "summaqa_avg_prob": 0.06684870264773767,
        "summaqa_avg_fscore": 0.0006453382379039414
    }
}