{
    "summa_qa": {
        "summaqa_avg_prob": 0.08462302751586928,
        "summaqa_avg_fscore": 0.04483457619146097
    }
}