{
    "summa_qa": {
        "summaqa_avg_prob": 0.03123847602006356,
        "summaqa_avg_fscore": 0.00229835523953171
    }
}