{
    "summa_qa": {
        "summaqa_avg_prob": 0.05969812187371937,
        "summaqa_avg_fscore": 0.00645237518875863
    }
}