{
    "summa_qa": {
        "summaqa_avg_prob": 0.04208342380732037,
        "summaqa_avg_fscore": 0.03355842972579208
    }
}