{
    "summa_qa": {
        "summaqa_avg_prob": 0.05960714064068098,
        "summaqa_avg_fscore": 0.002573151154611829
    }
}