{
    "summa_qa": {
        "summaqa_avg_prob": 0.03944958304189767,
        "summaqa_avg_fscore": 0.008857250345134278
    }
}