{
    "summa_qa": {
        "summaqa_avg_prob": 0.08937534202973788,
        "summaqa_avg_fscore": 0.006588319088319088
    }
}