{
    "summa_qa": {
        "summaqa_avg_prob": 0.054799705472651936,
        "summaqa_avg_fscore": 0.007178946363707602
    }
}