{
    "summa_qa": {
        "summaqa_avg_prob": 0.07207879707776657,
        "summaqa_avg_fscore": 0.010357023201059898
    }
}