{
    "summa_qa": {
        "summaqa_avg_prob": 0.08019711502984964,
        "summaqa_avg_fscore": 0.015384980438456377
    }
}