{
    "summa_qa": {
        "summaqa_avg_prob": 0.0946454677991569,
        "summaqa_avg_fscore": 0.010666666666666666
    }
}