{
    "summa_qa": {
        "summaqa_avg_prob": 0.05695308894143406,
        "summaqa_avg_fscore": 0.001721170395869191
    }
}