{
    "summa_qa": {
        "summaqa_avg_prob": 0.03805630936523037,
        "summaqa_avg_fscore": 0.001131928181108509
    }
}