{
    "summa_qa": {
        "summaqa_avg_prob": 0.05661558244762321,
        "summaqa_avg_fscore": 0.0013736263736263737
    }
}