{
    "summa_qa": {
        "summaqa_avg_prob": 0.03502221010078255,
        "summaqa_avg_fscore": 0.007813873848859272
    }
}