{
    "summa_qa": {
        "summaqa_avg_prob": 0.060250589696904736,
        "summaqa_avg_fscore": 0.0033309046224128613
    }
}