{
    "summa_qa": {
        "summaqa_avg_prob": 0.055610372826870445,
        "summaqa_avg_fscore": 0.009919988804549562
    }
}