{
    "summa_qa": {
        "summaqa_avg_prob": 0.06442296159736839,
        "summaqa_avg_fscore": 0.008060898537089014
    }
}