{
    "summa_qa": {
        "summaqa_avg_prob": 0.07049875169869904,
        "summaqa_avg_fscore": 0.000887835561716526
    }
}