{
    "summa_qa": {
        "summaqa_avg_prob": 0.09310984256042464,
        "summaqa_avg_fscore": 0.000316105579263474
    }
}