{
    "summa_qa": {
        "summaqa_avg_prob": 0.08076223622386654,
        "summaqa_avg_fscore": 0.0032679738562091504
    }
}