{
    "summa_qa": {
        "summaqa_avg_prob": 0.019403361657665995,
        "summaqa_avg_fscore": 0.010323998873789151
    }
}