{
    "summa_qa": {
        "summaqa_avg_prob": 0.0744199282893044,
        "summaqa_avg_fscore": 0.02014012513811949
    }
}