{
    "summa_qa": {
        "summaqa_avg_prob": 0.04648585516695151,
        "summaqa_avg_fscore": 0.010457371160613215
    }
}