{
    "summa_qa": {
        "summaqa_avg_prob": 0.03205876496440706,
        "summaqa_avg_fscore": 0.0010015117157974303
    }
}