{
    "summa_qa": {
        "summaqa_avg_prob": 0.025629118938855965,
        "summaqa_avg_fscore": 0.001148348762154976
    }
}