{
    "summa_qa": {
        "summaqa_avg_prob": 0.050091220403133546,
        "summaqa_avg_fscore": 0.0012191405059433099
    }
}