{
    "summa_qa": {
        "summaqa_avg_prob": 0.05882229295093566,
        "summaqa_avg_fscore": 0.003948445421782421
    }
}