{
    "summa_qa": {
        "summaqa_avg_prob": 0.05986244045044163,
        "summaqa_avg_fscore": 0.0021179763388762146
    }
}