{
    "summa_qa": {
        "summaqa_avg_prob": 0.06786399566452787,
        "summaqa_avg_fscore": 0.004499711439834023
    }
}