{
    "summa_qa": {
        "summaqa_avg_prob": 0.08140922226657224,
        "summaqa_avg_fscore": 0.0022502250225022503
    }
}