{
    "summa_qa": {
        "summaqa_avg_prob": 0.07064572640145565,
        "summaqa_avg_fscore": 0.04848504848603638
    }
}