{
    "summa_qa": {
        "summaqa_avg_prob": 0.06878349478663506,
        "summaqa_avg_fscore": 0.030991575021425764
    }
}