{
    "summa_qa": {
        "summaqa_avg_prob": 0.08379275875162646,
        "summaqa_avg_fscore": 0.021844613417545202
    }
}