{
    "summa_qa": {
        "summaqa_avg_prob": 0.046693627434650255,
        "summaqa_avg_fscore": 0.00012734797835084368
    }
}