{
    "summa_qa": {
        "summaqa_avg_prob": 0.06079921034372212,
        "summaqa_avg_fscore": 0.0035674470457079154
    }
}