{
    "summa_qa": {
        "summaqa_avg_prob": 0.07323950559283669,
        "summaqa_avg_fscore": 0.01094929040633222
    }
}