{
    "summa_qa": {
        "summaqa_avg_prob": 0.06802723383914278,
        "summaqa_avg_fscore": 0.0019946808510638296
    }
}