{
    "summa_qa": {
        "summaqa_avg_prob": 0.10135075527665427,
        "summaqa_avg_fscore": 0.03329021972627012
    }
}