{
    "summa_qa": {
        "summaqa_avg_prob": 0.036327136408771374,
        "summaqa_avg_fscore": 0.00021962954291889189
    }
}