{
    "summa_qa": {
        "summaqa_avg_prob": 0.03853279128821192,
        "summaqa_avg_fscore": 0.0010539850469776875
    }
}