{
    "summa_qa": {
        "summaqa_avg_prob": 0.09683038696773097,
        "summaqa_avg_fscore": 0.012973405919150104
    }
}