{
    "summa_qa": {
        "summaqa_avg_prob": 0.03327971078814938,
        "summaqa_avg_fscore": 0.0013168531279041243
    }
}