{
    "summa_qa": {
        "summaqa_avg_prob": 0.06736587304890942,
        "summaqa_avg_fscore": 0.000518932672670662
    }
}