{
    "summa_qa": {
        "summaqa_avg_prob": 0.041903990395991735,
        "summaqa_avg_fscore": 0.000615879687902968
    }
}