{
    "summa_qa": {
        "summaqa_avg_prob": 0.0505783669501631,
        "summaqa_avg_fscore": 0.021325047501518084
    }
}