{
    "summa_qa": {
        "summaqa_avg_prob": 0.09365968664594906,
        "summaqa_avg_fscore": 0.0006313636565737406
    }
}