{
    "summa_qa": {
        "summaqa_avg_prob": 0.06554474042377478,
        "summaqa_avg_fscore": 0.00447120910698497
    }
}