{
    "summa_qa": {
        "summaqa_avg_prob": 0.08682770008149888,
        "summaqa_avg_fscore": 0.024106397675075986
    }
}