{
    "summa_qa": {
        "summaqa_avg_prob": 0.06506327539219017,
        "summaqa_avg_fscore": 0.0015278286569266166
    }
}