{
    "summa_qa": {
        "summaqa_avg_prob": 0.08604093293913385,
        "summaqa_avg_fscore": 0.0007575757575757576
    }
}