{
    "summa_qa": {
        "summaqa_avg_prob": 0.062477503563961,
        "summaqa_avg_fscore": 0.08459895586141432
    }
}