{
    "summa_qa": {
        "summaqa_avg_prob": 0.07630869935541071,
        "summaqa_avg_fscore": 0.00048250904704463213
    }
}