{
    "summa_qa": {
        "summaqa_avg_prob": 0.05694994389535786,
        "summaqa_avg_fscore": 0.0007432632742960449
    }
}