{
    "summa_qa": {
        "summaqa_avg_prob": 0.023802000245322603,
        "summaqa_avg_fscore": 0.007802989898704377
    }
}