{
    "summa_qa": {
        "summaqa_avg_prob": 0.07238190415383348,
        "summaqa_avg_fscore": 0.0007009699619011293
    }
}