{
    "summa_qa": {
        "summaqa_avg_prob": 0.08521721825692377,
        "summaqa_avg_fscore": 0.00044732721986132855
    }
}