{
    "summa_qa": {
        "summaqa_avg_prob": 0.043728335940226744,
        "summaqa_avg_fscore": 0.015485918234945167
    }
}