{
    "summa_qa": {
        "summaqa_avg_prob": 0.055624053336085874,
        "summaqa_avg_fscore": 0.003874421969051125
    }
}