{
    "summa_qa": {
        "summaqa_avg_prob": 0.08676409684441118,
        "summaqa_avg_fscore": 0.04655091489412887
    }
}