{
    "summa_qa": {
        "summaqa_avg_prob": 0.06640720628925889,
        "summaqa_avg_fscore": 6.722689075630252e-05
    }
}