{
    "summa_qa": {
        "summaqa_avg_prob": 0.1081321692027481,
        "summaqa_avg_fscore": 0.04065040650406505
    }
}