{
    "summa_qa": {
        "summaqa_avg_prob": 0.07362503778850883,
        "summaqa_avg_fscore": 0.0014491667723330755
    }
}