{
    "summa_qa": {
        "summaqa_avg_prob": 0.030538788073077226,
        "summaqa_avg_fscore": 0.007905660148062993
    }
}