{
    "summa_qa": {
        "summaqa_avg_prob": 0.06361255490812692,
        "summaqa_avg_fscore": 0.004168299159810195
    }
}