{
    "summa_qa": {
        "summaqa_avg_prob": 0.09352351408177312,
        "summaqa_avg_fscore": 0.024908220634839936
    }
}