{
    "summa_qa": {
        "summaqa_avg_prob": 0.07347558133724058,
        "summaqa_avg_fscore": 0.004936676551528905
    }
}