{
    "summa_qa": {
        "summaqa_avg_prob": 0.07857485890385013,
        "summaqa_avg_fscore": 0.0002200508352731754
    }
}