{
    "summa_qa": {
        "summaqa_avg_prob": 0.057642208587579104,
        "summaqa_avg_fscore": 0.007836182099789799
    }
}