{
    "summa_qa": {
        "summaqa_avg_prob": 0.04365869593817254,
        "summaqa_avg_fscore": 0.0003606962509017406
    }
}