{
    "summa_qa": {
        "summaqa_avg_prob": 0.06744543851894266,
        "summaqa_avg_fscore": 0.007772774181442913
    }
}