{
    "summa_qa": {
        "summaqa_avg_prob": 0.09860046816729875,
        "summaqa_avg_fscore": 0.03373776165753977
    }
}