{
    "summa_qa": {
        "summaqa_avg_prob": 0.09897702622560331,
        "summaqa_avg_fscore": 0.0017271157167530224
    }
}