{
    "summa_qa": {
        "summaqa_avg_prob": 0.04346034423628895,
        "summaqa_avg_fscore": 0.005771006463527239
    }
}