{
    "summa_qa": {
        "summaqa_avg_prob": 0.09996050102582385,
        "summaqa_avg_fscore": 0.008670520231213872
    }
}