{
    "summa_qa": {
        "summaqa_avg_prob": 0.08192345757949605,
        "summaqa_avg_fscore": 0.008015640273704789
    }
}