{
    "summa_qa": {
        "summaqa_avg_prob": 0.07029136689192045,
        "summaqa_avg_fscore": 0.02841781874039939
    }
}