{
    "summa_qa": {
        "summaqa_avg_prob": 0.08144834771541493,
        "summaqa_avg_fscore": 0.011949685534591194
    }
}