{
    "summa_qa": {
        "summaqa_avg_prob": 0.0984524051364002,
        "summaqa_avg_fscore": 0.004453579993148339
    }
}