{
    "summa_qa": {
        "summaqa_avg_prob": 0.09535035359262077,
        "summaqa_avg_fscore": 0.005577005577005577
    }
}