{
    "summa_qa": {
        "summaqa_avg_prob": 0.06670491276119142,
        "summaqa_avg_fscore": 0.004405286343612335
    }
}