{
    "summa_qa": {
        "summaqa_avg_prob": 0.08753964261321182,
        "summaqa_avg_fscore": 0.0002277963971512359
    }
}