{
    "summa_qa": {
        "summaqa_avg_prob": 0.08834603620983933,
        "summaqa_avg_fscore": 0.010805731735964294
    }
}