{
    "summa_qa": {
        "summaqa_avg_prob": 0.09579302218234337,
        "summaqa_avg_fscore": 0.00199203187250996
    }
}