{
    "summa_qa": {
        "summaqa_avg_prob": 0.09526035451169189,
        "summaqa_avg_fscore": 0.007739938080495355
    }
}