{
    "summa_qa": {
        "summaqa_avg_prob": 0.08738096458297302,
        "summaqa_avg_fscore": 0.0036156294200848653
    }
}