{
    "summa_qa": {
        "summaqa_avg_prob": 0.09586919908315242,
        "summaqa_avg_fscore": 0.0033444816053511705
    }
}