{
    "summa_qa": {
        "summaqa_avg_prob": 0.10024093062269922,
        "summaqa_avg_fscore": 2.0361207826848288e-05
    }
}