{
    "summa_qa": {
        "summaqa_avg_prob": 0.031254408995245786,
        "summaqa_avg_fscore": 0.00038428169332376346
    }
}