{
    "summa_qa": {
        "summaqa_avg_prob": 0.05656043433310533,
        "summaqa_avg_fscore": 0.0009924432535125404
    }
}