{
    "summa_qa": {
        "summaqa_avg_prob": 0.057428031908033035,
        "summaqa_avg_fscore": 0.0021277679756325453
    }
}