{
    "summa_qa": {
        "summaqa_avg_prob": 0.07418280393896018,
        "summaqa_avg_fscore": 0.000409626216077829
    }
}