{
    "summa_qa": {
        "summaqa_avg_prob": 0.12509491188790312,
        "summaqa_avg_fscore": 0.012987012987012988
    }
}