{
    "summa_qa": {
        "summaqa_avg_prob": 0.03156614716838062,
        "summaqa_avg_fscore": 0.01322876257941193
    }
}