{
    "summa_qa": {
        "summaqa_avg_prob": 0.04454539538763654,
        "summaqa_avg_fscore": 0.0015866747716049108
    }
}