{
    "summa_qa": {
        "summaqa_avg_prob": 0.06321059213446409,
        "summaqa_avg_fscore": 0.0011235955056179776
    }
}