{
    "summa_qa": {
        "summaqa_avg_prob": 0.07139852563394052,
        "summaqa_avg_fscore": 3.410059676044331e-05
    }
}