{
    "summa_qa": {
        "summaqa_avg_prob": 0.061660397589247413,
        "summaqa_avg_fscore": 0.006627638922591604
    }
}