{
    "summa_qa": {
        "summaqa_avg_prob": 0.06216458989570128,
        "summaqa_avg_fscore": 0.0009765625
    }
}