{
    "summa_qa": {
        "summaqa_avg_prob": 0.09779519386285422,
        "summaqa_avg_fscore": 0.0005668934240362812
    }
}