{
    "summa_qa": {
        "summaqa_avg_prob": 0.07251066282366864,
        "summaqa_avg_fscore": 0.008698060941828255
    }
}