{
    "summa_qa": {
        "summaqa_avg_prob": 0.088338162710462,
        "summaqa_avg_fscore": 0.0029081065921131373
    }
}