{
    "summa_qa": {
        "summaqa_avg_prob": 0.10073391433635896,
        "summaqa_avg_fscore": 0.004545454545454545
    }
}