{
    "summa_qa": {
        "summaqa_avg_prob": 0.06984147466508715,
        "summaqa_avg_fscore": 0.00012391573729863693
    }
}