{
    "summa_qa": {
        "summaqa_avg_prob": 0.10400287111697604,
        "summaqa_avg_fscore": 0.0006141524970944803
    }
}