{
    "summa_qa": {
        "summaqa_avg_prob": 0.10000579415732978,
        "summaqa_avg_fscore": 0.00012693577050012692
    }
}