{
    "summa_qa": {
        "summaqa_avg_prob": 0.1023218339003289,
        "summaqa_avg_fscore": 0.03413142928068301
    }
}