{
    "summa_qa": {
        "summaqa_avg_prob": 0.08435891216105208,
        "summaqa_avg_fscore": 0.00014250089063056644
    }
}