{
    "summa_qa": {
        "summaqa_avg_prob": 0.07545367639415831,
        "summaqa_avg_fscore": 0.0023391812865497076
    }
}