{
    "summa_qa": {
        "summaqa_avg_prob": 0.10410051601105615,
        "summaqa_avg_fscore": 0.0011992559360980413
    }
}