{
    "summa_qa": {
        "summaqa_avg_prob": 0.09124026352364172,
        "summaqa_avg_fscore": 0.0009891196834817015
    }
}