{
    "summa_qa": {
        "summaqa_avg_prob": 0.0930431879440386,
        "summaqa_avg_fscore": 0.0031565656565656565
    }
}