{
    "summa_qa": {
        "summaqa_avg_prob": 0.09939905310874378,
        "summaqa_avg_fscore": 0.009119371415767298
    }
}