{
    "summa_qa": {
        "summaqa_avg_prob": 0.0959007509798855,
        "summaqa_avg_fscore": 0.0022541084308327873
    }
}