{
    "summa_qa": {
        "summaqa_avg_prob": 0.10666654554537952,
        "summaqa_avg_fscore": 0.009594545717140968
    }
}