{
    "summa_qa": {
        "summaqa_avg_prob": 0.09145966881480651,
        "summaqa_avg_fscore": 0.012309685779073532
    }
}