{
    "summa_qa": {
        "summaqa_avg_prob": 0.0755659439966087,
        "summaqa_avg_fscore": 0.001177336276674025
    }
}