{
    "summa_qa": {
        "summaqa_avg_prob": 0.10547467510642683,
        "summaqa_avg_fscore": 0.004864717697401203
    }
}