{
    "summa_qa": {
        "summaqa_avg_prob": 0.09049577269990877,
        "summaqa_avg_fscore": 0.028909176029962545
    }
}