{
    "summa_qa": {
        "summaqa_avg_prob": 0.06929325812229223,
        "summaqa_avg_fscore": 0.003962703962703962
    }
}