{
    "summa_qa": {
        "summaqa_avg_prob": 0.09249503833273275,
        "summaqa_avg_fscore": 0.012422360248447204
    }
}