{
    "summa_qa": {
        "summaqa_avg_prob": 0.10152020282709064,
        "summaqa_avg_fscore": 3.861600247142415e-05
    }
}