{
    "summa_qa": {
        "summaqa_avg_prob": 0.06968297537793566,
        "summaqa_avg_fscore": 0.0011174968071519797
    }
}