{
    "summa_qa": {
        "summaqa_avg_prob": 0.08680409834403352,
        "summaqa_avg_fscore": 0.005154639175257732
    }
}