{
    "summa_qa": {
        "summaqa_avg_prob": 0.09056031184422003,
        "summaqa_avg_fscore": 0.009009009009009009
    }
}