{
    "summa_qa": {
        "summaqa_avg_prob": 0.09052363053707796,
        "summaqa_avg_fscore": 0.00026797079118376095
    }
}