{
    "summa_qa": {
        "summaqa_avg_prob": 0.06653419649018906,
        "summaqa_avg_fscore": 0.008363636363636363
    }
}