{
    "summa_qa": {
        "summaqa_avg_prob": 0.10073856960093094,
        "summaqa_avg_fscore": 5.611672278338946e-05
    }
}