{
    "summa_qa": {
        "summaqa_avg_prob": 0.07703057688214693,
        "summaqa_avg_fscore": 0.005522023885963786
    }
}