{
    "summa_qa": {
        "summaqa_avg_prob": 0.08230970626076063,
        "summaqa_avg_fscore": 0.010323232323232324
    }
}