{
    "summa_qa": {
        "summaqa_avg_prob": 0.08868190866380593,
        "summaqa_avg_fscore": 0.0020849786763544463
    }
}