{
    "summa_qa": {
        "summaqa_avg_prob": 0.07505805076889295,
        "summaqa_avg_fscore": 0.04354553492484527
    }
}