{
    "summa_qa": {
        "summaqa_avg_prob": 0.09911742488885289,
        "summaqa_avg_fscore": 0.0018258052002027205
    }
}