{
    "summa_qa": {
        "summaqa_avg_prob": 0.10343721088090348,
        "summaqa_avg_fscore": 0.005520969855832242
    }
}