{
    "summa_qa": {
        "summaqa_avg_prob": 0.11309843749747933,
        "summaqa_avg_fscore": 0.0036715620827770367
    }
}