{
    "summa_qa": {
        "summaqa_avg_prob": 0.055535423356761586,
        "summaqa_avg_fscore": 0.007790234861604837
    }
}