{
    "summa_qa": {
        "summaqa_avg_prob": 0.11412889014992143,
        "summaqa_avg_fscore": 0.009505737778982561
    }
}