{
    "summa_qa": {
        "summaqa_avg_prob": 0.08968609640368255,
        "summaqa_avg_fscore": 0.000972951936174353
    }
}