{
    "summa_qa": {
        "summaqa_avg_prob": 0.09468124011716647,
        "summaqa_avg_fscore": 0.005847953216374269
    }
}