{
    "summa_qa": {
        "summaqa_avg_prob": 0.09481413992956872,
        "summaqa_avg_fscore": 0.0022634530547774056
    }
}