{
    "summa_qa": {
        "summaqa_avg_prob": 0.05472313096612135,
        "summaqa_avg_fscore": 0.003389830508474576
    }
}