{
    "summa_qa": {
        "summaqa_avg_prob": 0.0982642753791036,
        "summaqa_avg_fscore": 0.003778337531486146
    }
}