{
    "summa_qa": {
        "summaqa_avg_prob": 0.10141766761360008,
        "summaqa_avg_fscore": 0.021827336819479137
    }
}