{
    "summa_qa": {
        "summaqa_avg_prob": 0.0611536904190351,
        "summaqa_avg_fscore": 0.0001530612244897959
    }
}