{
    "summa_qa": {
        "summaqa_avg_prob": 0.07813624737783527,
        "summaqa_avg_fscore": 0.006917651132231725
    }
}