{
    "summa_qa": {
        "summaqa_avg_prob": 0.04352905013582864,
        "summaqa_avg_fscore": 0.018060084021322604
    }
}