{
    "summa_qa": {
        "summaqa_avg_prob": 0.08111726932912924,
        "summaqa_avg_fscore": 0.005550834807710964
    }
}