{
    "summa_qa": {
        "summaqa_avg_prob": 0.07954227789056911,
        "summaqa_avg_fscore": 0.0032208396178984417
    }
}