{
    "summa_qa": {
        "summaqa_avg_prob": 0.1226489415071351,
        "summaqa_avg_fscore": 0.05744480744480744
    }
}