{
    "summa_qa": {
        "summaqa_avg_prob": 0.08517079705527673,
        "summaqa_avg_fscore": 0.01804919222809131
    }
}