{
    "summa_qa": {
        "summaqa_avg_prob": 0.08151314184709474,
        "summaqa_avg_fscore": 0.0015808564777218344
    }
}