{
    "summa_qa": {
        "summaqa_avg_prob": 0.09142121994080617,
        "summaqa_avg_fscore": 0.0006872852233676975
    }
}