{
    "summa_qa": {
        "summaqa_avg_prob": 0.06237875746510472,
        "summaqa_avg_fscore": 0.00089126559714795
    }
}