{
    "summa_qa": {
        "summaqa_avg_prob": 0.09818133210464225,
        "summaqa_avg_fscore": 4.3971506463811444e-05
    }
}