{
    "summa_qa": {
        "summaqa_avg_prob": 0.10615336875382222,
        "summaqa_avg_fscore": 0.0043859649122807015
    }
}