{
    "summa_qa": {
        "summaqa_avg_prob": 0.10359917652381444,
        "summaqa_avg_fscore": 0.003003747795414462
    }
}