{
    "summa_qa": {
        "summaqa_avg_prob": 0.0584418285534105,
        "summaqa_avg_fscore": 0.0008025682182985555
    }
}