{
    "summa_qa": {
        "summaqa_avg_prob": 0.10203214086484969,
        "summaqa_avg_fscore": 0.0006613756613756616
    }
}