{
    "summa_qa": {
        "summaqa_avg_prob": 0.04206261382602043,
        "summaqa_avg_fscore": 0.003036507554624056
    }
}