{
    "summa_qa": {
        "summaqa_avg_prob": 0.08050368163546845,
        "summaqa_avg_fscore": 0.015824071564109515
    }
}