{
    "summa_qa": {
        "summaqa_avg_prob": 0.10411531087279749,
        "summaqa_avg_fscore": 0.022435897435897433
    }
}