{
    "summa_qa": {
        "summaqa_avg_prob": 0.08304222892902897,
        "summaqa_avg_fscore": 0.005500235194350035
    }
}