{
    "summa_qa": {
        "summaqa_avg_prob": 0.07643201277884752,
        "summaqa_avg_fscore": 0.016058210297031084
    }
}