{
    "summa_qa": {
        "summaqa_avg_prob": 0.09487746015858615,
        "summaqa_avg_fscore": 0.00593871248713279
    }
}