{
    "summa_qa": {
        "summaqa_avg_prob": 0.11833763106221858,
        "summaqa_avg_fscore": 0.002278152922720142
    }
}