{
    "summa_qa": {
        "summaqa_avg_prob": 0.07742514319463888,
        "summaqa_avg_fscore": 3.9837463150346584e-05
    }
}