{
    "summa_qa": {
        "summaqa_avg_prob": 0.10789888759678606,
        "summaqa_avg_fscore": 0.003679962013295347
    }
}