{
    "summa_qa": {
        "summaqa_avg_prob": 0.0915210650998073,
        "summaqa_avg_fscore": 0.0016542597187758478
    }
}