{
    "summa_qa": {
        "summaqa_avg_prob": 0.0494894929034168,
        "summaqa_avg_fscore": 0.0018587360594795538
    }
}