{
    "summa_qa": {
        "summaqa_avg_prob": 0.09310752229268832,
        "summaqa_avg_fscore": 0.007326727850745319
    }
}