{
    "summa_qa": {
        "summaqa_avg_prob": 0.10592700664039886,
        "summaqa_avg_fscore": 0.02245018574805809
    }
}