{
    "summa_qa": {
        "summaqa_avg_prob": 0.09529445444791443,
        "summaqa_avg_fscore": 0.0021897810218978104
    }
}