{
    "summa_qa": {
        "summaqa_avg_prob": 0.08666222743316447,
        "summaqa_avg_fscore": 0.0026990682931514747
    }
}