{
    "summa_qa": {
        "summaqa_avg_prob": 0.07066570848733786,
        "summaqa_avg_fscore": 0.0002927400468384075
    }
}