{
    "summa_qa": {
        "summaqa_avg_prob": 0.09155801219224441,
        "summaqa_avg_fscore": 1.6813787305590584e-05
    }
}