{
    "summa_qa": {
        "summaqa_avg_prob": 0.06906963620264636,
        "summaqa_avg_fscore": 0.004416938621507463
    }
}