{
    "summa_qa": {
        "summaqa_avg_prob": 0.10020844146713812,
        "summaqa_avg_fscore": 0.00421589635439164
    }
}