{
    "summa_qa": {
        "summaqa_avg_prob": 0.100112007679804,
        "summaqa_avg_fscore": 0.001152073732718894
    }
}