{
    "summa_qa": {
        "summaqa_avg_prob": 0.10205789448287887,
        "summaqa_avg_fscore": 0.02507598784194529
    }
}