{
    "summa_qa": {
        "summaqa_avg_prob": 0.10242262500539812,
        "summaqa_avg_fscore": 0.0005330490405117271
    }
}