{
    "summa_qa": {
        "summaqa_avg_prob": 0.09612118700169958,
        "summaqa_avg_fscore": 0.0008928571428571429
    }
}