{
    "summa_qa": {
        "summaqa_avg_prob": 0.09227207580721214,
        "summaqa_avg_fscore": 0.001928974622655293
    }
}