{
    "summa_qa": {
        "summaqa_avg_prob": 0.09224914401672737,
        "summaqa_avg_fscore": 0.005000458757684192
    }
}