{
    "summa_qa": {
        "summaqa_avg_prob": 0.08395928115798877,
        "summaqa_avg_fscore": 0.00135387965553765
    }
}