{
    "summa_qa": {
        "summaqa_avg_prob": 0.10131509060466917,
        "summaqa_avg_fscore": 0.0015394659256321335
    }
}