{
    "summa_qa": {
        "summaqa_avg_prob": 0.08578281399483483,
        "summaqa_avg_fscore": 0.0014322660147749184
    }
}