{
    "summa_qa": {
        "summaqa_avg_prob": 0.045384902284066365,
        "summaqa_avg_fscore": 0.0028368794326241132
    }
}