{
    "summa_qa": {
        "summaqa_avg_prob": 0.09348907470353332,
        "summaqa_avg_fscore": 0.0006475635421725756
    }
}