{
    "summa_qa": {
        "summaqa_avg_prob": 0.10026919704577524,
        "summaqa_avg_fscore": 0.001996007984031936
    }
}