{
    "summa_qa": {
        "summaqa_avg_prob": 0.11387506323651625,
        "summaqa_avg_fscore": 0.002630787197531835
    }
}