{
    "summa_qa": {
        "summaqa_avg_prob": 0.0840667542825121,
        "summaqa_avg_fscore": 0.0012796661831788274
    }
}