{
    "summa_qa": {
        "summaqa_avg_prob": 0.09923583930754011,
        "summaqa_avg_fscore": 0.004985378964004177
    }
}