{
    "summa_qa": {
        "summaqa_avg_prob": 0.1007826955167837,
        "summaqa_avg_fscore": 0.0036313903037162795
    }
}