{
    "summa_qa": {
        "summaqa_avg_prob": 0.10275719143904238,
        "summaqa_avg_fscore": 0.01003584229390681
    }
}