{
    "summa_qa": {
        "summaqa_avg_prob": 0.0581653968832346,
        "summaqa_avg_fscore": 0.0420998435623038
    }
}