{
    "summa_qa": {
        "summaqa_avg_prob": 0.08824854924107989,
        "summaqa_avg_fscore": 0.0015603364184075539
    }
}