{
    "summa_qa": {
        "summaqa_avg_prob": 0.10638069396003845,
        "summaqa_avg_fscore": 0.004552867323459107
    }
}