{
    "summa_qa": {
        "summaqa_avg_prob": 0.08188880598728245,
        "summaqa_avg_fscore": 0.000274649821477616
    }
}