{
    "summa_qa": {
        "summaqa_avg_prob": 0.09999529364972319,
        "summaqa_avg_fscore": 0.0024875621890547263
    }
}