{
    "summa_qa": {
        "summaqa_avg_prob": 0.03911841956655069,
        "summaqa_avg_fscore": 0.005887049214063258
    }
}