{
    "summa_qa": {
        "summaqa_avg_prob": 0.07928117642737403,
        "summaqa_avg_fscore": 0.004296455424274974
    }
}