{
    "summa_qa": {
        "summaqa_avg_prob": 0.0960110234356342,
        "summaqa_avg_fscore": 0.005494505494505495
    }
}