{
    "summa_qa": {
        "summaqa_avg_prob": 0.08224933045327103,
        "summaqa_avg_fscore": 0.012451696967267901
    }
}