{
    "summa_qa": {
        "summaqa_avg_prob": 0.09141164130024555,
        "summaqa_avg_fscore": 0.003955011741441107
    }
}