{
    "summa_qa": {
        "summaqa_avg_prob": 0.09675900107966019,
        "summaqa_avg_fscore": 0.01220740044269456
    }
}