{
    "summa_qa": {
        "summaqa_avg_prob": 0.059667219073640504,
        "summaqa_avg_fscore": 0.007967314232629169
    }
}