{
    "summa_qa": {
        "summaqa_avg_prob": 0.0896198639214584,
        "summaqa_avg_fscore": 0.004878048780487805
    }
}