{
    "summa_qa": {
        "summaqa_avg_prob": 0.08385345521396216,
        "summaqa_avg_fscore": 0.008941026239581549
    }
}