{
    "summa_qa": {
        "summaqa_avg_prob": 0.08499927559877625,
        "summaqa_avg_fscore": 0.023369565217391305
    }
}