{
    "summa_qa": {
        "summaqa_avg_prob": 0.07153539048743025,
        "summaqa_avg_fscore": 0.004098360655737705
    }
}