{
    "summa_qa": {
        "summaqa_avg_prob": 0.09937279737633035,
        "summaqa_avg_fscore": 0.006024096385542169
    }
}