{
    "summa_qa": {
        "summaqa_avg_prob": 0.08253184915809123,
        "summaqa_avg_fscore": 0.0025700106345267638
    }
}