{
    "summa_qa": {
        "summaqa_avg_prob": 0.09485003299641546,
        "summaqa_avg_fscore": 0.005221932114882507
    }
}