{
    "summa_qa": {
        "summaqa_avg_prob": 0.11025385389761101,
        "summaqa_avg_fscore": 0.0157588215142172
    }
}