{
    "summa_qa": {
        "summaqa_avg_prob": 0.09490893834187247,
        "summaqa_avg_fscore": 8.983515249517135e-05
    }
}