{
    "summa_qa": {
        "summaqa_avg_prob": 0.10166644592732725,
        "summaqa_avg_fscore": 0.011999376655758143
    }
}