{
    "summa_qa": {
        "summaqa_avg_prob": 0.09071378359786379,
        "summaqa_avg_fscore": 0.009073143495254048
    }
}