{
    "summa_qa": {
        "summaqa_avg_prob": 0.08656937233200751,
        "summaqa_avg_fscore": 0.00012000587925056849
    }
}