{
    "DataStats": {
        "coverage": 0.9366197183098591,
        "density": 4.063380281690141,
        "compression": 32.69718309859155,
        "summary_length": 142.0,
        "percentage_novel_1-gram": 0.10126582278481013,
        "percentage_repeated_1-gram_in_summ": 0.27848101265822783,
        "percentage_novel_2-gram": 0.3652173913043478,
        "percentage_repeated_2-gram_in_summ": 0.1391304347826087,
        "percentage_novel_3-gram": 0.5785123966942148,
        "percentage_repeated_3-gram_in_summ": 0.10743801652892562
    }
}