{
    "DataStats": {
        "coverage": 0.8580645161290322,
        "density": 2.1354838709677417,
        "compression": 20.025806451612905,
        "summary_length": 155.0,
        "percentage_novel_1-gram": 0.2079207920792079,
        "percentage_repeated_1-gram_in_summ": 0.19801980198019803,
        "percentage_novel_2-gram": 0.5945945945945946,
        "percentage_repeated_2-gram_in_summ": 0.02702702702702703,
        "percentage_novel_3-gram": 0.8496732026143791,
        "percentage_repeated_3-gram_in_summ": 0.0
    }
}