{
    "DataStats": {
        "coverage": 0.9259259259259259,
        "density": 3.3407407407407406,
        "compression": 22.333333333333332,
        "summary_length": 270.0,
        "percentage_novel_1-gram": 0.15151515151515152,
        "percentage_repeated_1-gram_in_summ": 0.32575757575757575,
        "percentage_novel_2-gram": 0.42920353982300885,
        "percentage_repeated_2-gram_in_summ": 0.10176991150442478,
        "percentage_novel_3-gram": 0.6774193548387096,
        "percentage_repeated_3-gram_in_summ": 0.04032258064516129
    }
}