{
    "DataStats": {
        "coverage": 0.9186991869918699,
        "density": 2.5284552845528454,
        "compression": 29.715447154471544,
        "summary_length": 123.0,
        "percentage_novel_1-gram": 0.14473684210526316,
        "percentage_repeated_1-gram_in_summ": 0.2631578947368421,
        "percentage_novel_2-gram": 0.46017699115044247,
        "percentage_repeated_2-gram_in_summ": 0.07079646017699115,
        "percentage_novel_3-gram": 0.7931034482758621,
        "percentage_repeated_3-gram_in_summ": 0.04310344827586207
    }
}