{
    "DataStats": {
        "coverage": 0.8888888888888888,
        "density": 3.1666666666666665,
        "compression": 47.675925925925924,
        "summary_length": 108.0,
        "percentage_novel_1-gram": 0.17391304347826086,
        "percentage_repeated_1-gram_in_summ": 0.2463768115942029,
        "percentage_novel_2-gram": 0.4752475247524752,
        "percentage_repeated_2-gram_in_summ": 0.04950495049504951,
        "percentage_novel_3-gram": 0.6792452830188679,
        "percentage_repeated_3-gram_in_summ": 0.0
    }
}