{
    "DataStats": {
        "coverage": 0.9262295081967213,
        "density": 3.2049180327868854,
        "compression": 21.66393442622951,
        "summary_length": 122.0,
        "percentage_novel_1-gram": 0.11904761904761904,
        "percentage_repeated_1-gram_in_summ": 0.16666666666666666,
        "percentage_novel_2-gram": 0.45217391304347826,
        "percentage_repeated_2-gram_in_summ": 0.05217391304347826,
        "percentage_novel_3-gram": 0.7008547008547008,
        "percentage_repeated_3-gram_in_summ": 0.02564102564102564
    }
}