{
    "DataStats": {
        "coverage": 0.9259259259259259,
        "density": 3.0185185185185186,
        "compression": 30.814814814814813,
        "summary_length": 108.0,
        "percentage_novel_1-gram": 0.12698412698412698,
        "percentage_repeated_1-gram_in_summ": 0.36507936507936506,
        "percentage_novel_2-gram": 0.4148936170212766,
        "percentage_repeated_2-gram_in_summ": 0.10638297872340426,
        "percentage_novel_3-gram": 0.77,
        "percentage_repeated_3-gram_in_summ": 0.05
    }
}