{
    "DataStats": {
        "coverage": 0.9172413793103448,
        "density": 2.8758620689655174,
        "compression": 38.12413793103448,
        "summary_length": 145.0,
        "percentage_novel_1-gram": 0.1348314606741573,
        "percentage_repeated_1-gram_in_summ": 0.2247191011235955,
        "percentage_novel_2-gram": 0.49230769230769234,
        "percentage_repeated_2-gram_in_summ": 0.05384615384615385,
        "percentage_novel_3-gram": 0.7391304347826086,
        "percentage_repeated_3-gram_in_summ": 0.028985507246376812
    }
}