{
    "DataStats": {
        "coverage": 0.934010152284264,
        "density": 3.949238578680203,
        "compression": 20.609137055837564,
        "summary_length": 197.0,
        "percentage_novel_1-gram": 0.125,
        "percentage_repeated_1-gram_in_summ": 0.3076923076923077,
        "percentage_novel_2-gram": 0.40229885057471265,
        "percentage_repeated_2-gram_in_summ": 0.07471264367816093,
        "percentage_novel_3-gram": 0.6368421052631579,
        "percentage_repeated_3-gram_in_summ": 0.021052631578947368
    }
}