{
    "DataStats": {
        "coverage": 0.9642857142857143,
        "density": 3.9404761904761907,
        "compression": 19.488095238095237,
        "summary_length": 168.0,
        "percentage_novel_1-gram": 0.053763440860215055,
        "percentage_repeated_1-gram_in_summ": 0.3548387096774194,
        "percentage_novel_2-gram": 0.2582781456953642,
        "percentage_repeated_2-gram_in_summ": 0.09271523178807947,
        "percentage_novel_3-gram": 0.49079754601226994,
        "percentage_repeated_3-gram_in_summ": 0.018404907975460124
    }
}