{
    "DataStats": {
        "coverage": 0.9139072847682119,
        "density": 2.3311258278145695,
        "compression": 42.37748344370861,
        "summary_length": 151.0,
        "percentage_novel_1-gram": 0.14634146341463414,
        "percentage_repeated_1-gram_in_summ": 0.3902439024390244,
        "percentage_novel_2-gram": 0.504,
        "percentage_repeated_2-gram_in_summ": 0.144,
        "percentage_novel_3-gram": 0.7928571428571428,
        "percentage_repeated_3-gram_in_summ": 0.06428571428571428
    }
}