{
    "DataStats": {
        "coverage": 0.8442622950819673,
        "density": 1.7295081967213115,
        "compression": 32.23770491803279,
        "summary_length": 122.0,
        "percentage_novel_1-gram": 0.24,
        "percentage_repeated_1-gram_in_summ": 0.24,
        "percentage_novel_2-gram": 0.6283185840707964,
        "percentage_repeated_2-gram_in_summ": 0.07079646017699115,
        "percentage_novel_3-gram": 0.907563025210084,
        "percentage_repeated_3-gram_in_summ": 0.008403361344537815
    }
}