{
    "DataStats": {
        "coverage": 0.9194630872483222,
        "density": 2.879194630872483,
        "compression": 37.95973154362416,
        "summary_length": 149.0,
        "percentage_novel_1-gram": 0.13043478260869565,
        "percentage_repeated_1-gram_in_summ": 0.2826086956521739,
        "percentage_novel_2-gram": 0.42105263157894735,
        "percentage_repeated_2-gram_in_summ": 0.09022556390977443,
        "percentage_novel_3-gram": 0.7183098591549296,
        "percentage_repeated_3-gram_in_summ": 0.035211267605633804
    }
}