{
    "DataStats": {
        "coverage": 0.9590163934426229,
        "density": 4.401639344262295,
        "compression": 30.74590163934426,
        "summary_length": 122.0,
        "percentage_novel_1-gram": 0.08,
        "percentage_repeated_1-gram_in_summ": 0.26666666666666666,
        "percentage_novel_2-gram": 0.3620689655172414,
        "percentage_repeated_2-gram_in_summ": 0.04310344827586207,
        "percentage_novel_3-gram": 0.5916666666666667,
        "percentage_repeated_3-gram_in_summ": 0.0
    }
}