{
    "DataStats": {
        "coverage": 0.916030534351145,
        "density": 2.763358778625954,
        "compression": 20.595419847328245,
        "summary_length": 131.0,
        "percentage_novel_1-gram": 0.16483516483516483,
        "percentage_repeated_1-gram_in_summ": 0.23076923076923078,
        "percentage_novel_2-gram": 0.5634920634920635,
        "percentage_repeated_2-gram_in_summ": 0.031746031746031744,
        "percentage_novel_3-gram": 0.753968253968254,
        "percentage_repeated_3-gram_in_summ": 0.023809523809523808
    }
}