{
    "DataStats": {
        "coverage": 0.9615384615384616,
        "density": 3.7884615384615383,
        "compression": 41.35576923076923,
        "summary_length": 104.0,
        "percentage_novel_1-gram": 0.07042253521126761,
        "percentage_repeated_1-gram_in_summ": 0.2676056338028169,
        "percentage_novel_2-gram": 0.30927835051546393,
        "percentage_repeated_2-gram_in_summ": 0.05154639175257732,
        "percentage_novel_3-gram": 0.56,
        "percentage_repeated_3-gram_in_summ": 0.02
    }
}