{
    "DataStats": {
        "coverage": 0.9397590361445783,
        "density": 3.6144578313253013,
        "compression": 23.789156626506024,
        "summary_length": 166.0,
        "percentage_novel_1-gram": 0.12371134020618557,
        "percentage_repeated_1-gram_in_summ": 0.26804123711340205,
        "percentage_novel_2-gram": 0.42483660130718953,
        "percentage_repeated_2-gram_in_summ": 0.0718954248366013,
        "percentage_novel_3-gram": 0.6851851851851852,
        "percentage_repeated_3-gram_in_summ": 0.012345679012345678
    }
}