{
    "DataStats": {
        "coverage": 0.9016393442622951,
        "density": 3.622950819672131,
        "compression": 28.885245901639344,
        "summary_length": 122.0,
        "percentage_novel_1-gram": 0.11842105263157894,
        "percentage_repeated_1-gram_in_summ": 0.25,
        "percentage_novel_2-gram": 0.3482142857142857,
        "percentage_repeated_2-gram_in_summ": 0.0625,
        "percentage_novel_3-gram": 0.5508474576271186,
        "percentage_repeated_3-gram_in_summ": 0.01694915254237288
    }
}