{
    "DataStats": {
        "coverage": 0.9015151515151515,
        "density": 2.856060606060606,
        "compression": 47.34090909090909,
        "summary_length": 132.0,
        "percentage_novel_1-gram": 0.175,
        "percentage_repeated_1-gram_in_summ": 0.2875,
        "percentage_novel_2-gram": 0.5416666666666666,
        "percentage_repeated_2-gram_in_summ": 0.06666666666666667,
        "percentage_novel_3-gram": 0.752,
        "percentage_repeated_3-gram_in_summ": 0.032
    }
}