{
    "DataStats": {
        "coverage": 0.9389312977099237,
        "density": 6.587786259541985,
        "compression": 21.923664122137403,
        "summary_length": 131.0,
        "percentage_novel_1-gram": 0.10465116279069768,
        "percentage_repeated_1-gram_in_summ": 0.1744186046511628,
        "percentage_novel_2-gram": 0.425,
        "percentage_repeated_2-gram_in_summ": 0.05,
        "percentage_novel_3-gram": 0.576,
        "percentage_repeated_3-gram_in_summ": 0.024
    }
}