{
    "DataStats": {
        "coverage": 0.9256756756756757,
        "density": 2.885135135135135,
        "compression": 19.0,
        "summary_length": 148.0,
        "percentage_novel_1-gram": 0.13953488372093023,
        "percentage_repeated_1-gram_in_summ": 0.29069767441860467,
        "percentage_novel_2-gram": 0.46564885496183206,
        "percentage_repeated_2-gram_in_summ": 0.06870229007633588,
        "percentage_novel_3-gram": 0.7153284671532847,
        "percentage_repeated_3-gram_in_summ": 0.043795620437956206
    }
}