{
    "DataStats": {
        "coverage": 0.859375,
        "density": 2.234375,
        "compression": 27.2890625,
        "summary_length": 128.0,
        "percentage_novel_1-gram": 0.22784810126582278,
        "percentage_repeated_1-gram_in_summ": 0.2911392405063291,
        "percentage_novel_2-gram": 0.5689655172413793,
        "percentage_repeated_2-gram_in_summ": 0.09482758620689655,
        "percentage_novel_3-gram": 0.8524590163934426,
        "percentage_repeated_3-gram_in_summ": 0.03278688524590164
    }
}