{
    "DataStats": {
        "coverage": 0.9485294117647058,
        "density": 3.4926470588235294,
        "compression": 39.64705882352941,
        "summary_length": 136.0,
        "percentage_novel_1-gram": 0.09090909090909091,
        "percentage_repeated_1-gram_in_summ": 0.3246753246753247,
        "percentage_novel_2-gram": 0.421875,
        "percentage_repeated_2-gram_in_summ": 0.046875,
        "percentage_novel_3-gram": 0.6287878787878788,
        "percentage_repeated_3-gram_in_summ": 0.015151515151515152
    }
}