{
    "DataStats": {
        "coverage": 0.9263803680981595,
        "density": 2.950920245398773,
        "compression": 20.386503067484664,
        "summary_length": 163.0,
        "percentage_novel_1-gram": 0.13131313131313133,
        "percentage_repeated_1-gram_in_summ": 0.2828282828282828,
        "percentage_novel_2-gram": 0.47019867549668876,
        "percentage_repeated_2-gram_in_summ": 0.039735099337748346,
        "percentage_novel_3-gram": 0.725,
        "percentage_repeated_3-gram_in_summ": 0.00625
    }
}