{
    "DataStats": {
        "coverage": 0.9254658385093167,
        "density": 3.8074534161490683,
        "compression": 41.30434782608695,
        "summary_length": 161.0,
        "percentage_novel_1-gram": 0.15,
        "percentage_repeated_1-gram_in_summ": 0.375,
        "percentage_novel_2-gram": 0.4166666666666667,
        "percentage_repeated_2-gram_in_summ": 0.13636363636363635,
        "percentage_novel_3-gram": 0.5827814569536424,
        "percentage_repeated_3-gram_in_summ": 0.052980132450331126
    }
}