{
    "DataStats": {
        "coverage": 0.8955223880597015,
        "density": 2.626865671641791,
        "compression": 47.82835820895522,
        "summary_length": 134.0,
        "percentage_novel_1-gram": 0.16279069767441862,
        "percentage_repeated_1-gram_in_summ": 0.22093023255813954,
        "percentage_novel_2-gram": 0.48333333333333334,
        "percentage_repeated_2-gram_in_summ": 0.075,
        "percentage_novel_3-gram": 0.7441860465116279,
        "percentage_repeated_3-gram_in_summ": 0.023255813953488372
    }
}