{
    "DataStats": {
        "coverage": 0.9154929577464789,
        "density": 3.028169014084507,
        "compression": 24.429577464788732,
        "summary_length": 142.0,
        "percentage_novel_1-gram": 0.1595744680851064,
        "percentage_repeated_1-gram_in_summ": 0.23404255319148937,
        "percentage_novel_2-gram": 0.5,
        "percentage_repeated_2-gram_in_summ": 0.06060606060606061,
        "percentage_novel_3-gram": 0.7050359712230215,
        "percentage_repeated_3-gram_in_summ": 0.007194244604316547
    }
}