{
    "DataStats": {
        "coverage": 0.8987341772151899,
        "density": 3.0632911392405062,
        "compression": 35.651898734177216,
        "summary_length": 158.0,
        "percentage_novel_1-gram": 0.17708333333333334,
        "percentage_repeated_1-gram_in_summ": 0.2708333333333333,
        "percentage_novel_2-gram": 0.45714285714285713,
        "percentage_repeated_2-gram_in_summ": 0.08571428571428572,
        "percentage_novel_3-gram": 0.6887417218543046,
        "percentage_repeated_3-gram_in_summ": 0.033112582781456956
    }
}