{
    "DataStats": {
        "coverage": 0.9366197183098591,
        "density": 3.1338028169014085,
        "compression": 47.563380281690144,
        "summary_length": 142.0,
        "percentage_novel_1-gram": 0.0967741935483871,
        "percentage_repeated_1-gram_in_summ": 0.23655913978494625,
        "percentage_novel_2-gram": 0.3656716417910448,
        "percentage_repeated_2-gram_in_summ": 0.03731343283582089,
        "percentage_novel_3-gram": 0.6258992805755396,
        "percentage_repeated_3-gram_in_summ": 0.007194244604316547
    }
}