{
    "DataStats": {
        "coverage": 0.8975903614457831,
        "density": 3.4879518072289155,
        "compression": 28.957831325301203,
        "summary_length": 166.0,
        "percentage_novel_1-gram": 0.17204301075268819,
        "percentage_repeated_1-gram_in_summ": 0.34408602150537637,
        "percentage_novel_2-gram": 0.46,
        "percentage_repeated_2-gram_in_summ": 0.08,
        "percentage_novel_3-gram": 0.6832298136645962,
        "percentage_repeated_3-gram_in_summ": 0.018633540372670808
    }
}