{
    "DataStats": {
        "coverage": 0.8461538461538461,
        "density": 2.4153846153846152,
        "compression": 24.307692307692307,
        "summary_length": 130.0,
        "percentage_novel_1-gram": 0.2261904761904762,
        "percentage_repeated_1-gram_in_summ": 0.2857142857142857,
        "percentage_novel_2-gram": 0.525,
        "percentage_repeated_2-gram_in_summ": 0.06666666666666667,
        "percentage_novel_3-gram": 0.7936507936507936,
        "percentage_repeated_3-gram_in_summ": 0.015873015873015872
    }
}