{
    "DataStats": {
        "coverage": 0.8849557522123894,
        "density": 2.5486725663716814,
        "compression": 52.15929203539823,
        "summary_length": 113.0,
        "percentage_novel_1-gram": 0.19444444444444445,
        "percentage_repeated_1-gram_in_summ": 0.3055555555555556,
        "percentage_novel_2-gram": 0.49038461538461536,
        "percentage_repeated_2-gram_in_summ": 0.07692307692307693,
        "percentage_novel_3-gram": 0.7592592592592593,
        "percentage_repeated_3-gram_in_summ": 0.027777777777777776
    }
}