{
    "DataStats": {
        "coverage": 0.9338235294117647,
        "density": 4.213235294117647,
        "compression": 51.81617647058823,
        "summary_length": 136.0,
        "percentage_novel_1-gram": 0.1125,
        "percentage_repeated_1-gram_in_summ": 0.2375,
        "percentage_novel_2-gram": 0.33613445378151263,
        "percentage_repeated_2-gram_in_summ": 0.09243697478991597,
        "percentage_novel_3-gram": 0.568,
        "percentage_repeated_3-gram_in_summ": 0.056
    }
}