{
    "DataStats": {
        "coverage": 0.9122807017543859,
        "density": 2.2690058479532165,
        "compression": 39.0,
        "summary_length": 171.0,
        "percentage_novel_1-gram": 0.1320754716981132,
        "percentage_repeated_1-gram_in_summ": 0.24528301886792453,
        "percentage_novel_2-gram": 0.5192307692307693,
        "percentage_repeated_2-gram_in_summ": 0.07692307692307693,
        "percentage_novel_3-gram": 0.7784431137724551,
        "percentage_repeated_3-gram_in_summ": 0.011976047904191617
    }
}