{
    "DataStats": {
        "coverage": 0.9261744966442953,
        "density": 3.4496644295302015,
        "compression": 26.053691275167786,
        "summary_length": 149.0,
        "percentage_novel_1-gram": 0.12222222222222222,
        "percentage_repeated_1-gram_in_summ": 0.28888888888888886,
        "percentage_novel_2-gram": 0.42063492063492064,
        "percentage_repeated_2-gram_in_summ": 0.12698412698412698,
        "percentage_novel_3-gram": 0.6521739130434783,
        "percentage_repeated_3-gram_in_summ": 0.06521739130434782
    }
}