{
    "DataStats": {
        "coverage": 0.9453125,
        "density": 5.4609375,
        "compression": 37.4140625,
        "summary_length": 128.0,
        "percentage_novel_1-gram": 0.0945945945945946,
        "percentage_repeated_1-gram_in_summ": 0.28378378378378377,
        "percentage_novel_2-gram": 0.30275229357798167,
        "percentage_repeated_2-gram_in_summ": 0.10091743119266056,
        "percentage_novel_3-gram": 0.46218487394957986,
        "percentage_repeated_3-gram_in_summ": 0.05042016806722689
    }
}