{
    "DataStats": {
        "coverage": 0.9294871794871795,
        "density": 3.3653846153846154,
        "compression": 42.89102564102564,
        "summary_length": 156.0,
        "percentage_novel_1-gram": 0.13043478260869565,
        "percentage_repeated_1-gram_in_summ": 0.2391304347826087,
        "percentage_novel_2-gram": 0.4755244755244755,
        "percentage_repeated_2-gram_in_summ": 0.07692307692307693,
        "percentage_novel_3-gram": 0.7483443708609272,
        "percentage_repeated_3-gram_in_summ": 0.019867549668874173
    }
}