{
    "DataStats": {
        "coverage": 0.9333333333333333,
        "density": 3.16,
        "compression": 24.626666666666665,
        "summary_length": 150.0,
        "percentage_novel_1-gram": 0.12087912087912088,
        "percentage_repeated_1-gram_in_summ": 0.2857142857142857,
        "percentage_novel_2-gram": 0.39568345323741005,
        "percentage_repeated_2-gram_in_summ": 0.06474820143884892,
        "percentage_novel_3-gram": 0.6736111111111112,
        "percentage_repeated_3-gram_in_summ": 0.027777777777777776
    }
}