{
    "DataStats": {
        "coverage": 0.9338235294117647,
        "density": 3.0955882352941178,
        "compression": 50.25,
        "summary_length": 136.0,
        "percentage_novel_1-gram": 0.10465116279069768,
        "percentage_repeated_1-gram_in_summ": 0.26744186046511625,
        "percentage_novel_2-gram": 0.4032258064516129,
        "percentage_repeated_2-gram_in_summ": 0.04032258064516129,
        "percentage_novel_3-gram": 0.7384615384615385,
        "percentage_repeated_3-gram_in_summ": 0.015384615384615385
    }
}