{
    "DataStats": {
        "coverage": 0.9323308270676691,
        "density": 3.4285714285714284,
        "compression": 24.360902255639097,
        "summary_length": 133.0,
        "percentage_novel_1-gram": 0.125,
        "percentage_repeated_1-gram_in_summ": 0.3611111111111111,
        "percentage_novel_2-gram": 0.3565217391304348,
        "percentage_repeated_2-gram_in_summ": 0.1391304347826087,
        "percentage_novel_3-gram": 0.592,
        "percentage_repeated_3-gram_in_summ": 0.048
    }
}