{
    "DataStats": {
        "coverage": 0.9291338582677166,
        "density": 3.4330708661417324,
        "compression": 24.188976377952756,
        "summary_length": 127.0,
        "percentage_novel_1-gram": 0.12345679012345678,
        "percentage_repeated_1-gram_in_summ": 0.25925925925925924,
        "percentage_novel_2-gram": 0.3652173913043478,
        "percentage_repeated_2-gram_in_summ": 0.0782608695652174,
        "percentage_novel_3-gram": 0.5785123966942148,
        "percentage_repeated_3-gram_in_summ": 0.03305785123966942
    }
}