{
    "DataStats": {
        "coverage": 0.8769230769230769,
        "density": 1.9384615384615385,
        "compression": 34.05384615384615,
        "summary_length": 130.0,
        "percentage_novel_1-gram": 0.20238095238095238,
        "percentage_repeated_1-gram_in_summ": 0.17857142857142858,
        "percentage_novel_2-gram": 0.5725806451612904,
        "percentage_repeated_2-gram_in_summ": 0.03225806451612903,
        "percentage_novel_3-gram": 0.8046875,
        "percentage_repeated_3-gram_in_summ": 0.0
    }
}