{
    "DataStats": {
        "coverage": 0.968,
        "density": 2.616,
        "compression": 38.352,
        "summary_length": 125.0,
        "percentage_novel_1-gram": 0.05128205128205128,
        "percentage_repeated_1-gram_in_summ": 0.28205128205128205,
        "percentage_novel_2-gram": 0.4956521739130435,
        "percentage_repeated_2-gram_in_summ": 0.05217391304347826,
        "percentage_novel_3-gram": 0.7786885245901639,
        "percentage_repeated_3-gram_in_summ": 0.00819672131147541
    }
}