{
    "DataStats": {
        "coverage": 0.8939393939393939,
        "density": 2.4696969696969697,
        "compression": 21.40909090909091,
        "summary_length": 132.0,
        "percentage_novel_1-gram": 0.1724137931034483,
        "percentage_repeated_1-gram_in_summ": 0.22988505747126436,
        "percentage_novel_2-gram": 0.5365853658536586,
        "percentage_repeated_2-gram_in_summ": 0.056910569105691054,
        "percentage_novel_3-gram": 0.78125,
        "percentage_repeated_3-gram_in_summ": 0.015625
    }
}