{
    "DataStats": {
        "coverage": 0.8795180722891566,
        "density": 3.9036144578313254,
        "compression": 29.301204819277107,
        "summary_length": 166.0,
        "percentage_novel_1-gram": 0.2087912087912088,
        "percentage_repeated_1-gram_in_summ": 0.25274725274725274,
        "percentage_novel_2-gram": 0.46258503401360546,
        "percentage_repeated_2-gram_in_summ": 0.10204081632653061,
        "percentage_novel_3-gram": 0.60625,
        "percentage_repeated_3-gram_in_summ": 0.025
    }
}