{
    "DataStats": {
        "coverage": 0.900709219858156,
        "density": 2.9858156028368796,
        "compression": 48.56028368794326,
        "summary_length": 141.0,
        "percentage_novel_1-gram": 0.1794871794871795,
        "percentage_repeated_1-gram_in_summ": 0.3076923076923077,
        "percentage_novel_2-gram": 0.46153846153846156,
        "percentage_repeated_2-gram_in_summ": 0.13675213675213677,
        "percentage_novel_3-gram": 0.6744186046511628,
        "percentage_repeated_3-gram_in_summ": 0.06201550387596899
    }
}