{
    "DataStats": {
        "coverage": 0.9067796610169492,
        "density": 2.3983050847457625,
        "compression": 39.70338983050848,
        "summary_length": 118.0,
        "percentage_novel_1-gram": 0.16666666666666666,
        "percentage_repeated_1-gram_in_summ": 0.36363636363636365,
        "percentage_novel_2-gram": 0.4857142857142857,
        "percentage_repeated_2-gram_in_summ": 0.09523809523809523,
        "percentage_novel_3-gram": 0.7433628318584071,
        "percentage_repeated_3-gram_in_summ": 0.02654867256637168
    }
}