{
    "DataStats": {
        "coverage": 0.9493670886075949,
        "density": 4.620253164556962,
        "compression": 18.28481012658228,
        "summary_length": 158.0,
        "percentage_novel_1-gram": 0.11363636363636363,
        "percentage_repeated_1-gram_in_summ": 0.29545454545454547,
        "percentage_novel_2-gram": 0.36363636363636365,
        "percentage_repeated_2-gram_in_summ": 0.10606060606060606,
        "percentage_novel_3-gram": 0.6474820143884892,
        "percentage_repeated_3-gram_in_summ": 0.06474820143884892
    }
}