{
    "DataStats": {
        "coverage": 0.8972602739726028,
        "density": 2.664383561643836,
        "compression": 30.383561643835616,
        "summary_length": 146.0,
        "percentage_novel_1-gram": 0.19480519480519481,
        "percentage_repeated_1-gram_in_summ": 0.35064935064935066,
        "percentage_novel_2-gram": 0.4094488188976378,
        "percentage_repeated_2-gram_in_summ": 0.08661417322834646,
        "percentage_novel_3-gram": 0.6788321167883211,
        "percentage_repeated_3-gram_in_summ": 0.043795620437956206
    }
}