{
    "DataStats": {
        "coverage": 0.91875,
        "density": 5.21875,
        "compression": 26.71875,
        "summary_length": 160.0,
        "percentage_novel_1-gram": 0.15584415584415584,
        "percentage_repeated_1-gram_in_summ": 0.42857142857142855,
        "percentage_novel_2-gram": 0.3700787401574803,
        "percentage_repeated_2-gram_in_summ": 0.15748031496062992,
        "percentage_novel_3-gram": 0.5174825174825175,
        "percentage_repeated_3-gram_in_summ": 0.09090909090909091
    }
}