{
    "DataStats": {
        "coverage": 0.8706896551724138,
        "density": 2.8189655172413794,
        "compression": 36.37931034482759,
        "summary_length": 116.0,
        "percentage_novel_1-gram": 0.19230769230769232,
        "percentage_repeated_1-gram_in_summ": 0.24358974358974358,
        "percentage_novel_2-gram": 0.48598130841121495,
        "percentage_repeated_2-gram_in_summ": 0.056074766355140186,
        "percentage_novel_3-gram": 0.7207207207207207,
        "percentage_repeated_3-gram_in_summ": 0.02702702702702703
    }
}