{
    "DataStats": {
        "coverage": 0.9444444444444444,
        "density": 3.611111111111111,
        "compression": 27.438271604938272,
        "summary_length": 162.0,
        "percentage_novel_1-gram": 0.1326530612244898,
        "percentage_repeated_1-gram_in_summ": 0.2857142857142857,
        "percentage_novel_2-gram": 0.375,
        "percentage_repeated_2-gram_in_summ": 0.08333333333333333,
        "percentage_novel_3-gram": 0.5986842105263158,
        "percentage_repeated_3-gram_in_summ": 0.039473684210526314
    }
}