{
    "DataStats": {
        "coverage": 0.9132947976878613,
        "density": 3.0751445086705202,
        "compression": 26.728323699421967,
        "summary_length": 173.0,
        "percentage_novel_1-gram": 0.16666666666666666,
        "percentage_repeated_1-gram_in_summ": 0.23529411764705882,
        "percentage_novel_2-gram": 0.47770700636942676,
        "percentage_repeated_2-gram_in_summ": 0.06369426751592357,
        "percentage_novel_3-gram": 0.7083333333333334,
        "percentage_repeated_3-gram_in_summ": 0.011904761904761904
    }
}