{
    "DataStats": {
        "coverage": 0.8888888888888888,
        "density": 2.7142857142857144,
        "compression": 38.65873015873016,
        "summary_length": 126.0,
        "percentage_novel_1-gram": 0.2222222222222222,
        "percentage_repeated_1-gram_in_summ": 0.3055555555555556,
        "percentage_novel_2-gram": 0.5446428571428571,
        "percentage_repeated_2-gram_in_summ": 0.09821428571428571,
        "percentage_novel_3-gram": 0.775,
        "percentage_repeated_3-gram_in_summ": 0.03333333333333333
    }
}