{
    "DataStats": {
        "coverage": 0.8895705521472392,
        "density": 4.533742331288344,
        "compression": 33.49693251533742,
        "summary_length": 163.0,
        "percentage_novel_1-gram": 0.17142857142857143,
        "percentage_repeated_1-gram_in_summ": 0.24761904761904763,
        "percentage_novel_2-gram": 0.375,
        "percentage_repeated_2-gram_in_summ": 0.05263157894736842,
        "percentage_novel_3-gram": 0.5911949685534591,
        "percentage_repeated_3-gram_in_summ": 0.012578616352201259
    }
}