{
    "DataStats": {
        "coverage": 0.9461538461538461,
        "density": 2.776923076923077,
        "compression": 29.346153846153847,
        "summary_length": 130.0,
        "percentage_novel_1-gram": 0.09876543209876543,
        "percentage_repeated_1-gram_in_summ": 0.32098765432098764,
        "percentage_novel_2-gram": 0.3949579831932773,
        "percentage_repeated_2-gram_in_summ": 0.08403361344537816,
        "percentage_novel_3-gram": 0.7317073170731707,
        "percentage_repeated_3-gram_in_summ": 0.04065040650406504
    }
}