{
    "DataStats": {
        "coverage": 0.9508196721311475,
        "density": 3.459016393442623,
        "compression": 36.385245901639344,
        "summary_length": 122.0,
        "percentage_novel_1-gram": 0.08695652173913043,
        "percentage_repeated_1-gram_in_summ": 0.391304347826087,
        "percentage_novel_2-gram": 0.3523809523809524,
        "percentage_repeated_2-gram_in_summ": 0.13333333333333333,
        "percentage_novel_3-gram": 0.6228070175438597,
        "percentage_repeated_3-gram_in_summ": 0.05263157894736842
    }
}