{
    "DataStats": {
        "coverage": 0.9290322580645162,
        "density": 2.632258064516129,
        "compression": 42.535483870967745,
        "summary_length": 155.0,
        "percentage_novel_1-gram": 0.0851063829787234,
        "percentage_repeated_1-gram_in_summ": 0.2553191489361702,
        "percentage_novel_2-gram": 0.4791666666666667,
        "percentage_repeated_2-gram_in_summ": 0.05555555555555555,
        "percentage_novel_3-gram": 0.7947019867549668,
        "percentage_repeated_3-gram_in_summ": 0.013245033112582781
    }
}