{
    "DataStats": {
        "coverage": 0.8373983739837398,
        "density": 1.8780487804878048,
        "compression": 20.723577235772357,
        "summary_length": 123.0,
        "percentage_novel_1-gram": 0.2222222222222222,
        "percentage_repeated_1-gram_in_summ": 0.2345679012345679,
        "percentage_novel_2-gram": 0.6551724137931034,
        "percentage_repeated_2-gram_in_summ": 0.04310344827586207,
        "percentage_novel_3-gram": 0.8416666666666667,
        "percentage_repeated_3-gram_in_summ": 0.008333333333333333
    }
}