{
    "DataStats": {
        "coverage": 0.8897058823529411,
        "density": 2.051470588235294,
        "compression": 22.397058823529413,
        "summary_length": 136.0,
        "percentage_novel_1-gram": 0.18072289156626506,
        "percentage_repeated_1-gram_in_summ": 0.2289156626506024,
        "percentage_novel_2-gram": 0.5625,
        "percentage_repeated_2-gram_in_summ": 0.046875,
        "percentage_novel_3-gram": 0.8484848484848485,
        "percentage_repeated_3-gram_in_summ": 0.015151515151515152
    }
}