{
    "DataStats": {
        "coverage": 0.8842105263157894,
        "density": 2.1894736842105265,
        "compression": 30.00526315789474,
        "summary_length": 190.0,
        "percentage_novel_1-gram": 0.19469026548672566,
        "percentage_repeated_1-gram_in_summ": 0.23893805309734514,
        "percentage_novel_2-gram": 0.4915254237288136,
        "percentage_repeated_2-gram_in_summ": 0.062146892655367235,
        "percentage_novel_3-gram": 0.7914438502673797,
        "percentage_repeated_3-gram_in_summ": 0.0053475935828877
    }
}