{
    "DataStats": {
        "coverage": 0.9181286549707602,
        "density": 3.3625730994152048,
        "compression": 23.70175438596491,
        "summary_length": 171.0,
        "percentage_novel_1-gram": 0.10377358490566038,
        "percentage_repeated_1-gram_in_summ": 0.2641509433962264,
        "percentage_novel_2-gram": 0.4129032258064516,
        "percentage_repeated_2-gram_in_summ": 0.07096774193548387,
        "percentage_novel_3-gram": 0.6666666666666666,
        "percentage_repeated_3-gram_in_summ": 0.030864197530864196
    }
}