{
    "DataStats": {
        "coverage": 0.9408284023668639,
        "density": 3.662721893491124,
        "compression": 39.082840236686394,
        "summary_length": 169.0,
        "percentage_novel_1-gram": 0.11224489795918367,
        "percentage_repeated_1-gram_in_summ": 0.2857142857142857,
        "percentage_novel_2-gram": 0.38562091503267976,
        "percentage_repeated_2-gram_in_summ": 0.0915032679738562,
        "percentage_novel_3-gram": 0.6419753086419753,
        "percentage_repeated_3-gram_in_summ": 0.030864197530864196
    }
}