{
    "DataStats": {
        "coverage": 0.9209039548022598,
        "density": 3.3954802259887007,
        "compression": 16.192090395480225,
        "summary_length": 177.0,
        "percentage_novel_1-gram": 0.14814814814814814,
        "percentage_repeated_1-gram_in_summ": 0.2777777777777778,
        "percentage_novel_2-gram": 0.4879518072289157,
        "percentage_repeated_2-gram_in_summ": 0.05421686746987952,
        "percentage_novel_3-gram": 0.7371428571428571,
        "percentage_repeated_3-gram_in_summ": 0.0
    }
}