{
    "DataStats": {
        "coverage": 0.9565217391304348,
        "density": 3.010869565217391,
        "compression": 26.60326086956522,
        "summary_length": 184.0,
        "percentage_novel_1-gram": 0.08653846153846154,
        "percentage_repeated_1-gram_in_summ": 0.21153846153846154,
        "percentage_novel_2-gram": 0.39880952380952384,
        "percentage_repeated_2-gram_in_summ": 0.06547619047619048,
        "percentage_novel_3-gram": 0.6868131868131868,
        "percentage_repeated_3-gram_in_summ": 0.0
    }
}