{
    "DataStats": {
        "coverage": 0.8636363636363636,
        "density": 2.106060606060606,
        "compression": 29.075757575757574,
        "summary_length": 132.0,
        "percentage_novel_1-gram": 0.2535211267605634,
        "percentage_repeated_1-gram_in_summ": 0.2535211267605634,
        "percentage_novel_2-gram": 0.5789473684210527,
        "percentage_repeated_2-gram_in_summ": 0.10526315789473684,
        "percentage_novel_3-gram": 0.8292682926829268,
        "percentage_repeated_3-gram_in_summ": 0.04065040650406504
    }
}