{
    "DataStats": {
        "coverage": 0.9333333333333333,
        "density": 6.2,
        "compression": 26.786666666666665,
        "summary_length": 150.0,
        "percentage_novel_1-gram": 0.12195121951219512,
        "percentage_repeated_1-gram_in_summ": 0.2804878048780488,
        "percentage_novel_2-gram": 0.336,
        "percentage_repeated_2-gram_in_summ": 0.12,
        "percentage_novel_3-gram": 0.4927536231884058,
        "percentage_repeated_3-gram_in_summ": 0.050724637681159424
    }
}