{
    "DataStats": {
        "coverage": 0.9136690647482014,
        "density": 2.9568345323741005,
        "compression": 27.244604316546763,
        "summary_length": 139.0,
        "percentage_novel_1-gram": 0.1927710843373494,
        "percentage_repeated_1-gram_in_summ": 0.27710843373493976,
        "percentage_novel_2-gram": 0.5,
        "percentage_repeated_2-gram_in_summ": 0.046153846153846156,
        "percentage_novel_3-gram": 0.7164179104477612,
        "percentage_repeated_3-gram_in_summ": 0.022388059701492536
    }
}