{
    "DataStats": {
        "coverage": 0.9113924050632911,
        "density": 3.7341772151898733,
        "compression": 35.822784810126585,
        "summary_length": 158.0,
        "percentage_novel_1-gram": 0.1414141414141414,
        "percentage_repeated_1-gram_in_summ": 0.2727272727272727,
        "percentage_novel_2-gram": 0.4,
        "percentage_repeated_2-gram_in_summ": 0.03333333333333333,
        "percentage_novel_3-gram": 0.6298701298701299,
        "percentage_repeated_3-gram_in_summ": 0.012987012987012988
    }
}