{
    "DataStats": {
        "coverage": 0.9325153374233128,
        "density": 3.2515337423312882,
        "compression": 25.34355828220859,
        "summary_length": 163.0,
        "percentage_novel_1-gram": 0.16129032258064516,
        "percentage_repeated_1-gram_in_summ": 0.27956989247311825,
        "percentage_novel_2-gram": 0.4452054794520548,
        "percentage_repeated_2-gram_in_summ": 0.08904109589041095,
        "percentage_novel_3-gram": 0.689873417721519,
        "percentage_repeated_3-gram_in_summ": 0.0189873417721519
    }
}