{
    "DataStats": {
        "coverage": 0.8796992481203008,
        "density": 3.0601503759398496,
        "compression": 28.06015037593985,
        "summary_length": 133.0,
        "percentage_novel_1-gram": 0.22077922077922077,
        "percentage_repeated_1-gram_in_summ": 0.33766233766233766,
        "percentage_novel_2-gram": 0.4830508474576271,
        "percentage_repeated_2-gram_in_summ": 0.0847457627118644,
        "percentage_novel_3-gram": 0.6771653543307087,
        "percentage_repeated_3-gram_in_summ": 0.031496062992125984
    }
}