{
    "DataStats": {
        "coverage": 0.8108108108108109,
        "density": 1.5315315315315314,
        "compression": 26.91891891891892,
        "summary_length": 111.0,
        "percentage_novel_1-gram": 0.28,
        "percentage_repeated_1-gram_in_summ": 0.21333333333333335,
        "percentage_novel_2-gram": 0.7047619047619048,
        "percentage_repeated_2-gram_in_summ": 0.02857142857142857,
        "percentage_novel_3-gram": 0.9074074074074074,
        "percentage_repeated_3-gram_in_summ": 0.009259259259259259
    }
}