{
    "DataStats": {
        "coverage": 0.9264705882352942,
        "density": 4.573529411764706,
        "compression": 44.11764705882353,
        "summary_length": 136.0,
        "percentage_novel_1-gram": 0.1232876712328767,
        "percentage_repeated_1-gram_in_summ": 0.3561643835616438,
        "percentage_novel_2-gram": 0.34513274336283184,
        "percentage_repeated_2-gram_in_summ": 0.1592920353982301,
        "percentage_novel_3-gram": 0.5737704918032787,
        "percentage_repeated_3-gram_in_summ": 0.09016393442622951
    }
}