{
    "DataStats": {
        "coverage": 0.8872180451127819,
        "density": 2.5864661654135337,
        "compression": 32.36842105263158,
        "summary_length": 133.0,
        "percentage_novel_1-gram": 0.175,
        "percentage_repeated_1-gram_in_summ": 0.2875,
        "percentage_novel_2-gram": 0.4462809917355372,
        "percentage_repeated_2-gram_in_summ": 0.049586776859504134,
        "percentage_novel_3-gram": 0.7421875,
        "percentage_repeated_3-gram_in_summ": 0.015625
    }
}