{
    "DataStats": {
        "coverage": 0.9236641221374046,
        "density": 3.381679389312977,
        "compression": 26.900763358778626,
        "summary_length": 131.0,
        "percentage_novel_1-gram": 0.1375,
        "percentage_repeated_1-gram_in_summ": 0.325,
        "percentage_novel_2-gram": 0.4661016949152542,
        "percentage_repeated_2-gram_in_summ": 0.06779661016949153,
        "percentage_novel_3-gram": 0.6935483870967742,
        "percentage_repeated_3-gram_in_summ": 0.024193548387096774
    }
}