{
    "DataStats": {
        "coverage": 0.9456521739130435,
        "density": 3.1956521739130435,
        "compression": 20.11413043478261,
        "summary_length": 184.0,
        "percentage_novel_1-gram": 0.10784313725490197,
        "percentage_repeated_1-gram_in_summ": 0.27450980392156865,
        "percentage_novel_2-gram": 0.45,
        "percentage_repeated_2-gram_in_summ": 0.08125,
        "percentage_novel_3-gram": 0.6896551724137931,
        "percentage_repeated_3-gram_in_summ": 0.034482758620689655
    }
}