{
    "DataStats": {
        "coverage": 0.9478260869565217,
        "density": 2.982608695652174,
        "compression": 28.26086956521739,
        "summary_length": 115.0,
        "percentage_novel_1-gram": 0.09333333333333334,
        "percentage_repeated_1-gram_in_summ": 0.25333333333333335,
        "percentage_novel_2-gram": 0.3761467889908257,
        "percentage_repeated_2-gram_in_summ": 0.045871559633027525,
        "percentage_novel_3-gram": 0.6339285714285714,
        "percentage_repeated_3-gram_in_summ": 0.008928571428571428
    }
}