{
    "DataStats": {
        "coverage": 0.9477611940298507,
        "density": 2.9029850746268657,
        "compression": 40.88059701492537,
        "summary_length": 134.0,
        "percentage_novel_1-gram": 0.09876543209876543,
        "percentage_repeated_1-gram_in_summ": 0.32098765432098764,
        "percentage_novel_2-gram": 0.424,
        "percentage_repeated_2-gram_in_summ": 0.056,
        "percentage_novel_3-gram": 0.7286821705426356,
        "percentage_repeated_3-gram_in_summ": 0.023255813953488372
    }
}