{
    "DataStats": {
        "coverage": 0.9245283018867925,
        "density": 4.433962264150943,
        "compression": 25.144654088050313,
        "summary_length": 159.0,
        "percentage_novel_1-gram": 0.13333333333333333,
        "percentage_repeated_1-gram_in_summ": 0.25555555555555554,
        "percentage_novel_2-gram": 0.2972972972972973,
        "percentage_repeated_2-gram_in_summ": 0.04054054054054054,
        "percentage_novel_3-gram": 0.5641025641025641,
        "percentage_repeated_3-gram_in_summ": 0.00641025641025641
    }
}