{
    "DataStats": {
        "coverage": 0.8715596330275229,
        "density": 2.0825688073394497,
        "compression": 24.220183486238533,
        "summary_length": 109.0,
        "percentage_novel_1-gram": 0.19402985074626866,
        "percentage_repeated_1-gram_in_summ": 0.29850746268656714,
        "percentage_novel_2-gram": 0.6078431372549019,
        "percentage_repeated_2-gram_in_summ": 0.0392156862745098,
        "percentage_novel_3-gram": 0.8269230769230769,
        "percentage_repeated_3-gram_in_summ": 0.019230769230769232
    }
}