{
    "DataStats": {
        "coverage": 0.948051948051948,
        "density": 2.6623376623376624,
        "compression": 43.6948051948052,
        "summary_length": 154.0,
        "percentage_novel_1-gram": 0.08139534883720931,
        "percentage_repeated_1-gram_in_summ": 0.3488372093023256,
        "percentage_novel_2-gram": 0.4,
        "percentage_repeated_2-gram_in_summ": 0.13076923076923078,
        "percentage_novel_3-gram": 0.6875,
        "percentage_repeated_3-gram_in_summ": 0.04861111111111111
    }
}