{
    "DataStats": {
        "coverage": 0.972972972972973,
        "density": 3.418918918918919,
        "compression": 48.99324324324324,
        "summary_length": 148.0,
        "percentage_novel_1-gram": 0.07228915662650602,
        "percentage_repeated_1-gram_in_summ": 0.3855421686746988,
        "percentage_novel_2-gram": 0.30708661417322836,
        "percentage_repeated_2-gram_in_summ": 0.12598425196850394,
        "percentage_novel_3-gram": 0.6304347826086957,
        "percentage_repeated_3-gram_in_summ": 0.057971014492753624
    }
}