{
    "DataStats": {
        "coverage": 0.9102564102564102,
        "density": 3.051282051282051,
        "compression": 27.942307692307693,
        "summary_length": 156.0,
        "percentage_novel_1-gram": 0.19047619047619047,
        "percentage_repeated_1-gram_in_summ": 0.30952380952380953,
        "percentage_novel_2-gram": 0.3893129770992366,
        "percentage_repeated_2-gram_in_summ": 0.1450381679389313,
        "percentage_novel_3-gram": 0.6301369863013698,
        "percentage_repeated_3-gram_in_summ": 0.0547945205479452
    }
}