{
    "DataStats": {
        "coverage": 0.8920863309352518,
        "density": 2.776978417266187,
        "compression": 30.06474820143885,
        "summary_length": 139.0,
        "percentage_novel_1-gram": 0.2,
        "percentage_repeated_1-gram_in_summ": 0.2235294117647059,
        "percentage_novel_2-gram": 0.5454545454545454,
        "percentage_repeated_2-gram_in_summ": 0.09090909090909091,
        "percentage_novel_3-gram": 0.7890625,
        "percentage_repeated_3-gram_in_summ": 0.046875
    }
}