{
    "DataStats": {
        "coverage": 0.902834008097166,
        "density": 2.2469635627530367,
        "compression": 22.149797570850204,
        "summary_length": 247.0,
        "percentage_novel_1-gram": 0.16666666666666666,
        "percentage_repeated_1-gram_in_summ": 0.3253968253968254,
        "percentage_novel_2-gram": 0.5675675675675675,
        "percentage_repeated_2-gram_in_summ": 0.07207207207207207,
        "percentage_novel_3-gram": 0.7860082304526749,
        "percentage_repeated_3-gram_in_summ": 0.00823045267489712
    }
}