{
    "DataStats": {
        "coverage": 0.9425287356321839,
        "density": 5.126436781609195,
        "compression": 18.816091954022987,
        "summary_length": 174.0,
        "percentage_novel_1-gram": 0.13186813186813187,
        "percentage_repeated_1-gram_in_summ": 0.34065934065934067,
        "percentage_novel_2-gram": 0.3150684931506849,
        "percentage_repeated_2-gram_in_summ": 0.14383561643835616,
        "percentage_novel_3-gram": 0.5128205128205128,
        "percentage_repeated_3-gram_in_summ": 0.08974358974358974
    }
}