{
    "DataStats": {
        "coverage": 0.8558558558558559,
        "density": 2.4414414414414414,
        "compression": 21.594594594594593,
        "summary_length": 111.0,
        "percentage_novel_1-gram": 0.19230769230769232,
        "percentage_repeated_1-gram_in_summ": 0.19230769230769232,
        "percentage_novel_2-gram": 0.5887850467289719,
        "percentage_repeated_2-gram_in_summ": 0.028037383177570093,
        "percentage_novel_3-gram": 0.8073394495412844,
        "percentage_repeated_3-gram_in_summ": 0.0
    }
}