{
    "DataStats": {
        "coverage": 0.9272727272727272,
        "density": 2.1272727272727274,
        "compression": 33.24848484848485,
        "summary_length": 165.0,
        "percentage_novel_1-gram": 0.12,
        "percentage_repeated_1-gram_in_summ": 0.21,
        "percentage_novel_2-gram": 0.4866666666666667,
        "percentage_repeated_2-gram_in_summ": 0.06,
        "percentage_novel_3-gram": 0.8509316770186336,
        "percentage_repeated_3-gram_in_summ": 0.012422360248447204
    }
}