{
    "DataStats": {
        "coverage": 0.8832116788321168,
        "density": 2.678832116788321,
        "compression": 24.204379562043794,
        "summary_length": 137.0,
        "percentage_novel_1-gram": 0.2087912087912088,
        "percentage_repeated_1-gram_in_summ": 0.21978021978021978,
        "percentage_novel_2-gram": 0.6046511627906976,
        "percentage_repeated_2-gram_in_summ": 0.046511627906976744,
        "percentage_novel_3-gram": 0.7803030303030303,
        "percentage_repeated_3-gram_in_summ": 0.022727272727272728
    }
}