{
    "DataStats": {
        "coverage": 0.8723404255319149,
        "density": 2.5602836879432624,
        "compression": 28.624113475177303,
        "summary_length": 141.0,
        "percentage_novel_1-gram": 0.18681318681318682,
        "percentage_repeated_1-gram_in_summ": 0.23076923076923078,
        "percentage_novel_2-gram": 0.5259259259259259,
        "percentage_repeated_2-gram_in_summ": 0.02962962962962963,
        "percentage_novel_3-gram": 0.7122302158273381,
        "percentage_repeated_3-gram_in_summ": 0.0
    }
}