{
    "DataStats": {
        "coverage": 0.9568627450980393,
        "density": 3.780392156862745,
        "compression": 21.298039215686273,
        "summary_length": 255.0,
        "percentage_novel_1-gram": 0.08275862068965517,
        "percentage_repeated_1-gram_in_summ": 0.22758620689655173,
        "percentage_novel_2-gram": 0.38427947598253276,
        "percentage_repeated_2-gram_in_summ": 0.07860262008733625,
        "percentage_novel_3-gram": 0.6465863453815262,
        "percentage_repeated_3-gram_in_summ": 0.01606425702811245
    }
}