{
    "DataStats": {
        "coverage": 0.8353658536585366,
        "density": 2.4207317073170733,
        "compression": 23.402439024390244,
        "summary_length": 164.0,
        "percentage_novel_1-gram": 0.22448979591836735,
        "percentage_repeated_1-gram_in_summ": 0.23469387755102042,
        "percentage_novel_2-gram": 0.5570469798657718,
        "percentage_repeated_2-gram_in_summ": 0.053691275167785234,
        "percentage_novel_3-gram": 0.8012422360248447,
        "percentage_repeated_3-gram_in_summ": 0.006211180124223602
    }
}