{
    "DataStats": {
        "coverage": 0.8413461538461539,
        "density": 2.2163461538461537,
        "compression": 15.192307692307692,
        "summary_length": 208.0,
        "percentage_novel_1-gram": 0.2222222222222222,
        "percentage_repeated_1-gram_in_summ": 0.37962962962962965,
        "percentage_novel_2-gram": 0.580110497237569,
        "percentage_repeated_2-gram_in_summ": 0.11602209944751381,
        "percentage_novel_3-gram": 0.826530612244898,
        "percentage_repeated_3-gram_in_summ": 0.03571428571428571
    }
}