{
    "DataStats": {
        "coverage": 0.7988826815642458,
        "density": 1.670391061452514,
        "compression": 28.76536312849162,
        "summary_length": 179.0,
        "percentage_novel_1-gram": 0.3010752688172043,
        "percentage_repeated_1-gram_in_summ": 0.3333333333333333,
        "percentage_novel_2-gram": 0.6623376623376623,
        "percentage_repeated_2-gram_in_summ": 0.1038961038961039,
        "percentage_novel_3-gram": 0.9058823529411765,
        "percentage_repeated_3-gram_in_summ": 0.03529411764705882
    }
}