{
    "DataStats": {
        "coverage": 0.9012875536480687,
        "density": 3.5021459227467813,
        "compression": 14.283261802575108,
        "summary_length": 233.0,
        "percentage_novel_1-gram": 0.183206106870229,
        "percentage_repeated_1-gram_in_summ": 0.2366412213740458,
        "percentage_novel_2-gram": 0.45410628019323673,
        "percentage_repeated_2-gram_in_summ": 0.057971014492753624,
        "percentage_novel_3-gram": 0.695067264573991,
        "percentage_repeated_3-gram_in_summ": 0.03139013452914798
    }
}