{
    "DataStats": {
        "coverage": 0.9483870967741935,
        "density": 2.445161290322581,
        "compression": 31.01290322580645,
        "summary_length": 155.0,
        "percentage_novel_1-gram": 0.13793103448275862,
        "percentage_repeated_1-gram_in_summ": 0.3448275862068966,
        "percentage_novel_2-gram": 0.4965034965034965,
        "percentage_repeated_2-gram_in_summ": 0.06993006993006994,
        "percentage_novel_3-gram": 0.7960526315789473,
        "percentage_repeated_3-gram_in_summ": 0.006578947368421052
    }
}