{
    "DataStats": {
        "coverage": 0.8826291079812206,
        "density": 2.0093896713615025,
        "compression": 27.239436619718308,
        "summary_length": 213.0,
        "percentage_novel_1-gram": 0.1968503937007874,
        "percentage_repeated_1-gram_in_summ": 0.2677165354330709,
        "percentage_novel_2-gram": 0.6345177664974619,
        "percentage_repeated_2-gram_in_summ": 0.050761421319796954,
        "percentage_novel_3-gram": 0.8495145631067961,
        "percentage_repeated_3-gram_in_summ": 0.014563106796116505
    }
}