{
    "DataStats": {
        "coverage": 0.8608695652173913,
        "density": 3.0956521739130434,
        "compression": 15.226086956521739,
        "summary_length": 230.0,
        "percentage_novel_1-gram": 0.29914529914529914,
        "percentage_repeated_1-gram_in_summ": 0.3504273504273504,
        "percentage_novel_2-gram": 0.5128205128205128,
        "percentage_repeated_2-gram_in_summ": 0.12307692307692308,
        "percentage_novel_3-gram": 0.7314814814814815,
        "percentage_repeated_3-gram_in_summ": 0.05555555555555555
    }
}