{
    "DataStats": {
        "coverage": 0.8522167487684729,
        "density": 2.2610837438423643,
        "compression": 20.0,
        "summary_length": 203.0,
        "percentage_novel_1-gram": 0.23770491803278687,
        "percentage_repeated_1-gram_in_summ": 0.28688524590163933,
        "percentage_novel_2-gram": 0.6382978723404256,
        "percentage_repeated_2-gram_in_summ": 0.06914893617021277,
        "percentage_novel_3-gram": 0.8442211055276382,
        "percentage_repeated_3-gram_in_summ": 0.010050251256281407
    }
}