{
    "DataStats": {
        "coverage": 0.8888888888888888,
        "density": 2.817204301075269,
        "compression": 17.433691756272403,
        "summary_length": 279.0,
        "percentage_novel_1-gram": 0.2356687898089172,
        "percentage_repeated_1-gram_in_summ": 0.2611464968152866,
        "percentage_novel_2-gram": 0.610655737704918,
        "percentage_repeated_2-gram_in_summ": 0.08196721311475409,
        "percentage_novel_3-gram": 0.8314176245210728,
        "percentage_repeated_3-gram_in_summ": 0.03065134099616858
    }
}