{
    "DataStats": {
        "coverage": 0.8291666666666667,
        "density": 1.9125,
        "compression": 11.158333333333333,
        "summary_length": 240.0,
        "percentage_novel_1-gram": 0.2727272727272727,
        "percentage_repeated_1-gram_in_summ": 0.24475524475524477,
        "percentage_novel_2-gram": 0.6575342465753424,
        "percentage_repeated_2-gram_in_summ": 0.0776255707762557,
        "percentage_novel_3-gram": 0.8418803418803419,
        "percentage_repeated_3-gram_in_summ": 0.017094017094017096
    }
}