{
    "DataStats": {
        "coverage": 0.8951612903225806,
        "density": 3.0483870967741935,
        "compression": 11.649193548387096,
        "summary_length": 248.0,
        "percentage_novel_1-gram": 0.2076923076923077,
        "percentage_repeated_1-gram_in_summ": 0.33076923076923076,
        "percentage_novel_2-gram": 0.5509259259259259,
        "percentage_repeated_2-gram_in_summ": 0.10648148148148148,
        "percentage_novel_3-gram": 0.7361702127659574,
        "percentage_repeated_3-gram_in_summ": 0.03829787234042553
    }
}