{
    "DataStats": {
        "coverage": 0.8783783783783784,
        "density": 2.509009009009009,
        "compression": 17.31081081081081,
        "summary_length": 222.0,
        "percentage_novel_1-gram": 0.183206106870229,
        "percentage_repeated_1-gram_in_summ": 0.26717557251908397,
        "percentage_novel_2-gram": 0.5221674876847291,
        "percentage_repeated_2-gram_in_summ": 0.06896551724137931,
        "percentage_novel_3-gram": 0.7699530516431925,
        "percentage_repeated_3-gram_in_summ": 0.03286384976525822
    }
}