{
    "DataStats": {
        "coverage": 0.9166666666666666,
        "density": 2.615079365079365,
        "compression": 25.432539682539684,
        "summary_length": 252.0,
        "percentage_novel_1-gram": 0.1875,
        "percentage_repeated_1-gram_in_summ": 0.2777777777777778,
        "percentage_novel_2-gram": 0.5526315789473685,
        "percentage_repeated_2-gram_in_summ": 0.07456140350877193,
        "percentage_novel_3-gram": 0.7824267782426778,
        "percentage_repeated_3-gram_in_summ": 0.03765690376569038
    }
}