{
    "DataStats": {
        "coverage": 0.8985507246376812,
        "density": 3.6618357487922704,
        "compression": 27.342995169082126,
        "summary_length": 207.0,
        "percentage_novel_1-gram": 0.1937984496124031,
        "percentage_repeated_1-gram_in_summ": 0.21705426356589147,
        "percentage_novel_2-gram": 0.49748743718592964,
        "percentage_repeated_2-gram_in_summ": 0.02512562814070352,
        "percentage_novel_3-gram": 0.7121951219512195,
        "percentage_repeated_3-gram_in_summ": 0.0
    }
}