{
    "DataStats": {
        "coverage": 0.865,
        "density": 2.105,
        "compression": 15.65,
        "summary_length": 200.0,
        "percentage_novel_1-gram": 0.25925925925925924,
        "percentage_repeated_1-gram_in_summ": 0.3425925925925926,
        "percentage_novel_2-gram": 0.6647058823529411,
        "percentage_repeated_2-gram_in_summ": 0.11764705882352941,
        "percentage_novel_3-gram": 0.851063829787234,
        "percentage_repeated_3-gram_in_summ": 0.0425531914893617
    }
}