{
    "DataStats": {
        "coverage": 0.896969696969697,
        "density": 3.006060606060606,
        "compression": 29.024242424242424,
        "summary_length": 165.0,
        "percentage_novel_1-gram": 0.20930232558139536,
        "percentage_repeated_1-gram_in_summ": 0.3488372093023256,
        "percentage_novel_2-gram": 0.5357142857142857,
        "percentage_repeated_2-gram_in_summ": 0.10714285714285714,
        "percentage_novel_3-gram": 0.7133757961783439,
        "percentage_repeated_3-gram_in_summ": 0.03184713375796178
    }
}