{
    "DataStats": {
        "coverage": 0.8913043478260869,
        "density": 2.641304347826087,
        "compression": 32.03260869565217,
        "summary_length": 184.0,
        "percentage_novel_1-gram": 0.17272727272727273,
        "percentage_repeated_1-gram_in_summ": 0.2909090909090909,
        "percentage_novel_2-gram": 0.47904191616766467,
        "percentage_repeated_2-gram_in_summ": 0.0658682634730539,
        "percentage_novel_3-gram": 0.7231638418079096,
        "percentage_repeated_3-gram_in_summ": 0.02824858757062147
    }
}