{
    "DataStats": {
        "coverage": 0.9073170731707317,
        "density": 3.151219512195122,
        "compression": 18.053658536585367,
        "summary_length": 205.0,
        "percentage_novel_1-gram": 0.19444444444444445,
        "percentage_repeated_1-gram_in_summ": 0.3055555555555556,
        "percentage_novel_2-gram": 0.5113636363636364,
        "percentage_repeated_2-gram_in_summ": 0.125,
        "percentage_novel_3-gram": 0.7305699481865285,
        "percentage_repeated_3-gram_in_summ": 0.046632124352331605
    }
}