{
    "DataStats": {
        "coverage": 0.9068627450980392,
        "density": 3.446078431372549,
        "compression": 17.004901960784313,
        "summary_length": 204.0,
        "percentage_novel_1-gram": 0.1623931623931624,
        "percentage_repeated_1-gram_in_summ": 0.28205128205128205,
        "percentage_novel_2-gram": 0.4722222222222222,
        "percentage_repeated_2-gram_in_summ": 0.08888888888888889,
        "percentage_novel_3-gram": 0.7225130890052356,
        "percentage_repeated_3-gram_in_summ": 0.04712041884816754
    }
}