{
    "DataStats": {
        "coverage": 0.8810810810810811,
        "density": 2.027027027027027,
        "compression": 14.6,
        "summary_length": 185.0,
        "percentage_novel_1-gram": 0.21551724137931033,
        "percentage_repeated_1-gram_in_summ": 0.25,
        "percentage_novel_2-gram": 0.6079545454545454,
        "percentage_repeated_2-gram_in_summ": 0.045454545454545456,
        "percentage_novel_3-gram": 0.8611111111111112,
        "percentage_repeated_3-gram_in_summ": 0.016666666666666666
    }
}