{
    "DataStats": {
        "coverage": 0.8878504672897196,
        "density": 2.6448598130841123,
        "compression": 26.130841121495326,
        "summary_length": 214.0,
        "percentage_novel_1-gram": 0.1826086956521739,
        "percentage_repeated_1-gram_in_summ": 0.23478260869565218,
        "percentage_novel_2-gram": 0.5392670157068062,
        "percentage_repeated_2-gram_in_summ": 0.07853403141361257,
        "percentage_novel_3-gram": 0.7864077669902912,
        "percentage_repeated_3-gram_in_summ": 0.024271844660194174
    }
}