{
    "DataStats": {
        "coverage": 0.8778280542986425,
        "density": 2.1266968325791855,
        "compression": 18.054298642533936,
        "summary_length": 221.0,
        "percentage_novel_1-gram": 0.23809523809523808,
        "percentage_repeated_1-gram_in_summ": 0.2857142857142857,
        "percentage_novel_2-gram": 0.6333333333333333,
        "percentage_repeated_2-gram_in_summ": 0.047619047619047616,
        "percentage_novel_3-gram": 0.8532110091743119,
        "percentage_repeated_3-gram_in_summ": 0.0045871559633027525
    }
}