{
    "DataStats": {
        "coverage": 0.8739130434782608,
        "density": 2.3869565217391306,
        "compression": 13.730434782608695,
        "summary_length": 230.0,
        "percentage_novel_1-gram": 0.2047244094488189,
        "percentage_repeated_1-gram_in_summ": 0.30708661417322836,
        "percentage_novel_2-gram": 0.5804878048780487,
        "percentage_repeated_2-gram_in_summ": 0.08292682926829269,
        "percentage_novel_3-gram": 0.8090909090909091,
        "percentage_repeated_3-gram_in_summ": 0.031818181818181815
    }
}