{
    "DataStats": {
        "coverage": 0.9136363636363637,
        "density": 3.2409090909090907,
        "compression": 26.995454545454546,
        "summary_length": 220.0,
        "percentage_novel_1-gram": 0.14814814814814814,
        "percentage_repeated_1-gram_in_summ": 0.2740740740740741,
        "percentage_novel_2-gram": 0.47761194029850745,
        "percentage_repeated_2-gram_in_summ": 0.05472636815920398,
        "percentage_novel_3-gram": 0.7251184834123223,
        "percentage_repeated_3-gram_in_summ": 0.02843601895734597
    }
}