{
    "DataStats": {
        "coverage": 0.9369747899159664,
        "density": 2.508403361344538,
        "compression": 26.705882352941178,
        "summary_length": 238.0,
        "percentage_novel_1-gram": 0.12121212121212122,
        "percentage_repeated_1-gram_in_summ": 0.36363636363636365,
        "percentage_novel_2-gram": 0.5069767441860465,
        "percentage_repeated_2-gram_in_summ": 0.09302325581395349,
        "percentage_novel_3-gram": 0.7758620689655172,
        "percentage_repeated_3-gram_in_summ": 0.017241379310344827
    }
}