{
    "DataStats": {
        "coverage": 0.897119341563786,
        "density": 2.9300411522633745,
        "compression": 19.02880658436214,
        "summary_length": 243.0,
        "percentage_novel_1-gram": 0.15789473684210525,
        "percentage_repeated_1-gram_in_summ": 0.3157894736842105,
        "percentage_novel_2-gram": 0.5,
        "percentage_repeated_2-gram_in_summ": 0.14736842105263157,
        "percentage_novel_3-gram": 0.7395348837209302,
        "percentage_repeated_3-gram_in_summ": 0.07906976744186046
    }
}