{
    "DataStats": {
        "coverage": 0.8878923766816144,
        "density": 2.708520179372197,
        "compression": 27.99103139013453,
        "summary_length": 223.0,
        "percentage_novel_1-gram": 0.21138211382113822,
        "percentage_repeated_1-gram_in_summ": 0.2601626016260163,
        "percentage_novel_2-gram": 0.5,
        "percentage_repeated_2-gram_in_summ": 0.09183673469387756,
        "percentage_novel_3-gram": 0.7242990654205608,
        "percentage_repeated_3-gram_in_summ": 0.03271028037383177
    }
}