{
    "DataStats": {
        "coverage": 0.9216417910447762,
        "density": 3.1455223880597014,
        "compression": 20.37313432835821,
        "summary_length": 268.0,
        "percentage_novel_1-gram": 0.16030534351145037,
        "percentage_repeated_1-gram_in_summ": 0.33587786259541985,
        "percentage_novel_2-gram": 0.4577777777777778,
        "percentage_repeated_2-gram_in_summ": 0.12,
        "percentage_novel_3-gram": 0.7261904761904762,
        "percentage_repeated_3-gram_in_summ": 0.051587301587301584
    }
}