{
    "DataStats": {
        "coverage": 0.8922155688622755,
        "density": 2.3532934131736525,
        "compression": 27.29940119760479,
        "summary_length": 167.0,
        "percentage_novel_1-gram": 0.16883116883116883,
        "percentage_repeated_1-gram_in_summ": 0.45454545454545453,
        "percentage_novel_2-gram": 0.5220588235294118,
        "percentage_repeated_2-gram_in_summ": 0.17647058823529413,
        "percentage_novel_3-gram": 0.7610062893081762,
        "percentage_repeated_3-gram_in_summ": 0.03773584905660377
    }
}