{
    "DataStats": {
        "coverage": 0.9230769230769231,
        "density": 3.769230769230769,
        "compression": 21.926923076923078,
        "summary_length": 260.0,
        "percentage_novel_1-gram": 0.16666666666666666,
        "percentage_repeated_1-gram_in_summ": 0.36666666666666664,
        "percentage_novel_2-gram": 0.45,
        "percentage_repeated_2-gram_in_summ": 0.11363636363636363,
        "percentage_novel_3-gram": 0.710204081632653,
        "percentage_repeated_3-gram_in_summ": 0.044897959183673466
    }
}