{
    "DataStats": {
        "coverage": 0.873015873015873,
        "density": 2.5714285714285716,
        "compression": 15.936507936507937,
        "summary_length": 252.0,
        "percentage_novel_1-gram": 0.26153846153846155,
        "percentage_repeated_1-gram_in_summ": 0.33076923076923076,
        "percentage_novel_2-gram": 0.5794392523364486,
        "percentage_repeated_2-gram_in_summ": 0.1261682242990654,
        "percentage_novel_3-gram": 0.7907949790794979,
        "percentage_repeated_3-gram_in_summ": 0.03765690376569038
    }
}