{
    "DataStats": {
        "coverage": 0.8456375838926175,
        "density": 2.8322147651006713,
        "compression": 18.302013422818792,
        "summary_length": 149.0,
        "percentage_novel_1-gram": 0.24468085106382978,
        "percentage_repeated_1-gram_in_summ": 0.23404255319148937,
        "percentage_novel_2-gram": 0.5251798561151079,
        "percentage_repeated_2-gram_in_summ": 0.050359712230215826,
        "percentage_novel_3-gram": 0.7123287671232876,
        "percentage_repeated_3-gram_in_summ": 0.00684931506849315
    }
}