{
    "DataStats": {
        "coverage": 0.8723404255319149,
        "density": 1.7446808510638299,
        "compression": 30.01063829787234,
        "summary_length": 188.0,
        "percentage_novel_1-gram": 0.19047619047619047,
        "percentage_repeated_1-gram_in_summ": 0.23015873015873015,
        "percentage_novel_2-gram": 0.651685393258427,
        "percentage_repeated_2-gram_in_summ": 0.033707865168539325,
        "percentage_novel_3-gram": 0.8648648648648649,
        "percentage_repeated_3-gram_in_summ": 0.005405405405405406
    }
}