{
    "DataStats": {
        "coverage": 0.8874458874458875,
        "density": 2.6103896103896105,
        "compression": 17.58008658008658,
        "summary_length": 231.0,
        "percentage_novel_1-gram": 0.23577235772357724,
        "percentage_repeated_1-gram_in_summ": 0.2926829268292683,
        "percentage_novel_2-gram": 0.5687203791469194,
        "percentage_repeated_2-gram_in_summ": 0.061611374407582936,
        "percentage_novel_3-gram": 0.7743362831858407,
        "percentage_repeated_3-gram_in_summ": 0.01327433628318584
    }
}