{
    "DataStats": {
        "coverage": 0.9120370370370371,
        "density": 2.8564814814814814,
        "compression": 21.49537037037037,
        "summary_length": 216.0,
        "percentage_novel_1-gram": 0.175,
        "percentage_repeated_1-gram_in_summ": 0.26666666666666666,
        "percentage_novel_2-gram": 0.4574468085106383,
        "percentage_repeated_2-gram_in_summ": 0.09042553191489362,
        "percentage_novel_3-gram": 0.7326732673267327,
        "percentage_repeated_3-gram_in_summ": 0.039603960396039604
    }
}