{
    "DataStats": {
        "coverage": 0.8737864077669902,
        "density": 2.2427184466019416,
        "compression": 23.014563106796118,
        "summary_length": 206.0,
        "percentage_novel_1-gram": 0.25,
        "percentage_repeated_1-gram_in_summ": 0.26785714285714285,
        "percentage_novel_2-gram": 0.6145251396648045,
        "percentage_repeated_2-gram_in_summ": 0.08379888268156424,
        "percentage_novel_3-gram": 0.8010471204188482,
        "percentage_repeated_3-gram_in_summ": 0.041884816753926704
    }
}