{
    "DataStats": {
        "coverage": 0.9007936507936508,
        "density": 3.4087301587301586,
        "compression": 16.583333333333332,
        "summary_length": 252.0,
        "percentage_novel_1-gram": 0.22727272727272727,
        "percentage_repeated_1-gram_in_summ": 0.25757575757575757,
        "percentage_novel_2-gram": 0.5370370370370371,
        "percentage_repeated_2-gram_in_summ": 0.12037037037037036,
        "percentage_novel_3-gram": 0.7341772151898734,
        "percentage_repeated_3-gram_in_summ": 0.046413502109704644
    }
}