{
    "DataStats": {
        "coverage": 0.9,
        "density": 2.6625,
        "compression": 20.0125,
        "summary_length": 160.0,
        "percentage_novel_1-gram": 0.1702127659574468,
        "percentage_repeated_1-gram_in_summ": 0.2765957446808511,
        "percentage_novel_2-gram": 0.4896551724137931,
        "percentage_repeated_2-gram_in_summ": 0.08275862068965517,
        "percentage_novel_3-gram": 0.7096774193548387,
        "percentage_repeated_3-gram_in_summ": 0.01935483870967742
    }
}