{
    "DataStats": {
        "coverage": 0.8866666666666667,
        "density": 2.4066666666666667,
        "compression": 19.21,
        "summary_length": 300.0,
        "percentage_novel_1-gram": 0.20382165605095542,
        "percentage_repeated_1-gram_in_summ": 0.27388535031847133,
        "percentage_novel_2-gram": 0.5655430711610487,
        "percentage_repeated_2-gram_in_summ": 0.08239700374531835,
        "percentage_novel_3-gram": 0.7896551724137931,
        "percentage_repeated_3-gram_in_summ": 0.027586206896551724
    }
}