{
    "DataStats": {
        "coverage": 0.8620689655172413,
        "density": 1.9080459770114941,
        "compression": 15.172413793103448,
        "summary_length": 174.0,
        "percentage_novel_1-gram": 0.23469387755102042,
        "percentage_repeated_1-gram_in_summ": 0.32653061224489793,
        "percentage_novel_2-gram": 0.6,
        "percentage_repeated_2-gram_in_summ": 0.06875,
        "percentage_novel_3-gram": 0.8402366863905325,
        "percentage_repeated_3-gram_in_summ": 0.01775147928994083
    }
}