{
    "DataStats": {
        "coverage": 0.8617021276595744,
        "density": 2.393617021276596,
        "compression": 27.590425531914892,
        "summary_length": 188.0,
        "percentage_novel_1-gram": 0.23300970873786409,
        "percentage_repeated_1-gram_in_summ": 0.2912621359223301,
        "percentage_novel_2-gram": 0.5321637426900585,
        "percentage_repeated_2-gram_in_summ": 0.07602339181286549,
        "percentage_novel_3-gram": 0.8066298342541437,
        "percentage_repeated_3-gram_in_summ": 0.027624309392265192
    }
}