{
    "DataStats": {
        "coverage": 0.8947368421052632,
        "density": 2.3947368421052633,
        "compression": 28.29605263157895,
        "summary_length": 152.0,
        "percentage_novel_1-gram": 0.17346938775510204,
        "percentage_repeated_1-gram_in_summ": 0.23469387755102042,
        "percentage_novel_2-gram": 0.5524475524475524,
        "percentage_repeated_2-gram_in_summ": 0.04895104895104895,
        "percentage_novel_3-gram": 0.7959183673469388,
        "percentage_repeated_3-gram_in_summ": 0.02040816326530612
    }
}