{
    "DataStats": {
        "coverage": 0.9293478260869565,
        "density": 3.5489130434782608,
        "compression": 25.233695652173914,
        "summary_length": 184.0,
        "percentage_novel_1-gram": 0.13761467889908258,
        "percentage_repeated_1-gram_in_summ": 0.21100917431192662,
        "percentage_novel_2-gram": 0.40993788819875776,
        "percentage_repeated_2-gram_in_summ": 0.07453416149068323,
        "percentage_novel_3-gram": 0.6608187134502924,
        "percentage_repeated_3-gram_in_summ": 0.029239766081871343
    }
}