{
    "DataStats": {
        "coverage": 0.91005291005291,
        "density": 2.1587301587301586,
        "compression": 26.56084656084656,
        "summary_length": 189.0,
        "percentage_novel_1-gram": 0.14,
        "percentage_repeated_1-gram_in_summ": 0.35,
        "percentage_novel_2-gram": 0.5308641975308642,
        "percentage_repeated_2-gram_in_summ": 0.12345679012345678,
        "percentage_novel_3-gram": 0.8044692737430168,
        "percentage_repeated_3-gram_in_summ": 0.0446927374301676
    }
}