{
    "DataStats": {
        "coverage": 0.8985507246376812,
        "density": 3.63768115942029,
        "compression": 23.931159420289855,
        "summary_length": 276.0,
        "percentage_novel_1-gram": 0.18248175182481752,
        "percentage_repeated_1-gram_in_summ": 0.291970802919708,
        "percentage_novel_2-gram": 0.4534412955465587,
        "percentage_repeated_2-gram_in_summ": 0.08097165991902834,
        "percentage_novel_3-gram": 0.6804511278195489,
        "percentage_repeated_3-gram_in_summ": 0.022556390977443608
    }
}