{
    "DataStats": {
        "coverage": 0.9146341463414634,
        "density": 3.207317073170732,
        "compression": 28.26219512195122,
        "summary_length": 164.0,
        "percentage_novel_1-gram": 0.12745098039215685,
        "percentage_repeated_1-gram_in_summ": 0.2549019607843137,
        "percentage_novel_2-gram": 0.4358974358974359,
        "percentage_repeated_2-gram_in_summ": 0.04487179487179487,
        "percentage_novel_3-gram": 0.7267080745341615,
        "percentage_repeated_3-gram_in_summ": 0.006211180124223602
    }
}