{
    "DataStats": {
        "coverage": 0.8695652173913043,
        "density": 2.1826086956521737,
        "compression": 21.952173913043477,
        "summary_length": 230.0,
        "percentage_novel_1-gram": 0.26548672566371684,
        "percentage_repeated_1-gram_in_summ": 0.26548672566371684,
        "percentage_novel_2-gram": 0.6113989637305699,
        "percentage_repeated_2-gram_in_summ": 0.08808290155440414,
        "percentage_novel_3-gram": 0.8418604651162791,
        "percentage_repeated_3-gram_in_summ": 0.037209302325581395
    }
}