{
    "DataStats": {
        "coverage": 0.8712871287128713,
        "density": 2.0,
        "compression": 19.405940594059405,
        "summary_length": 202.0,
        "percentage_novel_1-gram": 0.20168067226890757,
        "percentage_repeated_1-gram_in_summ": 0.2857142857142857,
        "percentage_novel_2-gram": 0.6054054054054054,
        "percentage_repeated_2-gram_in_summ": 0.06486486486486487,
        "percentage_novel_3-gram": 0.8636363636363636,
        "percentage_repeated_3-gram_in_summ": 0.010101010101010102
    }
}