{
    "DataStats": {
        "coverage": 0.9269662921348315,
        "density": 2.848314606741573,
        "compression": 40.337078651685395,
        "summary_length": 178.0,
        "percentage_novel_1-gram": 0.1414141414141414,
        "percentage_repeated_1-gram_in_summ": 0.31313131313131315,
        "percentage_novel_2-gram": 0.4528301886792453,
        "percentage_repeated_2-gram_in_summ": 0.07547169811320754,
        "percentage_novel_3-gram": 0.735632183908046,
        "percentage_repeated_3-gram_in_summ": 0.005747126436781609
    }
}