{
    "DataStats": {
        "coverage": 0.8828125,
        "density": 2.15625,
        "compression": 27.69921875,
        "summary_length": 256.0,
        "percentage_novel_1-gram": 0.19130434782608696,
        "percentage_repeated_1-gram_in_summ": 0.3565217391304348,
        "percentage_novel_2-gram": 0.5522388059701493,
        "percentage_repeated_2-gram_in_summ": 0.15920398009950248,
        "percentage_novel_3-gram": 0.8232758620689655,
        "percentage_repeated_3-gram_in_summ": 0.0603448275862069
    }
}