{
    "DataStats": {
        "coverage": 0.8994974874371859,
        "density": 2.0251256281407035,
        "compression": 19.959798994974875,
        "summary_length": 199.0,
        "percentage_novel_1-gram": 0.22580645161290322,
        "percentage_repeated_1-gram_in_summ": 0.3333333333333333,
        "percentage_novel_2-gram": 0.643312101910828,
        "percentage_repeated_2-gram_in_summ": 0.1337579617834395,
        "percentage_novel_3-gram": 0.856353591160221,
        "percentage_repeated_3-gram_in_summ": 0.06077348066298342
    }
}