{
    "DataStats": {
        "coverage": 0.9038461538461539,
        "density": 2.8461538461538463,
        "compression": 26.576923076923077,
        "summary_length": 208.0,
        "percentage_novel_1-gram": 0.1557377049180328,
        "percentage_repeated_1-gram_in_summ": 0.22950819672131148,
        "percentage_novel_2-gram": 0.48936170212765956,
        "percentage_repeated_2-gram_in_summ": 0.07446808510638298,
        "percentage_novel_3-gram": 0.736318407960199,
        "percentage_repeated_3-gram_in_summ": 0.024875621890547265
    }
}