{
    "DataStats": {
        "coverage": 0.8878504672897196,
        "density": 2.8816199376947043,
        "compression": 19.934579439252335,
        "summary_length": 321.0,
        "percentage_novel_1-gram": 0.22535211267605634,
        "percentage_repeated_1-gram_in_summ": 0.34507042253521125,
        "percentage_novel_2-gram": 0.5910931174089069,
        "percentage_repeated_2-gram_in_summ": 0.15789473684210525,
        "percentage_novel_3-gram": 0.7964912280701755,
        "percentage_repeated_3-gram_in_summ": 0.07719298245614035
    }
}