{
    "DataStats": {
        "coverage": 0.8488888888888889,
        "density": 2.031111111111111,
        "compression": 11.28,
        "summary_length": 225.0,
        "percentage_novel_1-gram": 0.2619047619047619,
        "percentage_repeated_1-gram_in_summ": 0.2698412698412698,
        "percentage_novel_2-gram": 0.6138613861386139,
        "percentage_repeated_2-gram_in_summ": 0.07920792079207921,
        "percentage_novel_3-gram": 0.8194444444444444,
        "percentage_repeated_3-gram_in_summ": 0.027777777777777776
    }
}