{
    "DataStats": {
        "coverage": 0.9187817258883249,
        "density": 3.2944162436548226,
        "compression": 19.223350253807105,
        "summary_length": 197.0,
        "percentage_novel_1-gram": 0.1694915254237288,
        "percentage_repeated_1-gram_in_summ": 0.211864406779661,
        "percentage_novel_2-gram": 0.4748603351955307,
        "percentage_repeated_2-gram_in_summ": 0.055865921787709494,
        "percentage_novel_3-gram": 0.65625,
        "percentage_repeated_3-gram_in_summ": 0.010416666666666666
    }
}