{
    "DataStats": {
        "coverage": 0.864406779661017,
        "density": 2.2768361581920904,
        "compression": 32.77401129943503,
        "summary_length": 177.0,
        "percentage_novel_1-gram": 0.21,
        "percentage_repeated_1-gram_in_summ": 0.27,
        "percentage_novel_2-gram": 0.5548387096774193,
        "percentage_repeated_2-gram_in_summ": 0.10967741935483871,
        "percentage_novel_3-gram": 0.7891566265060241,
        "percentage_repeated_3-gram_in_summ": 0.04216867469879518
    }
}