{
    "DataStats": {
        "coverage": 0.8695652173913043,
        "density": 2.782608695652174,
        "compression": 28.985507246376812,
        "summary_length": 207.0,
        "percentage_novel_1-gram": 0.25925925925925924,
        "percentage_repeated_1-gram_in_summ": 0.3148148148148148,
        "percentage_novel_2-gram": 0.5371428571428571,
        "percentage_repeated_2-gram_in_summ": 0.11428571428571428,
        "percentage_novel_3-gram": 0.7216494845360825,
        "percentage_repeated_3-gram_in_summ": 0.04639175257731959
    }
}