{
    "DataStats": {
        "coverage": 0.9077669902912622,
        "density": 2.6262135922330097,
        "compression": 18.519417475728154,
        "summary_length": 206.0,
        "percentage_novel_1-gram": 0.16964285714285715,
        "percentage_repeated_1-gram_in_summ": 0.3392857142857143,
        "percentage_novel_2-gram": 0.49122807017543857,
        "percentage_repeated_2-gram_in_summ": 0.14035087719298245,
        "percentage_novel_3-gram": 0.783068783068783,
        "percentage_repeated_3-gram_in_summ": 0.0582010582010582
    }
}