{
    "DataStats": {
        "coverage": 0.8914285714285715,
        "density": 2.137142857142857,
        "compression": 24.6,
        "summary_length": 175.0,
        "percentage_novel_1-gram": 0.22549019607843138,
        "percentage_repeated_1-gram_in_summ": 0.27450980392156865,
        "percentage_novel_2-gram": 0.5796178343949044,
        "percentage_repeated_2-gram_in_summ": 0.07006369426751592,
        "percentage_novel_3-gram": 0.8452380952380952,
        "percentage_repeated_3-gram_in_summ": 0.023809523809523808
    }
}