{
    "DataStats": {
        "coverage": 0.9230769230769231,
        "density": 2.8803418803418803,
        "compression": 28.5,
        "summary_length": 234.0,
        "percentage_novel_1-gram": 0.168,
        "percentage_repeated_1-gram_in_summ": 0.24,
        "percentage_novel_2-gram": 0.4563106796116505,
        "percentage_repeated_2-gram_in_summ": 0.08737864077669903,
        "percentage_novel_3-gram": 0.7400881057268722,
        "percentage_repeated_3-gram_in_summ": 0.022026431718061675
    }
}