{
    "DataStats": {
        "coverage": 0.8947368421052632,
        "density": 2.91812865497076,
        "compression": 19.17543859649123,
        "summary_length": 171.0,
        "percentage_novel_1-gram": 0.2391304347826087,
        "percentage_repeated_1-gram_in_summ": 0.34782608695652173,
        "percentage_novel_2-gram": 0.49324324324324326,
        "percentage_repeated_2-gram_in_summ": 0.10135135135135136,
        "percentage_novel_3-gram": 0.76875,
        "percentage_repeated_3-gram_in_summ": 0.05
    }
}