{
    "DataStats": {
        "coverage": 0.8975609756097561,
        "density": 2.790243902439024,
        "compression": 29.28292682926829,
        "summary_length": 205.0,
        "percentage_novel_1-gram": 0.1588785046728972,
        "percentage_repeated_1-gram_in_summ": 0.34579439252336447,
        "percentage_novel_2-gram": 0.42045454545454547,
        "percentage_repeated_2-gram_in_summ": 0.09090909090909091,
        "percentage_novel_3-gram": 0.7253886010362695,
        "percentage_repeated_3-gram_in_summ": 0.031088082901554404
    }
}