{
    "DataStats": {
        "coverage": 0.8994974874371859,
        "density": 2.809045226130653,
        "compression": 21.241206030150753,
        "summary_length": 199.0,
        "percentage_novel_1-gram": 0.1774193548387097,
        "percentage_repeated_1-gram_in_summ": 0.25806451612903225,
        "percentage_novel_2-gram": 0.5401069518716578,
        "percentage_repeated_2-gram_in_summ": 0.058823529411764705,
        "percentage_novel_3-gram": 0.7538461538461538,
        "percentage_repeated_3-gram_in_summ": 0.010256410256410256
    }
}