{
    "DataStats": {
        "coverage": 0.9333333333333333,
        "density": 2.5866666666666664,
        "compression": 29.906666666666666,
        "summary_length": 225.0,
        "percentage_novel_1-gram": 0.1320754716981132,
        "percentage_repeated_1-gram_in_summ": 0.41509433962264153,
        "percentage_novel_2-gram": 0.4748603351955307,
        "percentage_repeated_2-gram_in_summ": 0.18435754189944134,
        "percentage_novel_3-gram": 0.7391304347826086,
        "percentage_repeated_3-gram_in_summ": 0.07246376811594203
    }
}