{
    "DataStats": {
        "coverage": 0.8826291079812206,
        "density": 2.892018779342723,
        "compression": 26.779342723004696,
        "summary_length": 213.0,
        "percentage_novel_1-gram": 0.18269230769230768,
        "percentage_repeated_1-gram_in_summ": 0.38461538461538464,
        "percentage_novel_2-gram": 0.4879518072289157,
        "percentage_repeated_2-gram_in_summ": 0.1746987951807229,
        "percentage_novel_3-gram": 0.7582417582417582,
        "percentage_repeated_3-gram_in_summ": 0.11538461538461539
    }
}