{
    "DataStats": {
        "coverage": 0.8853503184713376,
        "density": 2.426751592356688,
        "compression": 28.280254777070063,
        "summary_length": 157.0,
        "percentage_novel_1-gram": 0.19101123595505617,
        "percentage_repeated_1-gram_in_summ": 0.3146067415730337,
        "percentage_novel_2-gram": 0.5882352941176471,
        "percentage_repeated_2-gram_in_summ": 0.09558823529411764,
        "percentage_novel_3-gram": 0.8175675675675675,
        "percentage_repeated_3-gram_in_summ": 0.04054054054054054
    }
}