{
    "DataStats": {
        "coverage": 0.8666666666666667,
        "density": 3.036363636363636,
        "compression": 41.339393939393936,
        "summary_length": 165.0,
        "percentage_novel_1-gram": 0.1836734693877551,
        "percentage_repeated_1-gram_in_summ": 0.24489795918367346,
        "percentage_novel_2-gram": 0.5827814569536424,
        "percentage_repeated_2-gram_in_summ": 0.06622516556291391,
        "percentage_novel_3-gram": 0.7777777777777778,
        "percentage_repeated_3-gram_in_summ": 0.006172839506172839
    }
}