{
    "DataStats": {
        "coverage": 0.883495145631068,
        "density": 2.8058252427184467,
        "compression": 20.09223300970874,
        "summary_length": 206.0,
        "percentage_novel_1-gram": 0.2047244094488189,
        "percentage_repeated_1-gram_in_summ": 0.1968503937007874,
        "percentage_novel_2-gram": 0.5130890052356021,
        "percentage_repeated_2-gram_in_summ": 0.041884816753926704,
        "percentage_novel_3-gram": 0.7638190954773869,
        "percentage_repeated_3-gram_in_summ": 0.020100502512562814
    }
}