{
    "DataStats": {
        "coverage": 0.8823529411764706,
        "density": 2.872549019607843,
        "compression": 26.90686274509804,
        "summary_length": 204.0,
        "percentage_novel_1-gram": 0.20212765957446807,
        "percentage_repeated_1-gram_in_summ": 0.32978723404255317,
        "percentage_novel_2-gram": 0.43125,
        "percentage_repeated_2-gram_in_summ": 0.1875,
        "percentage_novel_3-gram": 0.7292817679558011,
        "percentage_repeated_3-gram_in_summ": 0.09392265193370165
    }
}