{
    "DataStats": {
        "coverage": 0.8744186046511628,
        "density": 3.2093023255813953,
        "compression": 12.716279069767442,
        "summary_length": 215.0,
        "percentage_novel_1-gram": 0.23728813559322035,
        "percentage_repeated_1-gram_in_summ": 0.3050847457627119,
        "percentage_novel_2-gram": 0.5873015873015873,
        "percentage_repeated_2-gram_in_summ": 0.09523809523809523,
        "percentage_novel_3-gram": 0.7438423645320197,
        "percentage_repeated_3-gram_in_summ": 0.04433497536945813
    }
}