{
    "DataStats": {
        "coverage": 0.8711656441717791,
        "density": 2.4662576687116564,
        "compression": 42.84662576687116,
        "summary_length": 163.0,
        "percentage_novel_1-gram": 0.23655913978494625,
        "percentage_repeated_1-gram_in_summ": 0.26881720430107525,
        "percentage_novel_2-gram": 0.5664335664335665,
        "percentage_repeated_2-gram_in_summ": 0.11888111888111888,
        "percentage_novel_3-gram": 0.7935483870967742,
        "percentage_repeated_3-gram_in_summ": 0.03225806451612903
    }
}