{
    "DataStats": {
        "coverage": 0.865,
        "density": 2.325,
        "compression": 33.25,
        "summary_length": 200.0,
        "percentage_novel_1-gram": 0.2641509433962264,
        "percentage_repeated_1-gram_in_summ": 0.3490566037735849,
        "percentage_novel_2-gram": 0.5393258426966292,
        "percentage_repeated_2-gram_in_summ": 0.09550561797752809,
        "percentage_novel_3-gram": 0.7772020725388601,
        "percentage_repeated_3-gram_in_summ": 0.025906735751295335
    }
}