{
    "DataStats": {
        "coverage": 0.9045454545454545,
        "density": 3.0954545454545452,
        "compression": 24.277272727272727,
        "summary_length": 220.0,
        "percentage_novel_1-gram": 0.19047619047619047,
        "percentage_repeated_1-gram_in_summ": 0.21428571428571427,
        "percentage_novel_2-gram": 0.5309278350515464,
        "percentage_repeated_2-gram_in_summ": 0.08247422680412371,
        "percentage_novel_3-gram": 0.7440758293838863,
        "percentage_repeated_3-gram_in_summ": 0.02843601895734597
    }
}