{
    "DataStats": {
        "coverage": 0.8511904761904762,
        "density": 2.4464285714285716,
        "compression": 18.047619047619047,
        "summary_length": 168.0,
        "percentage_novel_1-gram": 0.22916666666666666,
        "percentage_repeated_1-gram_in_summ": 0.2604166666666667,
        "percentage_novel_2-gram": 0.538961038961039,
        "percentage_repeated_2-gram_in_summ": 0.06493506493506493,
        "percentage_novel_3-gram": 0.774390243902439,
        "percentage_repeated_3-gram_in_summ": 0.012195121951219513
    }
}