{
    "DataStats": {
        "coverage": 0.859375,
        "density": 2.303125,
        "compression": 14.8375,
        "summary_length": 320.0,
        "percentage_novel_1-gram": 0.2894736842105263,
        "percentage_repeated_1-gram_in_summ": 0.28289473684210525,
        "percentage_novel_2-gram": 0.6074074074074074,
        "percentage_repeated_2-gram_in_summ": 0.1111111111111111,
        "percentage_novel_3-gram": 0.7814569536423841,
        "percentage_repeated_3-gram_in_summ": 0.046357615894039736
    }
}