{
    "DataStats": {
        "coverage": 0.8599033816425121,
        "density": 2.6280193236714977,
        "compression": 13.16425120772947,
        "summary_length": 207.0,
        "percentage_novel_1-gram": 0.2831858407079646,
        "percentage_repeated_1-gram_in_summ": 0.2920353982300885,
        "percentage_novel_2-gram": 0.5586592178770949,
        "percentage_repeated_2-gram_in_summ": 0.10614525139664804,
        "percentage_novel_3-gram": 0.7236180904522613,
        "percentage_repeated_3-gram_in_summ": 0.02512562814070352
    }
}