{
    "DataStats": {
        "coverage": 0.8541666666666666,
        "density": 3.53125,
        "compression": 29.338541666666668,
        "summary_length": 192.0,
        "percentage_novel_1-gram": 0.21818181818181817,
        "percentage_repeated_1-gram_in_summ": 0.24545454545454545,
        "percentage_novel_2-gram": 0.47904191616766467,
        "percentage_repeated_2-gram_in_summ": 0.08982035928143713,
        "percentage_novel_3-gram": 0.6944444444444444,
        "percentage_repeated_3-gram_in_summ": 0.044444444444444446
    }
}