{
    "DataStats": {
        "coverage": 0.8418604651162791,
        "density": 2.0790697674418603,
        "compression": 11.855813953488372,
        "summary_length": 215.0,
        "percentage_novel_1-gram": 0.24444444444444444,
        "percentage_repeated_1-gram_in_summ": 0.21481481481481482,
        "percentage_novel_2-gram": 0.64,
        "percentage_repeated_2-gram_in_summ": 0.05,
        "percentage_novel_3-gram": 0.8564593301435407,
        "percentage_repeated_3-gram_in_summ": 0.019138755980861243
    }
}