{
    "DataStats": {
        "coverage": 0.8652173913043478,
        "density": 2.4565217391304346,
        "compression": 25.917391304347827,
        "summary_length": 230.0,
        "percentage_novel_1-gram": 0.25663716814159293,
        "percentage_repeated_1-gram_in_summ": 0.34513274336283184,
        "percentage_novel_2-gram": 0.5683060109289617,
        "percentage_repeated_2-gram_in_summ": 0.18579234972677597,
        "percentage_novel_3-gram": 0.7815533980582524,
        "percentage_repeated_3-gram_in_summ": 0.0970873786407767
    }
}