{
    "DataStats": {
        "coverage": 0.876,
        "density": 2.556,
        "compression": 19.352,
        "summary_length": 250.0,
        "percentage_novel_1-gram": 0.19858156028368795,
        "percentage_repeated_1-gram_in_summ": 0.28368794326241137,
        "percentage_novel_2-gram": 0.5175438596491229,
        "percentage_repeated_2-gram_in_summ": 0.07456140350877193,
        "percentage_novel_3-gram": 0.7428571428571429,
        "percentage_repeated_3-gram_in_summ": 0.012244897959183673
    }
}