{
    "DataStats": {
        "coverage": 0.9096045197740112,
        "density": 3.1807909604519775,
        "compression": 18.305084745762713,
        "summary_length": 177.0,
        "percentage_novel_1-gram": 0.15306122448979592,
        "percentage_repeated_1-gram_in_summ": 0.3163265306122449,
        "percentage_novel_2-gram": 0.46540880503144655,
        "percentage_repeated_2-gram_in_summ": 0.09433962264150944,
        "percentage_novel_3-gram": 0.6705202312138728,
        "percentage_repeated_3-gram_in_summ": 0.011560693641618497
    }
}