{
    "DataStats": {
        "coverage": 0.9056603773584906,
        "density": 2.779874213836478,
        "compression": 42.9685534591195,
        "summary_length": 159.0,
        "percentage_novel_1-gram": 0.1595744680851064,
        "percentage_repeated_1-gram_in_summ": 0.2553191489361702,
        "percentage_novel_2-gram": 0.4513888888888889,
        "percentage_repeated_2-gram_in_summ": 0.08333333333333333,
        "percentage_novel_3-gram": 0.7307692307692307,
        "percentage_repeated_3-gram_in_summ": 0.00641025641025641
    }
}