{
    "DataStats": {
        "coverage": 0.8333333333333334,
        "density": 2.4743589743589745,
        "compression": 34.493589743589745,
        "summary_length": 156.0,
        "percentage_novel_1-gram": 0.23076923076923078,
        "percentage_repeated_1-gram_in_summ": 0.32051282051282054,
        "percentage_novel_2-gram": 0.525,
        "percentage_repeated_2-gram_in_summ": 0.16666666666666666,
        "percentage_novel_3-gram": 0.7727272727272727,
        "percentage_repeated_3-gram_in_summ": 0.10606060606060606
    }
}