{
    "DataStats": {
        "coverage": 0.9019607843137255,
        "density": 2.019607843137255,
        "compression": 12.004901960784315,
        "summary_length": 204.0,
        "percentage_novel_1-gram": 0.24761904761904763,
        "percentage_repeated_1-gram_in_summ": 0.29523809523809524,
        "percentage_novel_2-gram": 0.601123595505618,
        "percentage_repeated_2-gram_in_summ": 0.10112359550561797,
        "percentage_novel_3-gram": 0.8571428571428571,
        "percentage_repeated_3-gram_in_summ": 0.030612244897959183
    }
}