{
    "DataStats": {
        "coverage": 0.8571428571428571,
        "density": 2.2857142857142856,
        "compression": 20.422619047619047,
        "summary_length": 168.0,
        "percentage_novel_1-gram": 0.2523364485981308,
        "percentage_repeated_1-gram_in_summ": 0.2523364485981308,
        "percentage_novel_2-gram": 0.620253164556962,
        "percentage_repeated_2-gram_in_summ": 0.04430379746835443,
        "percentage_novel_3-gram": 0.803680981595092,
        "percentage_repeated_3-gram_in_summ": 0.012269938650306749
    }
}