{
    "DataStats": {
        "coverage": 0.8633540372670807,
        "density": 2.0559006211180124,
        "compression": 32.59627329192546,
        "summary_length": 161.0,
        "percentage_novel_1-gram": 0.21,
        "percentage_repeated_1-gram_in_summ": 0.24,
        "percentage_novel_2-gram": 0.5337837837837838,
        "percentage_repeated_2-gram_in_summ": 0.060810810810810814,
        "percentage_novel_3-gram": 0.8471337579617835,
        "percentage_repeated_3-gram_in_summ": 0.012738853503184714
    }
}