{
    "DataStats": {
        "coverage": 0.890625,
        "density": 2.6302083333333335,
        "compression": 31.40625,
        "summary_length": 192.0,
        "percentage_novel_1-gram": 0.18095238095238095,
        "percentage_repeated_1-gram_in_summ": 0.3047619047619048,
        "percentage_novel_2-gram": 0.47023809523809523,
        "percentage_repeated_2-gram_in_summ": 0.08928571428571429,
        "percentage_novel_3-gram": 0.7486338797814208,
        "percentage_repeated_3-gram_in_summ": 0.03278688524590164
    }
}