{
    "DataStats": {
        "coverage": 0.8785714285714286,
        "density": 2.092857142857143,
        "compression": 31.692857142857143,
        "summary_length": 140.0,
        "percentage_novel_1-gram": 0.225,
        "percentage_repeated_1-gram_in_summ": 0.275,
        "percentage_novel_2-gram": 0.6171875,
        "percentage_repeated_2-gram_in_summ": 0.0625,
        "percentage_novel_3-gram": 0.8148148148148148,
        "percentage_repeated_3-gram_in_summ": 0.022222222222222223
    }
}