{
    "DataStats": {
        "coverage": 0.9680851063829787,
        "density": 6.4361702127659575,
        "compression": 14.98936170212766,
        "summary_length": 282.0,
        "percentage_novel_1-gram": 0.0625,
        "percentage_repeated_1-gram_in_summ": 0.3402777777777778,
        "percentage_novel_2-gram": 0.276,
        "percentage_repeated_2-gram_in_summ": 0.088,
        "percentage_novel_3-gram": 0.46296296296296297,
        "percentage_repeated_3-gram_in_summ": 0.02962962962962963
    }
}