{
    "DataStats": {
        "coverage": 0.9652173913043478,
        "density": 3.739130434782609,
        "compression": 11.856521739130434,
        "summary_length": 230.0,
        "percentage_novel_1-gram": 0.08695652173913043,
        "percentage_repeated_1-gram_in_summ": 0.3826086956521739,
        "percentage_novel_2-gram": 0.3736842105263158,
        "percentage_repeated_2-gram_in_summ": 0.12105263157894737,
        "percentage_novel_3-gram": 0.6093023255813953,
        "percentage_repeated_3-gram_in_summ": 0.037209302325581395
    }
}