{
    "DataStats": {
        "coverage": 0.9315068493150684,
        "density": 4.511415525114155,
        "compression": 17.041095890410958,
        "summary_length": 219.0,
        "percentage_novel_1-gram": 0.12903225806451613,
        "percentage_repeated_1-gram_in_summ": 0.31451612903225806,
        "percentage_novel_2-gram": 0.35858585858585856,
        "percentage_repeated_2-gram_in_summ": 0.07575757575757576,
        "percentage_novel_3-gram": 0.5933014354066986,
        "percentage_repeated_3-gram_in_summ": 0.028708133971291867
    }
}