{
    "DataStats": {
        "coverage": 0.8938547486033519,
        "density": 2.3128491620111733,
        "compression": 25.893854748603353,
        "summary_length": 179.0,
        "percentage_novel_1-gram": 0.19090909090909092,
        "percentage_repeated_1-gram_in_summ": 0.22727272727272727,
        "percentage_novel_2-gram": 0.5454545454545454,
        "percentage_repeated_2-gram_in_summ": 0.06060606060606061,
        "percentage_novel_3-gram": 0.7988505747126436,
        "percentage_repeated_3-gram_in_summ": 0.017241379310344827
    }
}