{
    "DataStats": {
        "coverage": 0.9266666666666666,
        "density": 3.34,
        "compression": 22.016666666666666,
        "summary_length": 300.0,
        "percentage_novel_1-gram": 0.14012738853503184,
        "percentage_repeated_1-gram_in_summ": 0.29936305732484075,
        "percentage_novel_2-gram": 0.4980694980694981,
        "percentage_repeated_2-gram_in_summ": 0.10424710424710425,
        "percentage_novel_3-gram": 0.7328519855595668,
        "percentage_repeated_3-gram_in_summ": 0.05054151624548736
    }
}