{
    "DataStats": {
        "coverage": 0.9723502304147466,
        "density": 5.258064516129032,
        "compression": 31.253456221198157,
        "summary_length": 217.0,
        "percentage_novel_1-gram": 0.048,
        "percentage_repeated_1-gram_in_summ": 0.296,
        "percentage_novel_2-gram": 0.24873096446700507,
        "percentage_repeated_2-gram_in_summ": 0.08629441624365482,
        "percentage_novel_3-gram": 0.4803921568627451,
        "percentage_repeated_3-gram_in_summ": 0.05392156862745098
    }
}