{
    "DataStats": {
        "coverage": 0.9585635359116023,
        "density": 3.814917127071823,
        "compression": 16.574585635359117,
        "summary_length": 362.0,
        "percentage_novel_1-gram": 0.09815950920245399,
        "percentage_repeated_1-gram_in_summ": 0.3374233128834356,
        "percentage_novel_2-gram": 0.43042071197411,
        "percentage_repeated_2-gram_in_summ": 0.09385113268608414,
        "percentage_novel_3-gram": 0.6398809523809523,
        "percentage_repeated_3-gram_in_summ": 0.03869047619047619
    }
}