{
    "DataStats": {
        "coverage": 0.9120879120879121,
        "density": 2.567765567765568,
        "compression": 9.68131868131868,
        "summary_length": 273.0,
        "percentage_novel_1-gram": 0.1761006289308176,
        "percentage_repeated_1-gram_in_summ": 0.24528301886792453,
        "percentage_novel_2-gram": 0.5748031496062992,
        "percentage_repeated_2-gram_in_summ": 0.047244094488188976,
        "percentage_novel_3-gram": 0.797752808988764,
        "percentage_repeated_3-gram_in_summ": 0.011235955056179775
    }
}