{
    "DataStats": {
        "coverage": 0.9428571428571428,
        "density": 4.414285714285715,
        "compression": 14.475,
        "summary_length": 280.0,
        "percentage_novel_1-gram": 0.13013698630136986,
        "percentage_repeated_1-gram_in_summ": 0.3150684931506849,
        "percentage_novel_2-gram": 0.3510204081632653,
        "percentage_repeated_2-gram_in_summ": 0.08979591836734693,
        "percentage_novel_3-gram": 0.575187969924812,
        "percentage_repeated_3-gram_in_summ": 0.03383458646616541
    }
}