{
    "DataStats": {
        "coverage": 0.9557522123893806,
        "density": 4.911504424778761,
        "compression": 28.123893805309734,
        "summary_length": 226.0,
        "percentage_novel_1-gram": 0.08943089430894309,
        "percentage_repeated_1-gram_in_summ": 0.3089430894308943,
        "percentage_novel_2-gram": 0.30927835051546393,
        "percentage_repeated_2-gram_in_summ": 0.09278350515463918,
        "percentage_novel_3-gram": 0.5283018867924528,
        "percentage_repeated_3-gram_in_summ": 0.0330188679245283
    }
}