{
    "DataStats": {
        "coverage": 0.9471264367816092,
        "density": 3.4022988505747125,
        "compression": 13.11264367816092,
        "summary_length": 435.0,
        "percentage_novel_1-gram": 0.16071428571428573,
        "percentage_repeated_1-gram_in_summ": 0.4523809523809524,
        "percentage_novel_2-gram": 0.4652567975830816,
        "percentage_repeated_2-gram_in_summ": 0.1510574018126888,
        "percentage_novel_3-gram": 0.7396907216494846,
        "percentage_repeated_3-gram_in_summ": 0.05670103092783505
    }
}