{
    "DataStats": {
        "coverage": 0.9045643153526971,
        "density": 3.7344398340248963,
        "compression": 15.564315352697095,
        "summary_length": 241.0,
        "percentage_novel_1-gram": 0.2047244094488189,
        "percentage_repeated_1-gram_in_summ": 0.33070866141732286,
        "percentage_novel_2-gram": 0.4622222222222222,
        "percentage_repeated_2-gram_in_summ": 0.06222222222222222,
        "percentage_novel_3-gram": 0.6932773109243697,
        "percentage_repeated_3-gram_in_summ": 0.004201680672268907
    }
}