{
    "DataStats": {
        "coverage": 0.9383886255924171,
        "density": 3.7819905213270144,
        "compression": 23.928909952606634,
        "summary_length": 211.0,
        "percentage_novel_1-gram": 0.13793103448275862,
        "percentage_repeated_1-gram_in_summ": 0.3275862068965517,
        "percentage_novel_2-gram": 0.40425531914893614,
        "percentage_repeated_2-gram_in_summ": 0.07446808510638298,
        "percentage_novel_3-gram": 0.6368159203980099,
        "percentage_repeated_3-gram_in_summ": 0.024875621890547265
    }
}