{
    "DataStats": {
        "coverage": 0.906801007556675,
        "density": 3.4508816120906802,
        "compression": 9.6095717884131,
        "summary_length": 397.0,
        "percentage_novel_1-gram": 0.17582417582417584,
        "percentage_repeated_1-gram_in_summ": 0.32967032967032966,
        "percentage_novel_2-gram": 0.4662756598240469,
        "percentage_repeated_2-gram_in_summ": 0.11730205278592376,
        "percentage_novel_3-gram": 0.6853333333333333,
        "percentage_repeated_3-gram_in_summ": 0.048
    }
}