{
    "DataStats": {
        "coverage": 0.9438943894389439,
        "density": 2.9504950495049505,
        "compression": 21.75907590759076,
        "summary_length": 303.0,
        "percentage_novel_1-gram": 0.15568862275449102,
        "percentage_repeated_1-gram_in_summ": 0.2694610778443114,
        "percentage_novel_2-gram": 0.45985401459854014,
        "percentage_repeated_2-gram_in_summ": 0.06934306569343066,
        "percentage_novel_3-gram": 0.7689655172413793,
        "percentage_repeated_3-gram_in_summ": 0.03793103448275862
    }
}