{
    "DataStats": {
        "coverage": 0.9659863945578231,
        "density": 4.394557823129252,
        "compression": 9.612244897959183,
        "summary_length": 294.0,
        "percentage_novel_1-gram": 0.07547169811320754,
        "percentage_repeated_1-gram_in_summ": 0.3081761006289308,
        "percentage_novel_2-gram": 0.35039370078740156,
        "percentage_repeated_2-gram_in_summ": 0.10236220472440945,
        "percentage_novel_3-gram": 0.5806451612903226,
        "percentage_repeated_3-gram_in_summ": 0.03225806451612903
    }
}