{
    "DataStats": {
        "coverage": 0.976878612716763,
        "density": 4.479768786127168,
        "compression": 31.104046242774565,
        "summary_length": 173.0,
        "percentage_novel_1-gram": 0.05063291139240506,
        "percentage_repeated_1-gram_in_summ": 0.31645569620253167,
        "percentage_novel_2-gram": 0.33858267716535434,
        "percentage_repeated_2-gram_in_summ": 0.13385826771653545,
        "percentage_novel_3-gram": 0.5774647887323944,
        "percentage_repeated_3-gram_in_summ": 0.09154929577464789
    }
}