{
    "DataStats": {
        "coverage": 0.9097472924187726,
        "density": 5.436823104693141,
        "compression": 19.776173285198556,
        "summary_length": 277.0,
        "percentage_novel_1-gram": 0.2,
        "percentage_repeated_1-gram_in_summ": 0.24615384615384617,
        "percentage_novel_2-gram": 0.5093457943925234,
        "percentage_repeated_2-gram_in_summ": 0.1308411214953271,
        "percentage_novel_3-gram": 0.7125,
        "percentage_repeated_3-gram_in_summ": 0.0875
    }
}