{
    "DataStats": {
        "coverage": 0.9532710280373832,
        "density": 3.0031152647975077,
        "compression": 21.90342679127726,
        "summary_length": 321.0,
        "percentage_novel_1-gram": 0.09941520467836257,
        "percentage_repeated_1-gram_in_summ": 0.2807017543859649,
        "percentage_novel_2-gram": 0.3848797250859107,
        "percentage_repeated_2-gram_in_summ": 0.07560137457044673,
        "percentage_novel_3-gram": 0.7161290322580646,
        "percentage_repeated_3-gram_in_summ": 0.025806451612903226
    }
}