{
    "DataStats": {
        "coverage": 0.8729508196721312,
        "density": 2.9631147540983607,
        "compression": 16.639344262295083,
        "summary_length": 244.0,
        "percentage_novel_1-gram": 0.20491803278688525,
        "percentage_repeated_1-gram_in_summ": 0.319672131147541,
        "percentage_novel_2-gram": 0.4630541871921182,
        "percentage_repeated_2-gram_in_summ": 0.11330049261083744,
        "percentage_novel_3-gram": 0.6756756756756757,
        "percentage_repeated_3-gram_in_summ": 0.05855855855855856
    }
}