{
    "DataStats": {
        "coverage": 0.9761904761904762,
        "density": 9.423809523809524,
        "compression": 22.233333333333334,
        "summary_length": 210.0,
        "percentage_novel_1-gram": 0.03571428571428571,
        "percentage_repeated_1-gram_in_summ": 0.30357142857142855,
        "percentage_novel_2-gram": 0.21081081081081082,
        "percentage_repeated_2-gram_in_summ": 0.07567567567567568,
        "percentage_novel_3-gram": 0.44221105527638194,
        "percentage_repeated_3-gram_in_summ": 0.03015075376884422
    }
}