{
    "DataStats": {
        "coverage": 0.9404761904761905,
        "density": 2.5912698412698414,
        "compression": 22.623015873015873,
        "summary_length": 252.0,
        "percentage_novel_1-gram": 0.10344827586206896,
        "percentage_repeated_1-gram_in_summ": 0.27586206896551724,
        "percentage_novel_2-gram": 0.4678111587982833,
        "percentage_repeated_2-gram_in_summ": 0.06866952789699571,
        "percentage_novel_3-gram": 0.7741935483870968,
        "percentage_repeated_3-gram_in_summ": 0.008064516129032258
    }
}