{
    "DataStats": {
        "coverage": 0.9623287671232876,
        "density": 4.7020547945205475,
        "compression": 16.568493150684933,
        "summary_length": 292.0,
        "percentage_novel_1-gram": 0.09448818897637795,
        "percentage_repeated_1-gram_in_summ": 0.4330708661417323,
        "percentage_novel_2-gram": 0.31555555555555553,
        "percentage_repeated_2-gram_in_summ": 0.17333333333333334,
        "percentage_novel_3-gram": 0.5546875,
        "percentage_repeated_3-gram_in_summ": 0.0859375
    }
}