{
    "DataStats": {
        "coverage": 0.9606299212598425,
        "density": 10.755905511811024,
        "compression": 13.78740157480315,
        "summary_length": 254.0,
        "percentage_novel_1-gram": 0.10256410256410256,
        "percentage_repeated_1-gram_in_summ": 0.42735042735042733,
        "percentage_novel_2-gram": 0.36,
        "percentage_repeated_2-gram_in_summ": 0.17,
        "percentage_novel_3-gram": 0.5178571428571429,
        "percentage_repeated_3-gram_in_summ": 0.09375
    }
}