{
    "DataStats": {
        "coverage": 0.8714285714285714,
        "density": 2.1095238095238096,
        "compression": 13.576190476190476,
        "summary_length": 210.0,
        "percentage_novel_1-gram": 0.2248062015503876,
        "percentage_repeated_1-gram_in_summ": 0.2558139534883721,
        "percentage_novel_2-gram": 0.6030150753768844,
        "percentage_repeated_2-gram_in_summ": 0.04522613065326633,
        "percentage_novel_3-gram": 0.821256038647343,
        "percentage_repeated_3-gram_in_summ": 0.004830917874396135
    }
}