{
    "DataStats": {
        "coverage": 0.9748201438848921,
        "density": 7.672661870503597,
        "compression": 12.26978417266187,
        "summary_length": 278.0,
        "percentage_novel_1-gram": 0.06896551724137931,
        "percentage_repeated_1-gram_in_summ": 0.2620689655172414,
        "percentage_novel_2-gram": 0.3274336283185841,
        "percentage_repeated_2-gram_in_summ": 0.11061946902654868,
        "percentage_novel_3-gram": 0.5551181102362205,
        "percentage_repeated_3-gram_in_summ": 0.04330708661417323
    }
}