{
    "DataStats": {
        "coverage": 0.9457364341085271,
        "density": 3.3410852713178296,
        "compression": 24.22093023255814,
        "summary_length": 258.0,
        "percentage_novel_1-gram": 0.11538461538461539,
        "percentage_repeated_1-gram_in_summ": 0.2846153846153846,
        "percentage_novel_2-gram": 0.3926940639269406,
        "percentage_repeated_2-gram_in_summ": 0.1004566210045662,
        "percentage_novel_3-gram": 0.6446280991735537,
        "percentage_repeated_3-gram_in_summ": 0.0371900826446281
    }
}