{
    "DataStats": {
        "coverage": 0.9495412844036697,
        "density": 3.7752293577981653,
        "compression": 28.76605504587156,
        "summary_length": 218.0,
        "percentage_novel_1-gram": 0.088,
        "percentage_repeated_1-gram_in_summ": 0.328,
        "percentage_novel_2-gram": 0.45588235294117646,
        "percentage_repeated_2-gram_in_summ": 0.04411764705882353,
        "percentage_novel_3-gram": 0.6962616822429907,
        "percentage_repeated_3-gram_in_summ": 0.009345794392523364
    }
}