{
    "DataStats": {
        "coverage": 0.9885057471264368,
        "density": 9.344827586206897,
        "compression": 32.37356321839081,
        "summary_length": 174.0,
        "percentage_novel_1-gram": 0.022988505747126436,
        "percentage_repeated_1-gram_in_summ": 0.40229885057471265,
        "percentage_novel_2-gram": 0.22302158273381295,
        "percentage_repeated_2-gram_in_summ": 0.1510791366906475,
        "percentage_novel_3-gram": 0.4177215189873418,
        "percentage_repeated_3-gram_in_summ": 0.08227848101265822
    }
}