{
    "DataStats": {
        "coverage": 0.9851301115241635,
        "density": 6.680297397769516,
        "compression": 24.721189591078065,
        "summary_length": 269.0,
        "percentage_novel_1-gram": 0.0390625,
        "percentage_repeated_1-gram_in_summ": 0.296875,
        "percentage_novel_2-gram": 0.1762114537444934,
        "percentage_repeated_2-gram_in_summ": 0.10572687224669604,
        "percentage_novel_3-gram": 0.36328125,
        "percentage_repeated_3-gram_in_summ": 0.0390625
    }
}