{
    "DataStats": {
        "coverage": 0.9330357142857143,
        "density": 3.0669642857142856,
        "compression": 16.102678571428573,
        "summary_length": 224.0,
        "percentage_novel_1-gram": 0.13970588235294118,
        "percentage_repeated_1-gram_in_summ": 0.22794117647058823,
        "percentage_novel_2-gram": 0.5123152709359606,
        "percentage_repeated_2-gram_in_summ": 0.07389162561576355,
        "percentage_novel_3-gram": 0.7453703703703703,
        "percentage_repeated_3-gram_in_summ": 0.023148148148148147
    }
}