{
    "DataStats": {
        "coverage": 0.9180327868852459,
        "density": 4.016393442622951,
        "compression": 19.008196721311474,
        "summary_length": 244.0,
        "percentage_novel_1-gram": 0.14965986394557823,
        "percentage_repeated_1-gram_in_summ": 0.21768707482993196,
        "percentage_novel_2-gram": 0.4581497797356828,
        "percentage_repeated_2-gram_in_summ": 0.05726872246696035,
        "percentage_novel_3-gram": 0.6932773109243697,
        "percentage_repeated_3-gram_in_summ": 0.012605042016806723
    }
}