{
    "DataStats": {
        "coverage": 0.9512195121951219,
        "density": 2.967479674796748,
        "compression": 19.48780487804878,
        "summary_length": 123.0,
        "percentage_novel_1-gram": 0.09195402298850575,
        "percentage_repeated_1-gram_in_summ": 0.1839080459770115,
        "percentage_novel_2-gram": 0.4830508474576271,
        "percentage_repeated_2-gram_in_summ": 0.03389830508474576,
        "percentage_novel_3-gram": 0.7166666666666667,
        "percentage_repeated_3-gram_in_summ": 0.008333333333333333
    }
}