{
    "DataStats": {
        "coverage": 0.8623188405797102,
        "density": 2.369565217391304,
        "compression": 32.15217391304348,
        "summary_length": 138.0,
        "percentage_novel_1-gram": 0.19540229885057472,
        "percentage_repeated_1-gram_in_summ": 0.1724137931034483,
        "percentage_novel_2-gram": 0.5116279069767442,
        "percentage_repeated_2-gram_in_summ": 0.031007751937984496,
        "percentage_novel_3-gram": 0.8074074074074075,
        "percentage_repeated_3-gram_in_summ": 0.007407407407407408
    }
}