{
    "DataStats": {
        "coverage": 0.9664804469273743,
        "density": 5.960893854748603,
        "compression": 28.424581005586592,
        "summary_length": 179.0,
        "percentage_novel_1-gram": 0.05084745762711865,
        "percentage_repeated_1-gram_in_summ": 0.2627118644067797,
        "percentage_novel_2-gram": 0.36904761904761907,
        "percentage_repeated_2-gram_in_summ": 0.05357142857142857,
        "percentage_novel_3-gram": 0.6193181818181818,
        "percentage_repeated_3-gram_in_summ": 0.005681818181818182
    }
}