{
    "DataStats": {
        "coverage": 0.9562841530054644,
        "density": 5.038251366120218,
        "compression": 9.092896174863387,
        "summary_length": 366.0,
        "percentage_novel_1-gram": 0.12,
        "percentage_repeated_1-gram_in_summ": 0.3142857142857143,
        "percentage_novel_2-gram": 0.3935483870967742,
        "percentage_repeated_2-gram_in_summ": 0.0935483870967742,
        "percentage_novel_3-gram": 0.590778097982709,
        "percentage_repeated_3-gram_in_summ": 0.03170028818443804
    }
}