{
    "DataStats": {
        "coverage": 0.9771863117870723,
        "density": 9.144486692015208,
        "compression": 10.984790874524714,
        "summary_length": 263.0,
        "percentage_novel_1-gram": 0.08333333333333333,
        "percentage_repeated_1-gram_in_summ": 0.5,
        "percentage_novel_2-gram": 0.27380952380952384,
        "percentage_repeated_2-gram_in_summ": 0.30952380952380953,
        "percentage_novel_3-gram": 0.505,
        "percentage_repeated_3-gram_in_summ": 0.2
    }
}