{
    "DataStats": {
        "coverage": 0.8905660377358491,
        "density": 3.079245283018868,
        "compression": 8.520754716981132,
        "summary_length": 265.0,
        "percentage_novel_1-gram": 0.25210084033613445,
        "percentage_repeated_1-gram_in_summ": 0.40336134453781514,
        "percentage_novel_2-gram": 0.5126903553299492,
        "percentage_repeated_2-gram_in_summ": 0.2233502538071066,
        "percentage_novel_3-gram": 0.7168141592920354,
        "percentage_repeated_3-gram_in_summ": 0.12389380530973451
    }
}