{
    "DataStats": {
        "coverage": 0.9508196721311475,
        "density": 2.8278688524590163,
        "compression": 27.954918032786885,
        "summary_length": 244.0,
        "percentage_novel_1-gram": 0.096,
        "percentage_repeated_1-gram_in_summ": 0.36,
        "percentage_novel_2-gram": 0.4182692307692308,
        "percentage_repeated_2-gram_in_summ": 0.13942307692307693,
        "percentage_novel_3-gram": 0.7312775330396476,
        "percentage_repeated_3-gram_in_summ": 0.05286343612334802
    }
}