{
    "DataStats": {
        "coverage": 0.9344978165938864,
        "density": 2.3056768558951966,
        "compression": 30.471615720524017,
        "summary_length": 229.0,
        "percentage_novel_1-gram": 0.1357142857142857,
        "percentage_repeated_1-gram_in_summ": 0.22142857142857142,
        "percentage_novel_2-gram": 0.5509259259259259,
        "percentage_repeated_2-gram_in_summ": 0.05555555555555555,
        "percentage_novel_3-gram": 0.7955555555555556,
        "percentage_repeated_3-gram_in_summ": 0.008888888888888889
    }
}