{
    "DataStats": {
        "coverage": 0.9458333333333333,
        "density": 2.5708333333333333,
        "compression": 23.033333333333335,
        "summary_length": 240.0,
        "percentage_novel_1-gram": 0.10071942446043165,
        "percentage_repeated_1-gram_in_summ": 0.23741007194244604,
        "percentage_novel_2-gram": 0.4954128440366973,
        "percentage_repeated_2-gram_in_summ": 0.05504587155963303,
        "percentage_novel_3-gram": 0.7253218884120172,
        "percentage_repeated_3-gram_in_summ": 0.012875536480686695
    }
}