{
    "DataStats": {
        "coverage": 0.9057591623036649,
        "density": 2.9581151832460733,
        "compression": 23.225130890052355,
        "summary_length": 191.0,
        "percentage_novel_1-gram": 0.1782178217821782,
        "percentage_repeated_1-gram_in_summ": 0.3069306930693069,
        "percentage_novel_2-gram": 0.41139240506329117,
        "percentage_repeated_2-gram_in_summ": 0.12658227848101267,
        "percentage_novel_3-gram": 0.6263736263736264,
        "percentage_repeated_3-gram_in_summ": 0.03296703296703297
    }
}