{
    "DataStats": {
        "coverage": 0.9588014981273408,
        "density": 2.6591760299625467,
        "compression": 20.49063670411985,
        "summary_length": 267.0,
        "percentage_novel_1-gram": 0.0851063829787234,
        "percentage_repeated_1-gram_in_summ": 0.36879432624113473,
        "percentage_novel_2-gram": 0.46218487394957986,
        "percentage_repeated_2-gram_in_summ": 0.1092436974789916,
        "percentage_novel_3-gram": 0.7430830039525692,
        "percentage_repeated_3-gram_in_summ": 0.04743083003952569
    }
}