{
    "DataStats": {
        "coverage": 0.9300411522633745,
        "density": 2.7901234567901234,
        "compression": 19.106995884773664,
        "summary_length": 243.0,
        "percentage_novel_1-gram": 0.1349206349206349,
        "percentage_repeated_1-gram_in_summ": 0.29365079365079366,
        "percentage_novel_2-gram": 0.45754716981132076,
        "percentage_repeated_2-gram_in_summ": 0.10377358490566038,
        "percentage_novel_3-gram": 0.7368421052631579,
        "percentage_repeated_3-gram_in_summ": 0.043859649122807015
    }
}