{
    "DataStats": {
        "coverage": 0.9508196721311475,
        "density": 21.16393442622951,
        "compression": 11.770491803278688,
        "summary_length": 244.0,
        "percentage_novel_1-gram": 0.1271186440677966,
        "percentage_repeated_1-gram_in_summ": 0.2966101694915254,
        "percentage_novel_2-gram": 0.31521739130434784,
        "percentage_repeated_2-gram_in_summ": 0.13043478260869565,
        "percentage_novel_3-gram": 0.4326923076923077,
        "percentage_repeated_3-gram_in_summ": 0.07211538461538461
    }
}