{
    "DataStats": {
        "coverage": 0.9198606271777003,
        "density": 2.6411149825783973,
        "compression": 21.041811846689896,
        "summary_length": 287.0,
        "percentage_novel_1-gram": 0.15333333333333332,
        "percentage_repeated_1-gram_in_summ": 0.29333333333333333,
        "percentage_novel_2-gram": 0.42248062015503873,
        "percentage_repeated_2-gram_in_summ": 0.07364341085271318,
        "percentage_novel_3-gram": 0.7142857142857143,
        "percentage_repeated_3-gram_in_summ": 0.017857142857142856
    }
}