{
    "DataStats": {
        "coverage": 0.9761273209549072,
        "density": 9.920424403183024,
        "compression": 8.042440318302388,
        "summary_length": 377.0,
        "percentage_novel_1-gram": 0.0963855421686747,
        "percentage_repeated_1-gram_in_summ": 0.3313253012048193,
        "percentage_novel_2-gram": 0.2983050847457627,
        "percentage_repeated_2-gram_in_summ": 0.13898305084745763,
        "percentage_novel_3-gram": 0.4526627218934911,
        "percentage_repeated_3-gram_in_summ": 0.06804733727810651
    }
}