{
    "DataStats": {
        "coverage": 0.9473684210526315,
        "density": 4.081871345029239,
        "compression": 11.350877192982455,
        "summary_length": 342.0,
        "percentage_novel_1-gram": 0.11351351351351352,
        "percentage_repeated_1-gram_in_summ": 0.3027027027027027,
        "percentage_novel_2-gram": 0.37919463087248323,
        "percentage_repeated_2-gram_in_summ": 0.11409395973154363,
        "percentage_novel_3-gram": 0.6594427244582043,
        "percentage_repeated_3-gram_in_summ": 0.04953560371517028
    }
}