{
    "DataStats": {
        "coverage": 0.9545454545454546,
        "density": 13.475206611570249,
        "compression": 10.487603305785123,
        "summary_length": 242.0,
        "percentage_novel_1-gram": 0.08450704225352113,
        "percentage_repeated_1-gram_in_summ": 0.2112676056338028,
        "percentage_novel_2-gram": 0.2863636363636364,
        "percentage_repeated_2-gram_in_summ": 0.06363636363636363,
        "percentage_novel_3-gram": 0.4177215189873418,
        "percentage_repeated_3-gram_in_summ": 0.012658227848101266
    }
}