{
    "DataStats": {
        "coverage": 0.9342105263157895,
        "density": 3.3991228070175437,
        "compression": 20.280701754385966,
        "summary_length": 228.0,
        "percentage_novel_1-gram": 0.1271186440677966,
        "percentage_repeated_1-gram_in_summ": 0.3898305084745763,
        "percentage_novel_2-gram": 0.4072164948453608,
        "percentage_repeated_2-gram_in_summ": 0.12886597938144329,
        "percentage_novel_3-gram": 0.6650943396226415,
        "percentage_repeated_3-gram_in_summ": 0.05660377358490566
    }
}