{
    "DataStats": {
        "coverage": 0.9356223175965666,
        "density": 3.3047210300429186,
        "compression": 17.72961373390558,
        "summary_length": 233.0,
        "percentage_novel_1-gram": 0.15,
        "percentage_repeated_1-gram_in_summ": 0.3333333333333333,
        "percentage_novel_2-gram": 0.4449760765550239,
        "percentage_repeated_2-gram_in_summ": 0.0861244019138756,
        "percentage_novel_3-gram": 0.726457399103139,
        "percentage_repeated_3-gram_in_summ": 0.03587443946188341
    }
}