{
    "DataStats": {
        "coverage": 0.9395161290322581,
        "density": 2.399193548387097,
        "compression": 19.330645161290324,
        "summary_length": 248.0,
        "percentage_novel_1-gram": 0.11347517730496454,
        "percentage_repeated_1-gram_in_summ": 0.3191489361702128,
        "percentage_novel_2-gram": 0.5560344827586207,
        "percentage_repeated_2-gram_in_summ": 0.05603448275862069,
        "percentage_novel_3-gram": 0.823045267489712,
        "percentage_repeated_3-gram_in_summ": 0.012345679012345678
    }
}