{
    "DataStats": {
        "coverage": 0.9255813953488372,
        "density": 2.972093023255814,
        "compression": 21.595348837209304,
        "summary_length": 215.0,
        "percentage_novel_1-gram": 0.13675213675213677,
        "percentage_repeated_1-gram_in_summ": 0.29914529914529914,
        "percentage_novel_2-gram": 0.47619047619047616,
        "percentage_repeated_2-gram_in_summ": 0.08465608465608465,
        "percentage_novel_3-gram": 0.7227722772277227,
        "percentage_repeated_3-gram_in_summ": 0.0297029702970297
    }
}