{
    "DataStats": {
        "coverage": 0.9276315789473685,
        "density": 2.7960526315789473,
        "compression": 27.763157894736842,
        "summary_length": 152.0,
        "percentage_novel_1-gram": 0.1276595744680851,
        "percentage_repeated_1-gram_in_summ": 0.2978723404255319,
        "percentage_novel_2-gram": 0.49264705882352944,
        "percentage_repeated_2-gram_in_summ": 0.058823529411764705,
        "percentage_novel_3-gram": 0.7412587412587412,
        "percentage_repeated_3-gram_in_summ": 0.02097902097902098
    }
}