{
    "DataStats": {
        "coverage": 0.9347826086956522,
        "density": 3.652173913043478,
        "compression": 9.434782608695652,
        "summary_length": 276.0,
        "percentage_novel_1-gram": 0.15151515151515152,
        "percentage_repeated_1-gram_in_summ": 0.4318181818181818,
        "percentage_novel_2-gram": 0.45045045045045046,
        "percentage_repeated_2-gram_in_summ": 0.1891891891891892,
        "percentage_novel_3-gram": 0.68,
        "percentage_repeated_3-gram_in_summ": 0.08
    }
}