{
    "DataStats": {
        "coverage": 0.935064935064935,
        "density": 8.93939393939394,
        "compression": 6.086580086580087,
        "summary_length": 462.0,
        "percentage_novel_1-gram": 0.14537444933920704,
        "percentage_repeated_1-gram_in_summ": 0.31277533039647576,
        "percentage_novel_2-gram": 0.4583333333333333,
        "percentage_repeated_2-gram_in_summ": 0.08088235294117647,
        "percentage_novel_3-gram": 0.6357466063348416,
        "percentage_repeated_3-gram_in_summ": 0.027149321266968326
    }
}