{
    "DataStats": {
        "coverage": 0.9879227053140096,
        "density": 5.533816425120773,
        "compression": 10.72463768115942,
        "summary_length": 414.0,
        "percentage_novel_1-gram": 0.0625,
        "percentage_repeated_1-gram_in_summ": 0.3333333333333333,
        "percentage_novel_2-gram": 0.35294117647058826,
        "percentage_repeated_2-gram_in_summ": 0.10882352941176471,
        "percentage_novel_3-gram": 0.5404699738903395,
        "percentage_repeated_3-gram_in_summ": 0.04960835509138381
    }
}