{
    "DataStats": {
        "coverage": 0.9663551401869159,
        "density": 9.669158878504673,
        "compression": 8.951401869158879,
        "summary_length": 535.0,
        "percentage_novel_1-gram": 0.09473684210526316,
        "percentage_repeated_1-gram_in_summ": 0.38421052631578945,
        "percentage_novel_2-gram": 0.27197802197802196,
        "percentage_repeated_2-gram_in_summ": 0.23351648351648352,
        "percentage_novel_3-gram": 0.43488372093023253,
        "percentage_repeated_3-gram_in_summ": 0.13488372093023257
    }
}