{
    "DataStats": {
        "coverage": 0.9848484848484849,
        "density": 7.606060606060606,
        "compression": 41.13636363636363,
        "summary_length": 132.0,
        "percentage_novel_1-gram": 0.060240963855421686,
        "percentage_repeated_1-gram_in_summ": 0.30120481927710846,
        "percentage_novel_2-gram": 0.25203252032520324,
        "percentage_repeated_2-gram_in_summ": 0.06504065040650407,
        "percentage_novel_3-gram": 0.4263565891472868,
        "percentage_repeated_3-gram_in_summ": 0.007751937984496124
    }
}