{
    "DataStats": {
        "coverage": 0.9728260869565217,
        "density": 3.2119565217391304,
        "compression": 26.01086956521739,
        "summary_length": 184.0,
        "percentage_novel_1-gram": 0.06422018348623854,
        "percentage_repeated_1-gram_in_summ": 0.23853211009174313,
        "percentage_novel_2-gram": 0.4367816091954023,
        "percentage_repeated_2-gram_in_summ": 0.04597701149425287,
        "percentage_novel_3-gram": 0.6871508379888268,
        "percentage_repeated_3-gram_in_summ": 0.01675977653631285
    }
}