{
    "DataStats": {
        "coverage": 0.9361702127659575,
        "density": 3.0567375886524824,
        "compression": 12.358156028368795,
        "summary_length": 282.0,
        "percentage_novel_1-gram": 0.15827338129496402,
        "percentage_repeated_1-gram_in_summ": 0.28776978417266186,
        "percentage_novel_2-gram": 0.502127659574468,
        "percentage_repeated_2-gram_in_summ": 0.10212765957446808,
        "percentage_novel_3-gram": 0.7432950191570882,
        "percentage_repeated_3-gram_in_summ": 0.04597701149425287
    }
}