{
    "DataStats": {
        "coverage": 0.8761904761904762,
        "density": 3.041269841269841,
        "compression": 10.6,
        "summary_length": 315.0,
        "percentage_novel_1-gram": 0.2413793103448276,
        "percentage_repeated_1-gram_in_summ": 0.27011494252873564,
        "percentage_novel_2-gram": 0.5795053003533569,
        "percentage_repeated_2-gram_in_summ": 0.06713780918727916,
        "percentage_novel_3-gram": 0.8071895424836601,
        "percentage_repeated_3-gram_in_summ": 0.013071895424836602
    }
}