{
    "DataStats": {
        "coverage": 0.8798283261802575,
        "density": 2.3991416309012874,
        "compression": 20.90557939914163,
        "summary_length": 233.0,
        "percentage_novel_1-gram": 0.21804511278195488,
        "percentage_repeated_1-gram_in_summ": 0.21804511278195488,
        "percentage_novel_2-gram": 0.5495495495495496,
        "percentage_repeated_2-gram_in_summ": 0.02702702702702703,
        "percentage_novel_3-gram": 0.7878787878787878,
        "percentage_repeated_3-gram_in_summ": 0.0
    }
}