{
    "DataStats": {
        "coverage": 0.953125,
        "density": 2.8984375,
        "compression": 28.32421875,
        "summary_length": 256.0,
        "percentage_novel_1-gram": 0.0967741935483871,
        "percentage_repeated_1-gram_in_summ": 0.3790322580645161,
        "percentage_novel_2-gram": 0.36492890995260663,
        "percentage_repeated_2-gram_in_summ": 0.13270142180094788,
        "percentage_novel_3-gram": 0.648068669527897,
        "percentage_repeated_3-gram_in_summ": 0.06437768240343347
    }
}