{
    "DataStats": {
        "coverage": 0.8883928571428571,
        "density": 1.7901785714285714,
        "compression": 24.964285714285715,
        "summary_length": 224.0,
        "percentage_novel_1-gram": 0.1897810218978102,
        "percentage_repeated_1-gram_in_summ": 0.24817518248175183,
        "percentage_novel_2-gram": 0.5904761904761905,
        "percentage_repeated_2-gram_in_summ": 0.05714285714285714,
        "percentage_novel_3-gram": 0.8738738738738738,
        "percentage_repeated_3-gram_in_summ": 0.0
    }
}