{
    "DataStats": {
        "coverage": 0.946078431372549,
        "density": 3.053921568627451,
        "compression": 20.955882352941178,
        "summary_length": 204.0,
        "percentage_novel_1-gram": 0.14018691588785046,
        "percentage_repeated_1-gram_in_summ": 0.34579439252336447,
        "percentage_novel_2-gram": 0.4101123595505618,
        "percentage_repeated_2-gram_in_summ": 0.10112359550561797,
        "percentage_novel_3-gram": 0.6735751295336787,
        "percentage_repeated_3-gram_in_summ": 0.03626943005181347
    }
}