{
    "DataStats": {
        "coverage": 0.95,
        "density": 5.35,
        "compression": 11.697368421052632,
        "summary_length": 380.0,
        "percentage_novel_1-gram": 0.06818181818181818,
        "percentage_repeated_1-gram_in_summ": 0.38636363636363635,
        "percentage_novel_2-gram": 0.3424242424242424,
        "percentage_repeated_2-gram_in_summ": 0.10909090909090909,
        "percentage_novel_3-gram": 0.5552486187845304,
        "percentage_repeated_3-gram_in_summ": 0.03867403314917127
    }
}