{
    "DataStats": {
        "coverage": 0.9788732394366197,
        "density": 6.183098591549296,
        "compression": 11.408450704225352,
        "summary_length": 284.0,
        "percentage_novel_1-gram": 0.06349206349206349,
        "percentage_repeated_1-gram_in_summ": 0.42063492063492064,
        "percentage_novel_2-gram": 0.26180257510729615,
        "percentage_repeated_2-gram_in_summ": 0.17167381974248927,
        "percentage_novel_3-gram": 0.4942084942084942,
        "percentage_repeated_3-gram_in_summ": 0.08108108108108109
    }
}