{
    "DataStats": {
        "coverage": 0.9452054794520548,
        "density": 4.954337899543379,
        "compression": 14.972602739726028,
        "summary_length": 219.0,
        "percentage_novel_1-gram": 0.10619469026548672,
        "percentage_repeated_1-gram_in_summ": 0.3274336283185841,
        "percentage_novel_2-gram": 0.358695652173913,
        "percentage_repeated_2-gram_in_summ": 0.10869565217391304,
        "percentage_novel_3-gram": 0.5970149253731343,
        "percentage_repeated_3-gram_in_summ": 0.03980099502487562
    }
}