{
    "DataStats": {
        "coverage": 0.9169054441260746,
        "density": 2.8767908309455588,
        "compression": 9.595988538681949,
        "summary_length": 349.0,
        "percentage_novel_1-gram": 0.17708333333333334,
        "percentage_repeated_1-gram_in_summ": 0.22395833333333334,
        "percentage_novel_2-gram": 0.5266457680250783,
        "percentage_repeated_2-gram_in_summ": 0.06269592476489028,
        "percentage_novel_3-gram": 0.757396449704142,
        "percentage_repeated_3-gram_in_summ": 0.026627218934911243
    }
}