{
    "DataStats": {
        "coverage": 0.9151943462897526,
        "density": 7.989399293286219,
        "compression": 12.985865724381625,
        "summary_length": 283.0,
        "percentage_novel_1-gram": 0.17647058823529413,
        "percentage_repeated_1-gram_in_summ": 0.24183006535947713,
        "percentage_novel_2-gram": 0.41106719367588934,
        "percentage_repeated_2-gram_in_summ": 0.09881422924901186,
        "percentage_novel_3-gram": 0.6222222222222222,
        "percentage_repeated_3-gram_in_summ": 0.040740740740740744
    }
}