{
    "DataStats": {
        "coverage": 0.8837920489296636,
        "density": 1.72782874617737,
        "compression": 17.978593272171253,
        "summary_length": 327.0,
        "percentage_novel_1-gram": 0.19900497512437812,
        "percentage_repeated_1-gram_in_summ": 0.21890547263681592,
        "percentage_novel_2-gram": 0.6763754045307443,
        "percentage_repeated_2-gram_in_summ": 0.04854368932038835,
        "percentage_novel_3-gram": 0.9040247678018576,
        "percentage_repeated_3-gram_in_summ": 0.006191950464396285
    }
}