{
    "DataStats": {
        "coverage": 0.9224806201550387,
        "density": 4.6434108527131785,
        "compression": 11.833333333333334,
        "summary_length": 258.0,
        "percentage_novel_1-gram": 0.16964285714285715,
        "percentage_repeated_1-gram_in_summ": 0.36607142857142855,
        "percentage_novel_2-gram": 0.39593908629441626,
        "percentage_repeated_2-gram_in_summ": 0.20812182741116753,
        "percentage_novel_3-gram": 0.6086956521739131,
        "percentage_repeated_3-gram_in_summ": 0.1
    }
}