{
    "DataStats": {
        "coverage": 0.9421221864951769,
        "density": 4.607717041800643,
        "compression": 14.27331189710611,
        "summary_length": 311.0,
        "percentage_novel_1-gram": 0.12949640287769784,
        "percentage_repeated_1-gram_in_summ": 0.4028776978417266,
        "percentage_novel_2-gram": 0.41365461847389556,
        "percentage_repeated_2-gram_in_summ": 0.1646586345381526,
        "percentage_novel_3-gram": 0.628158844765343,
        "percentage_repeated_3-gram_in_summ": 0.09386281588447654
    }
}