{
    "DataStats": {
        "coverage": 0.9442622950819672,
        "density": 2.6491803278688524,
        "compression": 22.475409836065573,
        "summary_length": 305.0,
        "percentage_novel_1-gram": 0.125,
        "percentage_repeated_1-gram_in_summ": 0.3055555555555556,
        "percentage_novel_2-gram": 0.44106463878326996,
        "percentage_repeated_2-gram_in_summ": 0.10646387832699619,
        "percentage_novel_3-gram": 0.718213058419244,
        "percentage_repeated_3-gram_in_summ": 0.037800687285223365
    }
}