{
    "DataStats": {
        "coverage": 0.947103274559194,
        "density": 7.889168765743073,
        "compression": 8.35264483627204,
        "summary_length": 397.0,
        "percentage_novel_1-gram": 0.14705882352941177,
        "percentage_repeated_1-gram_in_summ": 0.4117647058823529,
        "percentage_novel_2-gram": 0.4307692307692308,
        "percentage_repeated_2-gram_in_summ": 0.1476923076923077,
        "percentage_novel_3-gram": 0.6521739130434783,
        "percentage_repeated_3-gram_in_summ": 0.057065217391304345
    }
}