{
    "DataStats": {
        "coverage": 0.9427083333333334,
        "density": 5.140625,
        "compression": 8.463541666666666,
        "summary_length": 384.0,
        "percentage_novel_1-gram": 0.1348314606741573,
        "percentage_repeated_1-gram_in_summ": 0.3089887640449438,
        "percentage_novel_2-gram": 0.3902439024390244,
        "percentage_repeated_2-gram_in_summ": 0.12804878048780488,
        "percentage_novel_3-gram": 0.6120218579234973,
        "percentage_repeated_3-gram_in_summ": 0.040983606557377046
    }
}