{
    "DataStats": {
        "coverage": 0.9327217125382263,
        "density": 3.434250764525994,
        "compression": 13.330275229357799,
        "summary_length": 327.0,
        "percentage_novel_1-gram": 0.16568047337278108,
        "percentage_repeated_1-gram_in_summ": 0.28994082840236685,
        "percentage_novel_2-gram": 0.4861111111111111,
        "percentage_repeated_2-gram_in_summ": 0.10416666666666667,
        "percentage_novel_3-gram": 0.6942675159235668,
        "percentage_repeated_3-gram_in_summ": 0.03503184713375796
    }
}