{
    "DataStats": {
        "coverage": 0.9220183486238532,
        "density": 3.68348623853211,
        "compression": 16.94495412844037,
        "summary_length": 218.0,
        "percentage_novel_1-gram": 0.14173228346456693,
        "percentage_repeated_1-gram_in_summ": 0.25984251968503935,
        "percentage_novel_2-gram": 0.42105263157894735,
        "percentage_repeated_2-gram_in_summ": 0.07368421052631578,
        "percentage_novel_3-gram": 0.6847290640394089,
        "percentage_repeated_3-gram_in_summ": 0.034482758620689655
    }
}