{
    "DataStats": {
        "coverage": 0.9273504273504274,
        "density": 2.9188034188034186,
        "compression": 23.20940170940171,
        "summary_length": 234.0,
        "percentage_novel_1-gram": 0.17475728155339806,
        "percentage_repeated_1-gram_in_summ": 0.3883495145631068,
        "percentage_novel_2-gram": 0.5,
        "percentage_repeated_2-gram_in_summ": 0.15104166666666666,
        "percentage_novel_3-gram": 0.7314814814814815,
        "percentage_repeated_3-gram_in_summ": 0.06018518518518518
    }
}