{
    "DataStats": {
        "coverage": 0.9269005847953217,
        "density": 9.798245614035087,
        "compression": 11.614035087719298,
        "summary_length": 342.0,
        "percentage_novel_1-gram": 0.14814814814814814,
        "percentage_repeated_1-gram_in_summ": 0.30246913580246915,
        "percentage_novel_2-gram": 0.302158273381295,
        "percentage_repeated_2-gram_in_summ": 0.12589928057553956,
        "percentage_novel_3-gram": 0.4794952681388013,
        "percentage_repeated_3-gram_in_summ": 0.05362776025236593
    }
}