{
    "DataStats": {
        "coverage": 0.9333333333333333,
        "density": 2.2476190476190476,
        "compression": 24.7,
        "summary_length": 210.0,
        "percentage_novel_1-gram": 0.125,
        "percentage_repeated_1-gram_in_summ": 0.2421875,
        "percentage_novel_2-gram": 0.45918367346938777,
        "percentage_repeated_2-gram_in_summ": 0.061224489795918366,
        "percentage_novel_3-gram": 0.8029556650246306,
        "percentage_repeated_3-gram_in_summ": 0.024630541871921183
    }
}