{
    "DataStats": {
        "coverage": 0.9514563106796117,
        "density": 5.022653721682848,
        "compression": 8.844660194174757,
        "summary_length": 309.0,
        "percentage_novel_1-gram": 0.09411764705882353,
        "percentage_repeated_1-gram_in_summ": 0.2647058823529412,
        "percentage_novel_2-gram": 0.4028776978417266,
        "percentage_repeated_2-gram_in_summ": 0.0683453237410072,
        "percentage_novel_3-gram": 0.5993377483443708,
        "percentage_repeated_3-gram_in_summ": 0.016556291390728478
    }
}