{
    "DataStats": {
        "coverage": 0.9736147757255936,
        "density": 11.733509234828496,
        "compression": 11.474934036939313,
        "summary_length": 379.0,
        "percentage_novel_1-gram": 0.07975460122699386,
        "percentage_repeated_1-gram_in_summ": 0.38650306748466257,
        "percentage_novel_2-gram": 0.23841059602649006,
        "percentage_repeated_2-gram_in_summ": 0.16887417218543047,
        "percentage_novel_3-gram": 0.4094955489614243,
        "percentage_repeated_3-gram_in_summ": 0.09495548961424333
    }
}