{
    "DataStats": {
        "coverage": 0.9247648902821317,
        "density": 6.222570532915361,
        "compression": 12.974921630094045,
        "summary_length": 319.0,
        "percentage_novel_1-gram": 0.15384615384615385,
        "percentage_repeated_1-gram_in_summ": 0.3717948717948718,
        "percentage_novel_2-gram": 0.3931297709923664,
        "percentage_repeated_2-gram_in_summ": 0.13740458015267176,
        "percentage_novel_3-gram": 0.5585284280936454,
        "percentage_repeated_3-gram_in_summ": 0.05016722408026756
    }
}